ordinal,fault_id,paired_fault_id,stuck_at,location_id,site_id,site_key,region,source_net,source_class,source_fanout,fanout_bucket,sink_instance,sink_cell_type,sink_pin,sink_role,stratum,result,screening_decision,xrun_exit_status,run_dir,xrun_log,signature_present,fault_json_present,fault_patch_present
1,BF0001_SA0,BF0001_SA1,0,BL00001,BS000004,cv32e40p_ff_one|g1227|C1,core_glue_sleep,first_one_o[4],combinational_output,7,5_8,g1227,OAI221_X1,C1,combinational_input,core_glue_sleep|combinational_output|5_8,OUTPUT_MATCH,LOCAL_PROBE_REQUIRED,0,/raid/spring2026/fwu44/research/fault2assertion/faults/cv32e40p/branchfault/BF0001_SA0/results/crc32/screen_seed20260729_mc2000000,/raid/spring2026/fwu44/research/fault2assertion/faults/cv32e40p/branchfault/BF0001_SA0/results/crc32/screen_seed20260729_mc2000000/xrun.log,True,True,True
2,BF0001_SA1,BF0001_SA0,1,BL00001,BS000004,cv32e40p_ff_one|g1227|C1,core_glue_sleep,first_one_o[4],combinational_output,7,5_8,g1227,OAI221_X1,C1,combinational_input,core_glue_sleep|combinational_output|5_8,OUTPUT_MATCH,LOCAL_PROBE_REQUIRED,0,/raid/spring2026/fwu44/research/fault2assertion/faults/cv32e40p/branchfault/BF0001_SA1/results/crc32/screen_seed20260729_mc2000000,/raid/spring2026/fwu44/research/fault2assertion/faults/cv32e40p/branchfault/BF0001_SA1/results/crc32/screen_seed20260729_mc2000000/xrun.log,True,True,True
3,BF0002_SA0,BF0002_SA1,0,BL00002,BS000006,cv32e40p_ff_one|g1234|A1,core_glue_sleep,first_one_o[4],combinational_output,7,5_8,g1234,NAND3_X1,A1,combinational_input,core_glue_sleep|combinational_output|5_8,OUTPUT_MATCH,LOCAL_PROBE_REQUIRED,0,/raid/spring2026/fwu44/research/fault2assertion/faults/cv32e40p/branchfault/BF0002_SA0/results/crc32/screen_seed20260729_mc2000000,/raid/spring2026/fwu44/research/fault2assertion/faults/cv32e40p/branchfault/BF0002_SA0/results/crc32/screen_seed20260729_mc2000000/xrun.log,True,True,True
4,BF0002_SA1,BF0002_SA0,1,BL00002,BS000006,cv32e40p_ff_one|g1234|A1,core_glue_sleep,first_one_o[4],combinational_output,7,5_8,g1234,NAND3_X1,A1,combinational_input,core_glue_sleep|combinational_output|5_8,OUTPUT_MATCH,LOCAL_PROBE_REQUIRED,0,/raid/spring2026/fwu44/research/fault2assertion/faults/cv32e40p/branchfault/BF0002_SA1/results/crc32/screen_seed20260729_mc2000000,/raid/spring2026/fwu44/research/fault2assertion/faults/cv32e40p/branchfault/BF0002_SA1/results/crc32/screen_seed20260729_mc2000000/xrun.log,True,True,True
5,BF0003_SA0,BF0003_SA1,0,BL00003,BS000008,cv32e40p_sleep_unit_COREV_CLUSTER0|g95|A1,core_glue_sleep,n_3,combinational_output,2,2,g95,AND2_X1,A1,combinational_input,core_glue_sleep|combinational_output|2,OUTPUT_MATCH,LOCAL_PROBE_REQUIRED,0,/raid/spring2026/fwu44/research/fault2assertion/faults/cv32e40p/branchfault/BF0003_SA0/results/crc32/screen_seed20260729_mc2000000,/raid/spring2026/fwu44/research/fault2assertion/faults/cv32e40p/branchfault/BF0003_SA0/results/crc32/screen_seed20260729_mc2000000/xrun.log,True,True,True
6,BF0003_SA1,BF0003_SA0,1,BL00003,BS000008,cv32e40p_sleep_unit_COREV_CLUSTER0|g95|A1,core_glue_sleep,n_3,combinational_output,2,2,g95,AND2_X1,A1,combinational_input,core_glue_sleep|combinational_output|2,OUTPUT_MATCH,LOCAL_PROBE_REQUIRED,0,/raid/spring2026/fwu44/research/fault2assertion/faults/cv32e40p/branchfault/BF0003_SA1/results/crc32/screen_seed20260729_mc2000000,/raid/spring2026/fwu44/research/fault2assertion/faults/cv32e40p/branchfault/BF0003_SA1/results/crc32/screen_seed20260729_mc2000000/xrun.log,True,True,True
7,BF0004_SA0,BF0004_SA1,0,BL00004,BS000009,cv32e40p_sleep_unit_COREV_CLUSTER0|g96|A1,core_glue_sleep,n_3,combinational_output,2,2,g96,NOR2_X1,A1,combinational_input,core_glue_sleep|combinational_output|2,OUTPUT_MATCH,LOCAL_PROBE_REQUIRED,0,/raid/spring2026/fwu44/research/fault2assertion/faults/cv32e40p/branchfault/BF0004_SA0/results/crc32/screen_seed20260729_mc2000000,/raid/spring2026/fwu44/research/fault2assertion/faults/cv32e40p/branchfault/BF0004_SA0/results/crc32/screen_seed20260729_mc2000000/xrun.log,True,True,True
8,BF0004_SA1,BF0004_SA0,1,BL00004,BS000009,cv32e40p_sleep_unit_COREV_CLUSTER0|g96|A1,core_glue_sleep,n_3,combinational_output,2,2,g96,NOR2_X1,A1,combinational_input,core_glue_sleep|combinational_output|2,OUTPUT_MATCH,LOCAL_PROBE_REQUIRED,0,/raid/spring2026/fwu44/research/fault2assertion/faults/cv32e40p/branchfault/BF0004_SA1/results/crc32/screen_seed20260729_mc2000000,/raid/spring2026/fwu44/research/fault2assertion/faults/cv32e40p/branchfault/BF0004_SA1/results/crc32/screen_seed20260729_mc2000000/xrun.log,True,True,True
9,BF0005_SA0,BF0005_SA1,0,BL00005,BS000048,cv32e40p_controller_COREV_CLUSTER0_COREV_PULP0_FPU0|g10634|A1,csr_debug,debug_running_o,sequential_output,2,2,g10634,NOR2_X1,A1,combinational_input,csr_debug|sequential_output|2,OUTPUT_MATCH,LOCAL_PROBE_REQUIRED,0,/raid/spring2026/fwu44/research/fault2assertion/faults/cv32e40p/branchfault/BF0005_SA0/results/crc32/screen_seed20260729_mc2000000,/raid/spring2026/fwu44/research/fault2assertion/faults/cv32e40p/branchfault/BF0005_SA0/results/crc32/screen_seed20260729_mc2000000/xrun.log,True,True,True
10,BF0005_SA1,BF0005_SA0,1,BL00005,BS000048,cv32e40p_controller_COREV_CLUSTER0_COREV_PULP0_FPU0|g10634|A1,csr_debug,debug_running_o,sequential_output,2,2,g10634,NOR2_X1,A1,combinational_input,csr_debug|sequential_output|2,OUTPUT_MATCH,LOCAL_PROBE_REQUIRED,0,/raid/spring2026/fwu44/research/fault2assertion/faults/cv32e40p/branchfault/BF0005_SA1/results/crc32/screen_seed20260729_mc2000000,/raid/spring2026/fwu44/research/fault2assertion/faults/cv32e40p/branchfault/BF0005_SA1/results/crc32/screen_seed20260729_mc2000000/xrun.log,True,True,True
11,BF0006_SA0,BF0006_SA1,0,BL00006,BS000077,cv32e40p_core_COREV_PULP0_COREV_CLUSTER0_FPU0_FPU_ADDMUL_LAT0_FPU_OTHERS_LAT0_ZFINX0_NUM_MHPMCOUNTERS1|g112|A2,csr_debug,mtvec_mode[0],hierarchy_boundary,5,5_8,g112,AND2_X1,A2,combinational_input,csr_debug|hierarchy_boundary|5_8,NOT_RUN,PENDING,,/raid/spring2026/fwu44/research/fault2assertion/faults/cv32e40p/branchfault/BF0006_SA0/results/crc32/screen_seed20260729_mc2000000,/raid/spring2026/fwu44/research/fault2assertion/faults/cv32e40p/branchfault/BF0006_SA0/results/crc32/screen_seed20260729_mc2000000/xrun.log,False,True,True
12,BF0006_SA1,BF0006_SA0,1,BL00006,BS000077,cv32e40p_core_COREV_PULP0_COREV_CLUSTER0_FPU0_FPU_ADDMUL_LAT0_FPU_OTHERS_LAT0_ZFINX0_NUM_MHPMCOUNTERS1|g112|A2,csr_debug,mtvec_mode[0],hierarchy_boundary,5,5_8,g112,AND2_X1,A2,combinational_input,csr_debug|hierarchy_boundary|5_8,NOT_RUN,PENDING,,/raid/spring2026/fwu44/research/fault2assertion/faults/cv32e40p/branchfault/BF0006_SA1/results/crc32/screen_seed20260729_mc2000000,/raid/spring2026/fwu44/research/fault2assertion/faults/cv32e40p/branchfault/BF0006_SA1/results/crc32/screen_seed20260729_mc2000000/xrun.log,False,True,True
13,BF0007_SA0,BF0007_SA1,0,BL00007,BS000396,cv32e40p_cs_registers_N_HWLP2_APU0_A_EXTENSION0_FPU0_ZFINX0_PULP_SECURE0_USE_PMP0_N_PMP_ENTRIES16_NUM_MHPMCOUNTERS1_COREV_PULP0_COREV_CLUSTER0_DEBUG_TRIGGER_EN1|\inc_add_1387_74_I3/g1651|A2,csr_debug,\inc_add_1387_74_I3/n_6,combinational_output,2,2,\inc_add_1387_74_I3/g1651,NOR2_X1,A2,combinational_input,csr_debug|combinational_output|2,NOT_RUN,PENDING,,/raid/spring2026/fwu44/research/fault2assertion/faults/cv32e40p/branchfault/BF0007_SA0/results/crc32/screen_seed20260729_mc2000000,/raid/spring2026/fwu44/research/fault2assertion/faults/cv32e40p/branchfault/BF0007_SA0/results/crc32/screen_seed20260729_mc2000000/xrun.log,False,True,True
14,BF0007_SA1,BF0007_SA0,1,BL00007,BS000396,cv32e40p_cs_registers_N_HWLP2_APU0_A_EXTENSION0_FPU0_ZFINX0_PULP_SECURE0_USE_PMP0_N_PMP_ENTRIES16_NUM_MHPMCOUNTERS1_COREV_PULP0_COREV_CLUSTER0_DEBUG_TRIGGER_EN1|\inc_add_1387_74_I3/g1651|A2,csr_debug,\inc_add_1387_74_I3/n_6,combinational_output,2,2,\inc_add_1387_74_I3/g1651,NOR2_X1,A2,combinational_input,csr_debug|combinational_output|2,NOT_RUN,PENDING,,/raid/spring2026/fwu44/research/fault2assertion/faults/cv32e40p/branchfault/BF0007_SA1/results/crc32/screen_seed20260729_mc2000000,/raid/spring2026/fwu44/research/fault2assertion/faults/cv32e40p/branchfault/BF0007_SA1/results/crc32/screen_seed20260729_mc2000000/xrun.log,False,True,True
15,BF0008_SA0,BF0008_SA1,0,BL00008,BS000415,cv32e40p_cs_registers_N_HWLP2_APU0_A_EXTENSION0_FPU0_ZFINX0_PULP_SECURE0_USE_PMP0_N_PMP_ENTRIES16_NUM_MHPMCOUNTERS1_COREV_PULP0_COREV_CLUSTER0_DEBUG_TRIGGER_EN1|\inc_add_1387_74_I3/g1626|A,csr_debug,\inc_add_1387_74_I3/n_90,combinational_output,2,2,\inc_add_1387_74_I3/g1626,XNOR2_X1,A,combinational_input,csr_debug|combinational_output|2,NOT_RUN,PENDING,,/raid/spring2026/fwu44/research/fault2assertion/faults/cv32e40p/branchfault/BF0008_SA0/results/crc32/screen_seed20260729_mc2000000,/raid/spring2026/fwu44/research/fault2assertion/faults/cv32e40p/branchfault/BF0008_SA0/results/crc32/screen_seed20260729_mc2000000/xrun.log,False,True,True
16,BF0008_SA1,BF0008_SA0,1,BL00008,BS000415,cv32e40p_cs_registers_N_HWLP2_APU0_A_EXTENSION0_FPU0_ZFINX0_PULP_SECURE0_USE_PMP0_N_PMP_ENTRIES16_NUM_MHPMCOUNTERS1_COREV_PULP0_COREV_CLUSTER0_DEBUG_TRIGGER_EN1|\inc_add_1387_74_I3/g1626|A,csr_debug,\inc_add_1387_74_I3/n_90,combinational_output,2,2,\inc_add_1387_74_I3/g1626,XNOR2_X1,A,combinational_input,csr_debug|combinational_output|2,NOT_RUN,PENDING,,/raid/spring2026/fwu44/research/fault2assertion/faults/cv32e40p/branchfault/BF0008_SA1/results/crc32/screen_seed20260729_mc2000000,/raid/spring2026/fwu44/research/fault2assertion/faults/cv32e40p/branchfault/BF0008_SA1/results/crc32/screen_seed20260729_mc2000000/xrun.log,False,True,True
17,BF0009_SA0,BF0009_SA1,0,BL00009,BS000434,cv32e40p_cs_registers_N_HWLP2_APU0_A_EXTENSION0_FPU0_ZFINX0_PULP_SECURE0_USE_PMP0_N_PMP_ENTRIES16_NUM_MHPMCOUNTERS1_COREV_PULP0_COREV_CLUSTER0_DEBUG_TRIGGER_EN1|\inc_add_1387_74_I4/g1616|A,csr_debug,\inc_add_1387_74_I4/n_100,combinational_output,2,2,\inc_add_1387_74_I4/g1616,XNOR2_X1,A,combinational_input,csr_debug|combinational_output|2,NOT_RUN,PENDING,,/raid/spring2026/fwu44/research/fault2assertion/faults/cv32e40p/branchfault/BF0009_SA0/results/crc32/screen_seed20260729_mc2000000,/raid/spring2026/fwu44/research/fault2assertion/faults/cv32e40p/branchfault/BF0009_SA0/results/crc32/screen_seed20260729_mc2000000/xrun.log,False,True,True
18,BF0009_SA1,BF0009_SA0,1,BL00009,BS000434,cv32e40p_cs_registers_N_HWLP2_APU0_A_EXTENSION0_FPU0_ZFINX0_PULP_SECURE0_USE_PMP0_N_PMP_ENTRIES16_NUM_MHPMCOUNTERS1_COREV_PULP0_COREV_CLUSTER0_DEBUG_TRIGGER_EN1|\inc_add_1387_74_I4/g1616|A,csr_debug,\inc_add_1387_74_I4/n_100,combinational_output,2,2,\inc_add_1387_74_I4/g1616,XNOR2_X1,A,combinational_input,csr_debug|combinational_output|2,NOT_RUN,PENDING,,/raid/spring2026/fwu44/research/fault2assertion/faults/cv32e40p/branchfault/BF0009_SA1/results/crc32/screen_seed20260729_mc2000000,/raid/spring2026/fwu44/research/fault2assertion/faults/cv32e40p/branchfault/BF0009_SA1/results/crc32/screen_seed20260729_mc2000000/xrun.log,False,True,True
19,BF0010_SA0,BF0010_SA1,0,BL00010,BS000463,cv32e40p_cs_registers_N_HWLP2_APU0_A_EXTENSION0_FPU0_ZFINX0_PULP_SECURE0_USE_PMP0_N_PMP_ENTRIES16_NUM_MHPMCOUNTERS1_COREV_PULP0_COREV_CLUSTER0_DEBUG_TRIGGER_EN1|\inc_add_1387_74_I4/g1586|A,csr_debug,\inc_add_1387_74_I4/n_134,combinational_output,2,2,\inc_add_1387_74_I4/g1586,XNOR2_X1,A,combinational_input,csr_debug|combinational_output|2,NOT_RUN,PENDING,,/raid/spring2026/fwu44/research/fault2assertion/faults/cv32e40p/branchfault/BF0010_SA0/results/crc32/screen_seed20260729_mc2000000,/raid/spring2026/fwu44/research/fault2assertion/faults/cv32e40p/branchfault/BF0010_SA0/results/crc32/screen_seed20260729_mc2000000/xrun.log,False,True,True
20,BF0010_SA1,BF0010_SA0,1,BL00010,BS000463,cv32e40p_cs_registers_N_HWLP2_APU0_A_EXTENSION0_FPU0_ZFINX0_PULP_SECURE0_USE_PMP0_N_PMP_ENTRIES16_NUM_MHPMCOUNTERS1_COREV_PULP0_COREV_CLUSTER0_DEBUG_TRIGGER_EN1|\inc_add_1387_74_I4/g1586|A,csr_debug,\inc_add_1387_74_I4/n_134,combinational_output,2,2,\inc_add_1387_74_I4/g1586,XNOR2_X1,A,combinational_input,csr_debug|combinational_output|2,NOT_RUN,PENDING,,/raid/spring2026/fwu44/research/fault2assertion/faults/cv32e40p/branchfault/BF0010_SA1/results/crc32/screen_seed20260729_mc2000000,/raid/spring2026/fwu44/research/fault2assertion/faults/cv32e40p/branchfault/BF0010_SA1/results/crc32/screen_seed20260729_mc2000000/xrun.log,False,True,True
21,BF0011_SA0,BF0011_SA1,0,BL00011,BS000476,cv32e40p_cs_registers_N_HWLP2_APU0_A_EXTENSION0_FPU0_ZFINX0_PULP_SECURE0_USE_PMP0_N_PMP_ENTRIES16_NUM_MHPMCOUNTERS1_COREV_PULP0_COREV_CLUSTER0_DEBUG_TRIGGER_EN1|\inc_add_1387_74_I4/g1728|A,csr_debug,\inc_add_1387_74_I4/n_19,combinational_output,2,2,\inc_add_1387_74_I4/g1728,INV_X1,A,combinational_input,csr_debug|combinational_output|2,NOT_RUN,PENDING,,/raid/spring2026/fwu44/research/fault2assertion/faults/cv32e40p/branchfault/BF0011_SA0/results/crc32/screen_seed20260729_mc2000000,/raid/spring2026/fwu44/research/fault2assertion/faults/cv32e40p/branchfault/BF0011_SA0/results/crc32/screen_seed20260729_mc2000000/xrun.log,False,True,True
22,BF0011_SA1,BF0011_SA0,1,BL00011,BS000476,cv32e40p_cs_registers_N_HWLP2_APU0_A_EXTENSION0_FPU0_ZFINX0_PULP_SECURE0_USE_PMP0_N_PMP_ENTRIES16_NUM_MHPMCOUNTERS1_COREV_PULP0_COREV_CLUSTER0_DEBUG_TRIGGER_EN1|\inc_add_1387_74_I4/g1728|A,csr_debug,\inc_add_1387_74_I4/n_19,combinational_output,2,2,\inc_add_1387_74_I4/g1728,INV_X1,A,combinational_input,csr_debug|combinational_output|2,NOT_RUN,PENDING,,/raid/spring2026/fwu44/research/fault2assertion/faults/cv32e40p/branchfault/BF0011_SA1/results/crc32/screen_seed20260729_mc2000000,/raid/spring2026/fwu44/research/fault2assertion/faults/cv32e40p/branchfault/BF0011_SA1/results/crc32/screen_seed20260729_mc2000000/xrun.log,False,True,True
23,BF0012_SA0,BF0012_SA1,0,BL00012,BS000528,cv32e40p_cs_registers_N_HWLP2_APU0_A_EXTENSION0_FPU0_ZFINX0_PULP_SECURE0_USE_PMP0_N_PMP_ENTRIES16_NUM_MHPMCOUNTERS1_COREV_PULP0_COREV_CLUSTER0_DEBUG_TRIGGER_EN1|\inc_add_1387_74_I4/g1666|A,csr_debug,\inc_add_1387_74_I4/n_74,combinational_output,2,2,\inc_add_1387_74_I4/g1666,INV_X1,A,combinational_input,csr_debug|combinational_output|2,NOT_RUN,PENDING,,/raid/spring2026/fwu44/research/fault2assertion/faults/cv32e40p/branchfault/BF0012_SA0/results/crc32/screen_seed20260729_mc2000000,/raid/spring2026/fwu44/research/fault2assertion/faults/cv32e40p/branchfault/BF0012_SA0/results/crc32/screen_seed20260729_mc2000000/xrun.log,False,True,True
24,BF0012_SA1,BF0012_SA0,1,BL00012,BS000528,cv32e40p_cs_registers_N_HWLP2_APU0_A_EXTENSION0_FPU0_ZFINX0_PULP_SECURE0_USE_PMP0_N_PMP_ENTRIES16_NUM_MHPMCOUNTERS1_COREV_PULP0_COREV_CLUSTER0_DEBUG_TRIGGER_EN1|\inc_add_1387_74_I4/g1666|A,csr_debug,\inc_add_1387_74_I4/n_74,combinational_output,2,2,\inc_add_1387_74_I4/g1666,INV_X1,A,combinational_input,csr_debug|combinational_output|2,NOT_RUN,PENDING,,/raid/spring2026/fwu44/research/fault2assertion/faults/cv32e40p/branchfault/BF0012_SA1/results/crc32/screen_seed20260729_mc2000000,/raid/spring2026/fwu44/research/fault2assertion/faults/cv32e40p/branchfault/BF0012_SA1/results/crc32/screen_seed20260729_mc2000000/xrun.log,False,True,True
25,BF0013_SA0,BF0013_SA1,0,BL00013,BS000540,cv32e40p_cs_registers_N_HWLP2_APU0_A_EXTENSION0_FPU0_ZFINX0_PULP_SECURE0_USE_PMP0_N_PMP_ENTRIES16_NUM_MHPMCOUNTERS1_COREV_PULP0_COREV_CLUSTER0_DEBUG_TRIGGER_EN1|\inc_add_1387_74_I4/g1652|A1,csr_debug,\inc_add_1387_74_I4/n_92,combinational_output,2,2,\inc_add_1387_74_I4/g1652,NAND2_X1,A1,combinational_input,csr_debug|combinational_output|2,NOT_RUN,PENDING,,/raid/spring2026/fwu44/research/fault2assertion/faults/cv32e40p/branchfault/BF0013_SA0/results/crc32/screen_seed20260729_mc2000000,/raid/spring2026/fwu44/research/fault2assertion/faults/cv32e40p/branchfault/BF0013_SA0/results/crc32/screen_seed20260729_mc2000000/xrun.log,False,True,True
26,BF0013_SA1,BF0013_SA0,1,BL00013,BS000540,cv32e40p_cs_registers_N_HWLP2_APU0_A_EXTENSION0_FPU0_ZFINX0_PULP_SECURE0_USE_PMP0_N_PMP_ENTRIES16_NUM_MHPMCOUNTERS1_COREV_PULP0_COREV_CLUSTER0_DEBUG_TRIGGER_EN1|\inc_add_1387_74_I4/g1652|A1,csr_debug,\inc_add_1387_74_I4/n_92,combinational_output,2,2,\inc_add_1387_74_I4/g1652,NAND2_X1,A1,combinational_input,csr_debug|combinational_output|2,NOT_RUN,PENDING,,/raid/spring2026/fwu44/research/fault2assertion/faults/cv32e40p/branchfault/BF0013_SA1/results/crc32/screen_seed20260729_mc2000000,/raid/spring2026/fwu44/research/fault2assertion/faults/cv32e40p/branchfault/BF0013_SA1/results/crc32/screen_seed20260729_mc2000000/xrun.log,False,True,True
27,BF0014_SA0,BF0014_SA1,0,BL00014,BS000583,cv32e40p_cs_registers_N_HWLP2_APU0_A_EXTENSION0_FPU0_ZFINX0_PULP_SECURE0_USE_PMP0_N_PMP_ENTRIES16_NUM_MHPMCOUNTERS1_COREV_PULP0_COREV_CLUSTER0_DEBUG_TRIGGER_EN1|g41444__1881|A2,csr_debug,\mhpmcounter_q[0] [15],sequential_output,4,3_4,g41444__1881,AOI22_X1,A2,combinational_input,csr_debug|sequential_output|3_4,NOT_RUN,PENDING,,/raid/spring2026/fwu44/research/fault2assertion/faults/cv32e40p/branchfault/BF0014_SA0/results/crc32/screen_seed20260729_mc2000000,/raid/spring2026/fwu44/research/fault2assertion/faults/cv32e40p/branchfault/BF0014_SA0/results/crc32/screen_seed20260729_mc2000000/xrun.log,False,True,True
28,BF0014_SA1,BF0014_SA0,1,BL00014,BS000583,cv32e40p_cs_registers_N_HWLP2_APU0_A_EXTENSION0_FPU0_ZFINX0_PULP_SECURE0_USE_PMP0_N_PMP_ENTRIES16_NUM_MHPMCOUNTERS1_COREV_PULP0_COREV_CLUSTER0_DEBUG_TRIGGER_EN1|g41444__1881|A2,csr_debug,\mhpmcounter_q[0] [15],sequential_output,4,3_4,g41444__1881,AOI22_X1,A2,combinational_input,csr_debug|sequential_output|3_4,NOT_RUN,PENDING,,/raid/spring2026/fwu44/research/fault2assertion/faults/cv32e40p/branchfault/BF0014_SA1/results/crc32/screen_seed20260729_mc2000000,/raid/spring2026/fwu44/research/fault2assertion/faults/cv32e40p/branchfault/BF0014_SA1/results/crc32/screen_seed20260729_mc2000000/xrun.log,False,True,True
29,BF0015_SA0,BF0015_SA1,0,BL00015,BS000588,cv32e40p_cs_registers_N_HWLP2_APU0_A_EXTENSION0_FPU0_ZFINX0_PULP_SECURE0_USE_PMP0_N_PMP_ENTRIES16_NUM_MHPMCOUNTERS1_COREV_PULP0_COREV_CLUSTER0_DEBUG_TRIGGER_EN1|g41445__5115|A2,csr_debug,\mhpmcounter_q[0] [16],sequential_output,5,5_8,g41445__5115,AOI22_X1,A2,combinational_input,csr_debug|sequential_output|5_8,NOT_RUN,PENDING,,/raid/spring2026/fwu44/research/fault2assertion/faults/cv32e40p/branchfault/BF0015_SA0/results/crc32/screen_seed20260729_mc2000000,/raid/spring2026/fwu44/research/fault2assertion/faults/cv32e40p/branchfault/BF0015_SA0/results/crc32/screen_seed20260729_mc2000000/xrun.log,False,True,True
30,BF0015_SA1,BF0015_SA0,1,BL00015,BS000588,cv32e40p_cs_registers_N_HWLP2_APU0_A_EXTENSION0_FPU0_ZFINX0_PULP_SECURE0_USE_PMP0_N_PMP_ENTRIES16_NUM_MHPMCOUNTERS1_COREV_PULP0_COREV_CLUSTER0_DEBUG_TRIGGER_EN1|g41445__5115|A2,csr_debug,\mhpmcounter_q[0] [16],sequential_output,5,5_8,g41445__5115,AOI22_X1,A2,combinational_input,csr_debug|sequential_output|5_8,NOT_RUN,PENDING,,/raid/spring2026/fwu44/research/fault2assertion/faults/cv32e40p/branchfault/BF0015_SA1/results/crc32/screen_seed20260729_mc2000000,/raid/spring2026/fwu44/research/fault2assertion/faults/cv32e40p/branchfault/BF0015_SA1/results/crc32/screen_seed20260729_mc2000000/xrun.log,False,True,True
31,BF0016_SA0,BF0016_SA1,0,BL00016,BS000672,cv32e40p_cs_registers_N_HWLP2_APU0_A_EXTENSION0_FPU0_ZFINX0_PULP_SECURE0_USE_PMP0_N_PMP_ENTRIES16_NUM_MHPMCOUNTERS1_COREV_PULP0_COREV_CLUSTER0_DEBUG_TRIGGER_EN1|g42391__1617|A1,csr_debug,\mhpmcounter_q[0] [32],sequential_output,5,5_8,g42391__1617,AOI222_X1,A1,combinational_input,csr_debug|sequential_output|5_8,NOT_RUN,PENDING,,/raid/spring2026/fwu44/research/fault2assertion/faults/cv32e40p/branchfault/BF0016_SA0/results/crc32/screen_seed20260729_mc2000000,/raid/spring2026/fwu44/research/fault2assertion/faults/cv32e40p/branchfault/BF0016_SA0/results/crc32/screen_seed20260729_mc2000000/xrun.log,False,True,True
32,BF0016_SA1,BF0016_SA0,1,BL00016,BS000672,cv32e40p_cs_registers_N_HWLP2_APU0_A_EXTENSION0_FPU0_ZFINX0_PULP_SECURE0_USE_PMP0_N_PMP_ENTRIES16_NUM_MHPMCOUNTERS1_COREV_PULP0_COREV_CLUSTER0_DEBUG_TRIGGER_EN1|g42391__1617|A1,csr_debug,\mhpmcounter_q[0] [32],sequential_output,5,5_8,g42391__1617,AOI222_X1,A1,combinational_input,csr_debug|sequential_output|5_8,NOT_RUN,PENDING,,/raid/spring2026/fwu44/research/fault2assertion/faults/cv32e40p/branchfault/BF0016_SA1/results/crc32/screen_seed20260729_mc2000000,/raid/spring2026/fwu44/research/fault2assertion/faults/cv32e40p/branchfault/BF0016_SA1/results/crc32/screen_seed20260729_mc2000000/xrun.log,False,True,True
33,BF0017_SA0,BF0017_SA1,0,BL00017,BS000805,cv32e40p_cs_registers_N_HWLP2_APU0_A_EXTENSION0_FPU0_ZFINX0_PULP_SECURE0_USE_PMP0_N_PMP_ENTRIES16_NUM_MHPMCOUNTERS1_COREV_PULP0_COREV_CLUSTER0_DEBUG_TRIGGER_EN1|\inc_add_1387_74_I1/g1576|B,csr_debug,\mhpmcounter_q[0] [59],sequential_output,4,3_4,\inc_add_1387_74_I1/g1576,XNOR2_X1,B,combinational_input,csr_debug|sequential_output|3_4,NOT_RUN,PENDING,,/raid/spring2026/fwu44/research/fault2assertion/faults/cv32e40p/branchfault/BF0017_SA0/results/crc32/screen_seed20260729_mc2000000,/raid/spring2026/fwu44/research/fault2assertion/faults/cv32e40p/branchfault/BF0017_SA0/results/crc32/screen_seed20260729_mc2000000/xrun.log,False,True,True
34,BF0017_SA1,BF0017_SA0,1,BL00017,BS000805,cv32e40p_cs_registers_N_HWLP2_APU0_A_EXTENSION0_FPU0_ZFINX0_PULP_SECURE0_USE_PMP0_N_PMP_ENTRIES16_NUM_MHPMCOUNTERS1_COREV_PULP0_COREV_CLUSTER0_DEBUG_TRIGGER_EN1|\inc_add_1387_74_I1/g1576|B,csr_debug,\mhpmcounter_q[0] [59],sequential_output,4,3_4,\inc_add_1387_74_I1/g1576,XNOR2_X1,B,combinational_input,csr_debug|sequential_output|3_4,NOT_RUN,PENDING,,/raid/spring2026/fwu44/research/fault2assertion/faults/cv32e40p/branchfault/BF0017_SA1/results/crc32/screen_seed20260729_mc2000000,/raid/spring2026/fwu44/research/fault2assertion/faults/cv32e40p/branchfault/BF0017_SA1/results/crc32/screen_seed20260729_mc2000000/xrun.log,False,True,True
35,BF0018_SA0,BF0018_SA1,0,BL00018,BS001031,cv32e40p_cs_registers_N_HWLP2_APU0_A_EXTENSION0_FPU0_ZFINX0_PULP_SECURE0_USE_PMP0_N_PMP_ENTRIES16_NUM_MHPMCOUNTERS1_COREV_PULP0_COREV_CLUSTER0_DEBUG_TRIGGER_EN1|g41003__5477|A2,csr_debug,\mhpmcounter_q[2] [45],sequential_output,5,5_8,g41003__5477,AOI22_X1,A2,combinational_input,csr_debug|sequential_output|5_8,NOT_RUN,PENDING,,/raid/spring2026/fwu44/research/fault2assertion/faults/cv32e40p/branchfault/BF0018_SA0/results/crc32/screen_seed20260729_mc2000000,/raid/spring2026/fwu44/research/fault2assertion/faults/cv32e40p/branchfault/BF0018_SA0/results/crc32/screen_seed20260729_mc2000000/xrun.log,False,True,True
36,BF0018_SA1,BF0018_SA0,1,BL00018,BS001031,cv32e40p_cs_registers_N_HWLP2_APU0_A_EXTENSION0_FPU0_ZFINX0_PULP_SECURE0_USE_PMP0_N_PMP_ENTRIES16_NUM_MHPMCOUNTERS1_COREV_PULP0_COREV_CLUSTER0_DEBUG_TRIGGER_EN1|g41003__5477|A2,csr_debug,\mhpmcounter_q[2] [45],sequential_output,5,5_8,g41003__5477,AOI22_X1,A2,combinational_input,csr_debug|sequential_output|5_8,NOT_RUN,PENDING,,/raid/spring2026/fwu44/research/fault2assertion/faults/cv32e40p/branchfault/BF0018_SA1/results/crc32/screen_seed20260729_mc2000000,/raid/spring2026/fwu44/research/fault2assertion/faults/cv32e40p/branchfault/BF0018_SA1/results/crc32/screen_seed20260729_mc2000000/xrun.log,False,True,True
37,BF0019_SA0,BF0019_SA1,0,BL00019,BS001035,cv32e40p_cs_registers_N_HWLP2_APU0_A_EXTENSION0_FPU0_ZFINX0_PULP_SECURE0_USE_PMP0_N_PMP_ENTRIES16_NUM_MHPMCOUNTERS1_COREV_PULP0_COREV_CLUSTER0_DEBUG_TRIGGER_EN1|\inc_add_1387_74_I3/g1739|A1,csr_debug,\mhpmcounter_q[2] [46],sequential_output,5,5_8,\inc_add_1387_74_I3/g1739,NAND4_X1,A1,combinational_input,csr_debug|sequential_output|5_8,NOT_RUN,PENDING,,/raid/spring2026/fwu44/research/fault2assertion/faults/cv32e40p/branchfault/BF0019_SA0/results/crc32/screen_seed20260729_mc2000000,/raid/spring2026/fwu44/research/fault2assertion/faults/cv32e40p/branchfault/BF0019_SA0/results/crc32/screen_seed20260729_mc2000000/xrun.log,False,True,True
38,BF0019_SA1,BF0019_SA0,1,BL00019,BS001035,cv32e40p_cs_registers_N_HWLP2_APU0_A_EXTENSION0_FPU0_ZFINX0_PULP_SECURE0_USE_PMP0_N_PMP_ENTRIES16_NUM_MHPMCOUNTERS1_COREV_PULP0_COREV_CLUSTER0_DEBUG_TRIGGER_EN1|\inc_add_1387_74_I3/g1739|A1,csr_debug,\mhpmcounter_q[2] [46],sequential_output,5,5_8,\inc_add_1387_74_I3/g1739,NAND4_X1,A1,combinational_input,csr_debug|sequential_output|5_8,NOT_RUN,PENDING,,/raid/spring2026/fwu44/research/fault2assertion/faults/cv32e40p/branchfault/BF0019_SA1/results/crc32/screen_seed20260729_mc2000000,/raid/spring2026/fwu44/research/fault2assertion/faults/cv32e40p/branchfault/BF0019_SA1/results/crc32/screen_seed20260729_mc2000000/xrun.log,False,True,True
39,BF0020_SA0,BF0020_SA1,0,BL00020,BS001126,cv32e40p_cs_registers_N_HWLP2_APU0_A_EXTENSION0_FPU0_ZFINX0_PULP_SECURE0_USE_PMP0_N_PMP_ENTRIES16_NUM_MHPMCOUNTERS1_COREV_PULP0_COREV_CLUSTER0_DEBUG_TRIGGER_EN1|g41085__7410|A2,csr_debug,\mhpmcounter_q[2] [6],sequential_output,5,5_8,g41085__7410,AOI22_X1,A2,combinational_input,csr_debug|sequential_output|5_8,NOT_RUN,PENDING,,/raid/spring2026/fwu44/research/fault2assertion/faults/cv32e40p/branchfault/BF0020_SA0/results/crc32/screen_seed20260729_mc2000000,/raid/spring2026/fwu44/research/fault2assertion/faults/cv32e40p/branchfault/BF0020_SA0/results/crc32/screen_seed20260729_mc2000000/xrun.log,False,True,True
40,BF0020_SA1,BF0020_SA0,1,BL00020,BS001126,cv32e40p_cs_registers_N_HWLP2_APU0_A_EXTENSION0_FPU0_ZFINX0_PULP_SECURE0_USE_PMP0_N_PMP_ENTRIES16_NUM_MHPMCOUNTERS1_COREV_PULP0_COREV_CLUSTER0_DEBUG_TRIGGER_EN1|g41085__7410|A2,csr_debug,\mhpmcounter_q[2] [6],sequential_output,5,5_8,g41085__7410,AOI22_X1,A2,combinational_input,csr_debug|sequential_output|5_8,NOT_RUN,PENDING,,/raid/spring2026/fwu44/research/fault2assertion/faults/cv32e40p/branchfault/BF0020_SA1/results/crc32/screen_seed20260729_mc2000000,/raid/spring2026/fwu44/research/fault2assertion/faults/cv32e40p/branchfault/BF0020_SA1/results/crc32/screen_seed20260729_mc2000000/xrun.log,False,True,True
41,BF0021_SA0,BF0021_SA1,0,BL00021,BS001239,cv32e40p_cs_registers_N_HWLP2_APU0_A_EXTENSION0_FPU0_ZFINX0_PULP_SECURE0_USE_PMP0_N_PMP_ENTRIES16_NUM_MHPMCOUNTERS1_COREV_PULP0_COREV_CLUSTER0_DEBUG_TRIGGER_EN1|\inc_add_1387_74_I4/g1675|A2,csr_debug,\mhpmcounter_q[3] [29],sequential_output,4,3_4,\inc_add_1387_74_I4/g1675,NAND2_X1,A2,combinational_input,csr_debug|sequential_output|3_4,NOT_RUN,PENDING,,/raid/spring2026/fwu44/research/fault2assertion/faults/cv32e40p/branchfault/BF0021_SA0/results/crc32/screen_seed20260729_mc2000000,/raid/spring2026/fwu44/research/fault2assertion/faults/cv32e40p/branchfault/BF0021_SA0/results/crc32/screen_seed20260729_mc2000000/xrun.log,False,True,True
42,BF0021_SA1,BF0021_SA0,1,BL00021,BS001239,cv32e40p_cs_registers_N_HWLP2_APU0_A_EXTENSION0_FPU0_ZFINX0_PULP_SECURE0_USE_PMP0_N_PMP_ENTRIES16_NUM_MHPMCOUNTERS1_COREV_PULP0_COREV_CLUSTER0_DEBUG_TRIGGER_EN1|\inc_add_1387_74_I4/g1675|A2,csr_debug,\mhpmcounter_q[3] [29],sequential_output,4,3_4,\inc_add_1387_74_I4/g1675,NAND2_X1,A2,combinational_input,csr_debug|sequential_output|3_4,NOT_RUN,PENDING,,/raid/spring2026/fwu44/research/fault2assertion/faults/cv32e40p/branchfault/BF0021_SA1/results/crc32/screen_seed20260729_mc2000000,/raid/spring2026/fwu44/research/fault2assertion/faults/cv32e40p/branchfault/BF0021_SA1/results/crc32/screen_seed20260729_mc2000000/xrun.log,False,True,True
43,BF0022_SA0,BF0022_SA1,0,BL00022,BS001252,cv32e40p_cs_registers_N_HWLP2_APU0_A_EXTENSION0_FPU0_ZFINX0_PULP_SECURE0_USE_PMP0_N_PMP_ENTRIES16_NUM_MHPMCOUNTERS1_COREV_PULP0_COREV_CLUSTER0_DEBUG_TRIGGER_EN1|\inc_add_1387_74_I4/g1635|B,csr_debug,\mhpmcounter_q[3] [31],sequential_output,4,3_4,\inc_add_1387_74_I4/g1635,XNOR2_X1,B,combinational_input,csr_debug|sequential_output|3_4,NOT_RUN,PENDING,,/raid/spring2026/fwu44/research/fault2assertion/faults/cv32e40p/branchfault/BF0022_SA0/results/crc32/screen_seed20260729_mc2000000,/raid/spring2026/fwu44/research/fault2assertion/faults/cv32e40p/branchfault/BF0022_SA0/results/crc32/screen_seed20260729_mc2000000/xrun.log,False,True,True
44,BF0022_SA1,BF0022_SA0,1,BL00022,BS001252,cv32e40p_cs_registers_N_HWLP2_APU0_A_EXTENSION0_FPU0_ZFINX0_PULP_SECURE0_USE_PMP0_N_PMP_ENTRIES16_NUM_MHPMCOUNTERS1_COREV_PULP0_COREV_CLUSTER0_DEBUG_TRIGGER_EN1|\inc_add_1387_74_I4/g1635|B,csr_debug,\mhpmcounter_q[3] [31],sequential_output,4,3_4,\inc_add_1387_74_I4/g1635,XNOR2_X1,B,combinational_input,csr_debug|sequential_output|3_4,NOT_RUN,PENDING,,/raid/spring2026/fwu44/research/fault2assertion/faults/cv32e40p/branchfault/BF0022_SA1/results/crc32/screen_seed20260729_mc2000000,/raid/spring2026/fwu44/research/fault2assertion/faults/cv32e40p/branchfault/BF0022_SA1/results/crc32/screen_seed20260729_mc2000000/xrun.log,False,True,True
45,BF0023_SA0,BF0023_SA1,0,BL00023,BS001366,cv32e40p_cs_registers_N_HWLP2_APU0_A_EXTENSION0_FPU0_ZFINX0_PULP_SECURE0_USE_PMP0_N_PMP_ENTRIES16_NUM_MHPMCOUNTERS1_COREV_PULP0_COREV_CLUSTER0_DEBUG_TRIGGER_EN1|\inc_add_1387_74_I4/g1744|A3,csr_debug,\mhpmcounter_q[3] [53],sequential_output,5,5_8,\inc_add_1387_74_I4/g1744,AND4_X1,A3,combinational_input,csr_debug|sequential_output|5_8,NOT_RUN,PENDING,,/raid/spring2026/fwu44/research/fault2assertion/faults/cv32e40p/branchfault/BF0023_SA0/results/crc32/screen_seed20260729_mc2000000,/raid/spring2026/fwu44/research/fault2assertion/faults/cv32e40p/branchfault/BF0023_SA0/results/crc32/screen_seed20260729_mc2000000/xrun.log,False,True,True
46,BF0023_SA1,BF0023_SA0,1,BL00023,BS001366,cv32e40p_cs_registers_N_HWLP2_APU0_A_EXTENSION0_FPU0_ZFINX0_PULP_SECURE0_USE_PMP0_N_PMP_ENTRIES16_NUM_MHPMCOUNTERS1_COREV_PULP0_COREV_CLUSTER0_DEBUG_TRIGGER_EN1|\inc_add_1387_74_I4/g1744|A3,csr_debug,\mhpmcounter_q[3] [53],sequential_output,5,5_8,\inc_add_1387_74_I4/g1744,AND4_X1,A3,combinational_input,csr_debug|sequential_output|5_8,NOT_RUN,PENDING,,/raid/spring2026/fwu44/research/fault2assertion/faults/cv32e40p/branchfault/BF0023_SA1/results/crc32/screen_seed20260729_mc2000000,/raid/spring2026/fwu44/research/fault2assertion/faults/cv32e40p/branchfault/BF0023_SA1/results/crc32/screen_seed20260729_mc2000000/xrun.log,False,True,True
47,BF0024_SA0,BF0024_SA1,0,BL00024,BS001391,cv32e40p_cs_registers_N_HWLP2_APU0_A_EXTENSION0_FPU0_ZFINX0_PULP_SECURE0_USE_PMP0_N_PMP_ENTRIES16_NUM_MHPMCOUNTERS1_COREV_PULP0_COREV_CLUSTER0_DEBUG_TRIGGER_EN1|g40979__4319|A2,csr_debug,\mhpmcounter_q[3] [58],sequential_output,5,5_8,g40979__4319,AOI22_X1,A2,combinational_input,csr_debug|sequential_output|5_8,NOT_RUN,PENDING,,/raid/spring2026/fwu44/research/fault2assertion/faults/cv32e40p/branchfault/BF0024_SA0/results/crc32/screen_seed20260729_mc2000000,/raid/spring2026/fwu44/research/fault2assertion/faults/cv32e40p/branchfault/BF0024_SA0/results/crc32/screen_seed20260729_mc2000000/xrun.log,False,True,True
48,BF0024_SA1,BF0024_SA0,1,BL00024,BS001391,cv32e40p_cs_registers_N_HWLP2_APU0_A_EXTENSION0_FPU0_ZFINX0_PULP_SECURE0_USE_PMP0_N_PMP_ENTRIES16_NUM_MHPMCOUNTERS1_COREV_PULP0_COREV_CLUSTER0_DEBUG_TRIGGER_EN1|g40979__4319|A2,csr_debug,\mhpmcounter_q[3] [58],sequential_output,5,5_8,g40979__4319,AOI22_X1,A2,combinational_input,csr_debug|sequential_output|5_8,NOT_RUN,PENDING,,/raid/spring2026/fwu44/research/fault2assertion/faults/cv32e40p/branchfault/BF0024_SA1/results/crc32/screen_seed20260729_mc2000000,/raid/spring2026/fwu44/research/fault2assertion/faults/cv32e40p/branchfault/BF0024_SA1/results/crc32/screen_seed20260729_mc2000000/xrun.log,False,True,True
49,BF0025_SA0,BF0025_SA1,0,BL00025,BS001423,cv32e40p_cs_registers_N_HWLP2_APU0_A_EXTENSION0_FPU0_ZFINX0_PULP_SECURE0_USE_PMP0_N_PMP_ENTRIES16_NUM_MHPMCOUNTERS1_COREV_PULP0_COREV_CLUSTER0_DEBUG_TRIGGER_EN1|\inc_add_1387_74_I4/g1723|A2,csr_debug,\mhpmcounter_q[3] [7],sequential_output,4,3_4,\inc_add_1387_74_I4/g1723,NAND3_X1,A2,combinational_input,csr_debug|sequential_output|3_4,NOT_RUN,PENDING,,/raid/spring2026/fwu44/research/fault2assertion/faults/cv32e40p/branchfault/BF0025_SA0/results/crc32/screen_seed20260729_mc2000000,/raid/spring2026/fwu44/research/fault2assertion/faults/cv32e40p/branchfault/BF0025_SA0/results/crc32/screen_seed20260729_mc2000000/xrun.log,False,True,True
50,BF0025_SA1,BF0025_SA0,1,BL00025,BS001423,cv32e40p_cs_registers_N_HWLP2_APU0_A_EXTENSION0_FPU0_ZFINX0_PULP_SECURE0_USE_PMP0_N_PMP_ENTRIES16_NUM_MHPMCOUNTERS1_COREV_PULP0_COREV_CLUSTER0_DEBUG_TRIGGER_EN1|\inc_add_1387_74_I4/g1723|A2,csr_debug,\mhpmcounter_q[3] [7],sequential_output,4,3_4,\inc_add_1387_74_I4/g1723,NAND3_X1,A2,combinational_input,csr_debug|sequential_output|3_4,NOT_RUN,PENDING,,/raid/spring2026/fwu44/research/fault2assertion/faults/cv32e40p/branchfault/BF0025_SA1/results/crc32/screen_seed20260729_mc2000000,/raid/spring2026/fwu44/research/fault2assertion/faults/cv32e40p/branchfault/BF0025_SA1/results/crc32/screen_seed20260729_mc2000000/xrun.log,False,True,True
51,BF0026_SA0,BF0026_SA1,0,BL00026,BS001454,cv32e40p_cs_registers_N_HWLP2_APU0_A_EXTENSION0_FPU0_ZFINX0_PULP_SECURE0_USE_PMP0_N_PMP_ENTRIES16_NUM_MHPMCOUNTERS1_COREV_PULP0_COREV_CLUSTER0_DEBUG_TRIGGER_EN1|g42527__2398|A1,csr_debug,\mhpmevent_q[3] [1],sequential_output,3,3_4,g42527__2398,AOI22_X1,A1,combinational_input,csr_debug|sequential_output|3_4,NOT_RUN,PENDING,,/raid/spring2026/fwu44/research/fault2assertion/faults/cv32e40p/branchfault/BF0026_SA0/results/crc32/screen_seed20260729_mc2000000,/raid/spring2026/fwu44/research/fault2assertion/faults/cv32e40p/branchfault/BF0026_SA0/results/crc32/screen_seed20260729_mc2000000/xrun.log,False,True,True
52,BF0026_SA1,BF0026_SA0,1,BL00026,BS001454,cv32e40p_cs_registers_N_HWLP2_APU0_A_EXTENSION0_FPU0_ZFINX0_PULP_SECURE0_USE_PMP0_N_PMP_ENTRIES16_NUM_MHPMCOUNTERS1_COREV_PULP0_COREV_CLUSTER0_DEBUG_TRIGGER_EN1|g42527__2398|A1,csr_debug,\mhpmevent_q[3] [1],sequential_output,3,3_4,g42527__2398,AOI22_X1,A1,combinational_input,csr_debug|sequential_output|3_4,NOT_RUN,PENDING,,/raid/spring2026/fwu44/research/fault2assertion/faults/cv32e40p/branchfault/BF0026_SA1/results/crc32/screen_seed20260729_mc2000000,/raid/spring2026/fwu44/research/fault2assertion/faults/cv32e40p/branchfault/BF0026_SA1/results/crc32/screen_seed20260729_mc2000000/xrun.log,False,True,True
53,BF0027_SA0,BF0027_SA1,0,BL00027,BS001497,cv32e40p_cs_registers_N_HWLP2_APU0_A_EXTENSION0_FPU0_ZFINX0_PULP_SECURE0_USE_PMP0_N_PMP_ENTRIES16_NUM_MHPMCOUNTERS1_COREV_PULP0_COREV_CLUSTER0_DEBUG_TRIGGER_EN1|g41857|A4,csr_debug,csr_addr_i[11],hierarchy_boundary,6,5_8,g41857,NAND4_X1,A4,combinational_input,csr_debug|hierarchy_boundary|5_8,NOT_RUN,PENDING,,/raid/spring2026/fwu44/research/fault2assertion/faults/cv32e40p/branchfault/BF0027_SA0/results/crc32/screen_seed20260729_mc2000000,/raid/spring2026/fwu44/research/fault2assertion/faults/cv32e40p/branchfault/BF0027_SA0/results/crc32/screen_seed20260729_mc2000000/xrun.log,False,True,True
54,BF0027_SA1,BF0027_SA0,1,BL00027,BS001497,cv32e40p_cs_registers_N_HWLP2_APU0_A_EXTENSION0_FPU0_ZFINX0_PULP_SECURE0_USE_PMP0_N_PMP_ENTRIES16_NUM_MHPMCOUNTERS1_COREV_PULP0_COREV_CLUSTER0_DEBUG_TRIGGER_EN1|g41857|A4,csr_debug,csr_addr_i[11],hierarchy_boundary,6,5_8,g41857,NAND4_X1,A4,combinational_input,csr_debug|hierarchy_boundary|5_8,NOT_RUN,PENDING,,/raid/spring2026/fwu44/research/fault2assertion/faults/cv32e40p/branchfault/BF0027_SA1/results/crc32/screen_seed20260729_mc2000000,/raid/spring2026/fwu44/research/fault2assertion/faults/cv32e40p/branchfault/BF0027_SA1/results/crc32/screen_seed20260729_mc2000000/xrun.log,False,True,True
55,BF0028_SA0,BF0028_SA1,0,BL00028,BS001510,cv32e40p_cs_registers_N_HWLP2_APU0_A_EXTENSION0_FPU0_ZFINX0_PULP_SECURE0_USE_PMP0_N_PMP_ENTRIES16_NUM_MHPMCOUNTERS1_COREV_PULP0_COREV_CLUSTER0_DEBUG_TRIGGER_EN1|g42588__7482|A3,csr_debug,csr_addr_i[2],hierarchy_boundary,4,3_4,g42588__7482,AND3_X1,A3,combinational_input,csr_debug|hierarchy_boundary|3_4,NOT_RUN,PENDING,,/raid/spring2026/fwu44/research/fault2assertion/faults/cv32e40p/branchfault/BF0028_SA0/results/crc32/screen_seed20260729_mc2000000,/raid/spring2026/fwu44/research/fault2assertion/faults/cv32e40p/branchfault/BF0028_SA0/results/crc32/screen_seed20260729_mc2000000/xrun.log,False,True,True
56,BF0028_SA1,BF0028_SA0,1,BL00028,BS001510,cv32e40p_cs_registers_N_HWLP2_APU0_A_EXTENSION0_FPU0_ZFINX0_PULP_SECURE0_USE_PMP0_N_PMP_ENTRIES16_NUM_MHPMCOUNTERS1_COREV_PULP0_COREV_CLUSTER0_DEBUG_TRIGGER_EN1|g42588__7482|A3,csr_debug,csr_addr_i[2],hierarchy_boundary,4,3_4,g42588__7482,AND3_X1,A3,combinational_input,csr_debug|hierarchy_boundary|3_4,NOT_RUN,PENDING,,/raid/spring2026/fwu44/research/fault2assertion/faults/cv32e40p/branchfault/BF0028_SA1/results/crc32/screen_seed20260729_mc2000000,/raid/spring2026/fwu44/research/fault2assertion/faults/cv32e40p/branchfault/BF0028_SA1/results/crc32/screen_seed20260729_mc2000000/xrun.log,False,True,True
57,BF0029_SA0,BF0029_SA1,0,BL00029,BS001513,cv32e40p_cs_registers_N_HWLP2_APU0_A_EXTENSION0_FPU0_ZFINX0_PULP_SECURE0_USE_PMP0_N_PMP_ENTRIES16_NUM_MHPMCOUNTERS1_COREV_PULP0_COREV_CLUSTER0_DEBUG_TRIGGER_EN1|g42786__9945|A1,csr_debug,csr_addr_i[3],hierarchy_boundary,2,2,g42786__9945,NOR2_X1,A1,combinational_input,csr_debug|hierarchy_boundary|2,NOT_RUN,PENDING,,/raid/spring2026/fwu44/research/fault2assertion/faults/cv32e40p/branchfault/BF0029_SA0/results/crc32/screen_seed20260729_mc2000000,/raid/spring2026/fwu44/research/fault2assertion/faults/cv32e40p/branchfault/BF0029_SA0/results/crc32/screen_seed20260729_mc2000000/xrun.log,False,True,True
58,BF0029_SA1,BF0029_SA0,1,BL00029,BS001513,cv32e40p_cs_registers_N_HWLP2_APU0_A_EXTENSION0_FPU0_ZFINX0_PULP_SECURE0_USE_PMP0_N_PMP_ENTRIES16_NUM_MHPMCOUNTERS1_COREV_PULP0_COREV_CLUSTER0_DEBUG_TRIGGER_EN1|g42786__9945|A1,csr_debug,csr_addr_i[3],hierarchy_boundary,2,2,g42786__9945,NOR2_X1,A1,combinational_input,csr_debug|hierarchy_boundary|2,NOT_RUN,PENDING,,/raid/spring2026/fwu44/research/fault2assertion/faults/cv32e40p/branchfault/BF0029_SA1/results/crc32/screen_seed20260729_mc2000000,/raid/spring2026/fwu44/research/fault2assertion/faults/cv32e40p/branchfault/BF0029_SA1/results/crc32/screen_seed20260729_mc2000000/xrun.log,False,True,True
59,BF0030_SA0,BF0030_SA1,0,BL00030,BS001532,cv32e40p_cs_registers_N_HWLP2_APU0_A_EXTENSION0_FPU0_ZFINX0_PULP_SECURE0_USE_PMP0_N_PMP_ENTRIES16_NUM_MHPMCOUNTERS1_COREV_PULP0_COREV_CLUSTER0_DEBUG_TRIGGER_EN1|g41810|A2,csr_debug,csr_addr_i[7],hierarchy_boundary,8,5_8,g41810,NAND2_X2,A2,combinational_input,csr_debug|hierarchy_boundary|5_8,NOT_RUN,PENDING,,/raid/spring2026/fwu44/research/fault2assertion/faults/cv32e40p/branchfault/BF0030_SA0/results/crc32/screen_seed20260729_mc2000000,/raid/spring2026/fwu44/research/fault2assertion/faults/cv32e40p/branchfault/BF0030_SA0/results/crc32/screen_seed20260729_mc2000000/xrun.log,False,True,True
60,BF0030_SA1,BF0030_SA0,1,BL00030,BS001532,cv32e40p_cs_registers_N_HWLP2_APU0_A_EXTENSION0_FPU0_ZFINX0_PULP_SECURE0_USE_PMP0_N_PMP_ENTRIES16_NUM_MHPMCOUNTERS1_COREV_PULP0_COREV_CLUSTER0_DEBUG_TRIGGER_EN1|g41810|A2,csr_debug,csr_addr_i[7],hierarchy_boundary,8,5_8,g41810,NAND2_X2,A2,combinational_input,csr_debug|hierarchy_boundary|5_8,NOT_RUN,PENDING,,/raid/spring2026/fwu44/research/fault2assertion/faults/cv32e40p/branchfault/BF0030_SA1/results/crc32/screen_seed20260729_mc2000000,/raid/spring2026/fwu44/research/fault2assertion/faults/cv32e40p/branchfault/BF0030_SA1/results/crc32/screen_seed20260729_mc2000000/xrun.log,False,True,True
61,BF0031_SA0,BF0031_SA1,0,BL00031,BS001609,cv32e40p_cs_registers_N_HWLP2_APU0_A_EXTENSION0_FPU0_ZFINX0_PULP_SECURE0_USE_PMP0_N_PMP_ENTRIES16_NUM_MHPMCOUNTERS1_COREV_PULP0_COREV_CLUSTER0_DEBUG_TRIGGER_EN1|g41881|A2,csr_debug,csr_save_if_i,hierarchy_boundary,3,3_4,g41881,AND2_X2,A2,combinational_input,csr_debug|hierarchy_boundary|3_4,NOT_RUN,PENDING,,/raid/spring2026/fwu44/research/fault2assertion/faults/cv32e40p/branchfault/BF0031_SA0/results/crc32/screen_seed20260729_mc2000000,/raid/spring2026/fwu44/research/fault2assertion/faults/cv32e40p/branchfault/BF0031_SA0/results/crc32/screen_seed20260729_mc2000000/xrun.log,False,True,True
62,BF0031_SA1,BF0031_SA0,1,BL00031,BS001609,cv32e40p_cs_registers_N_HWLP2_APU0_A_EXTENSION0_FPU0_ZFINX0_PULP_SECURE0_USE_PMP0_N_PMP_ENTRIES16_NUM_MHPMCOUNTERS1_COREV_PULP0_COREV_CLUSTER0_DEBUG_TRIGGER_EN1|g41881|A2,csr_debug,csr_save_if_i,hierarchy_boundary,3,3_4,g41881,AND2_X2,A2,combinational_input,csr_debug|hierarchy_boundary|3_4,NOT_RUN,PENDING,,/raid/spring2026/fwu44/research/fault2assertion/faults/cv32e40p/branchfault/BF0031_SA1/results/crc32/screen_seed20260729_mc2000000,/raid/spring2026/fwu44/research/fault2assertion/faults/cv32e40p/branchfault/BF0031_SA1/results/crc32/screen_seed20260729_mc2000000/xrun.log,False,True,True
63,BF0032_SA0,BF0032_SA1,0,BL00032,BS001854,cv32e40p_cs_registers_N_HWLP2_APU0_A_EXTENSION0_FPU0_ZFINX0_PULP_SECURE0_USE_PMP0_N_PMP_ENTRIES16_NUM_MHPMCOUNTERS1_COREV_PULP0_COREV_CLUSTER0_DEBUG_TRIGGER_EN1|g42453__1705|A1,csr_debug,dscratch1_q[14],sequential_output,2,2,g42453__1705,AOI222_X1,A1,combinational_input,csr_debug|sequential_output|2,NOT_RUN,PENDING,,/raid/spring2026/fwu44/research/fault2assertion/faults/cv32e40p/branchfault/BF0032_SA0/results/crc32/screen_seed20260729_mc2000000,/raid/spring2026/fwu44/research/fault2assertion/faults/cv32e40p/branchfault/BF0032_SA0/results/crc32/screen_seed20260729_mc2000000/xrun.log,False,True,True
64,BF0032_SA1,BF0032_SA0,1,BL00032,BS001854,cv32e40p_cs_registers_N_HWLP2_APU0_A_EXTENSION0_FPU0_ZFINX0_PULP_SECURE0_USE_PMP0_N_PMP_ENTRIES16_NUM_MHPMCOUNTERS1_COREV_PULP0_COREV_CLUSTER0_DEBUG_TRIGGER_EN1|g42453__1705|A1,csr_debug,dscratch1_q[14],sequential_output,2,2,g42453__1705,AOI222_X1,A1,combinational_input,csr_debug|sequential_output|2,NOT_RUN,PENDING,,/raid/spring2026/fwu44/research/fault2assertion/faults/cv32e40p/branchfault/BF0032_SA1/results/crc32/screen_seed20260729_mc2000000,/raid/spring2026/fwu44/research/fault2assertion/faults/cv32e40p/branchfault/BF0032_SA1/results/crc32/screen_seed20260729_mc2000000/xrun.log,False,True,True
65,BF0033_SA0,BF0033_SA1,0,BL00033,BS001900,cv32e40p_cs_registers_N_HWLP2_APU0_A_EXTENSION0_FPU0_ZFINX0_PULP_SECURE0_USE_PMP0_N_PMP_ENTRIES16_NUM_MHPMCOUNTERS1_COREV_PULP0_COREV_CLUSTER0_DEBUG_TRIGGER_EN1|g42352__5477|C1,csr_debug,dscratch1_q[6],sequential_output,2,2,g42352__5477,AOI221_X1,C1,combinational_input,csr_debug|sequential_output|2,NOT_RUN,PENDING,,/raid/spring2026/fwu44/research/fault2assertion/faults/cv32e40p/branchfault/BF0033_SA0/results/crc32/screen_seed20260729_mc2000000,/raid/spring2026/fwu44/research/fault2assertion/faults/cv32e40p/branchfault/BF0033_SA0/results/crc32/screen_seed20260729_mc2000000/xrun.log,False,True,True
66,BF0033_SA1,BF0033_SA0,1,BL00033,BS001900,cv32e40p_cs_registers_N_HWLP2_APU0_A_EXTENSION0_FPU0_ZFINX0_PULP_SECURE0_USE_PMP0_N_PMP_ENTRIES16_NUM_MHPMCOUNTERS1_COREV_PULP0_COREV_CLUSTER0_DEBUG_TRIGGER_EN1|g42352__5477|C1,csr_debug,dscratch1_q[6],sequential_output,2,2,g42352__5477,AOI221_X1,C1,combinational_input,csr_debug|sequential_output|2,NOT_RUN,PENDING,,/raid/spring2026/fwu44/research/fault2assertion/faults/cv32e40p/branchfault/BF0033_SA1/results/crc32/screen_seed20260729_mc2000000,/raid/spring2026/fwu44/research/fault2assertion/faults/cv32e40p/branchfault/BF0033_SA1/results/crc32/screen_seed20260729_mc2000000/xrun.log,False,True,True
67,BF0034_SA0,BF0034_SA1,0,BL00034,BS002010,cv32e40p_cs_registers_N_HWLP2_APU0_A_EXTENSION0_FPU0_ZFINX0_PULP_SECURE0_USE_PMP0_N_PMP_ENTRIES16_NUM_MHPMCOUNTERS1_COREV_PULP0_COREV_CLUSTER0_DEBUG_TRIGGER_EN1|g42561__4733|A1,csr_debug,mtvec_o[19],sequential_output,2,2,g42561__4733,NAND2_X1,A1,combinational_input,csr_debug|sequential_output|2,NOT_RUN,PENDING,,/raid/spring2026/fwu44/research/fault2assertion/faults/cv32e40p/branchfault/BF0034_SA0/results/crc32/screen_seed20260729_mc2000000,/raid/spring2026/fwu44/research/fault2assertion/faults/cv32e40p/branchfault/BF0034_SA0/results/crc32/screen_seed20260729_mc2000000/xrun.log,False,True,True
68,BF0034_SA1,BF0034_SA0,1,BL00034,BS002010,cv32e40p_cs_registers_N_HWLP2_APU0_A_EXTENSION0_FPU0_ZFINX0_PULP_SECURE0_USE_PMP0_N_PMP_ENTRIES16_NUM_MHPMCOUNTERS1_COREV_PULP0_COREV_CLUSTER0_DEBUG_TRIGGER_EN1|g42561__4733|A1,csr_debug,mtvec_o[19],sequential_output,2,2,g42561__4733,NAND2_X1,A1,combinational_input,csr_debug|sequential_output|2,NOT_RUN,PENDING,,/raid/spring2026/fwu44/research/fault2assertion/faults/cv32e40p/branchfault/BF0034_SA1/results/crc32/screen_seed20260729_mc2000000,/raid/spring2026/fwu44/research/fault2assertion/faults/cv32e40p/branchfault/BF0034_SA1/results/crc32/screen_seed20260729_mc2000000/xrun.log,False,True,True
69,BF0035_SA0,BF0035_SA1,0,BL00035,BS002070,cv32e40p_cs_registers_N_HWLP2_APU0_A_EXTENSION0_FPU0_ZFINX0_PULP_SECURE0_USE_PMP0_N_PMP_ENTRIES16_NUM_MHPMCOUNTERS1_COREV_PULP0_COREV_CLUSTER0_DEBUG_TRIGGER_EN1|g42295__6417|C2,csr_debug,n_1029,combinational_output,32,gt_8,g42295__6417,AOI221_X1,C2,combinational_input,csr_debug|combinational_output|gt_8,NOT_RUN,PENDING,,/raid/spring2026/fwu44/research/fault2assertion/faults/cv32e40p/branchfault/BF0035_SA0/results/crc32/screen_seed20260729_mc2000000,/raid/spring2026/fwu44/research/fault2assertion/faults/cv32e40p/branchfault/BF0035_SA0/results/crc32/screen_seed20260729_mc2000000/xrun.log,False,True,True
70,BF0035_SA1,BF0035_SA0,1,BL00035,BS002070,cv32e40p_cs_registers_N_HWLP2_APU0_A_EXTENSION0_FPU0_ZFINX0_PULP_SECURE0_USE_PMP0_N_PMP_ENTRIES16_NUM_MHPMCOUNTERS1_COREV_PULP0_COREV_CLUSTER0_DEBUG_TRIGGER_EN1|g42295__6417|C2,csr_debug,n_1029,combinational_output,32,gt_8,g42295__6417,AOI221_X1,C2,combinational_input,csr_debug|combinational_output|gt_8,NOT_RUN,PENDING,,/raid/spring2026/fwu44/research/fault2assertion/faults/cv32e40p/branchfault/BF0035_SA1/results/crc32/screen_seed20260729_mc2000000,/raid/spring2026/fwu44/research/fault2assertion/faults/cv32e40p/branchfault/BF0035_SA1/results/crc32/screen_seed20260729_mc2000000/xrun.log,False,True,True
71,BF0036_SA0,BF0036_SA1,0,BL00036,BS002247,cv32e40p_cs_registers_N_HWLP2_APU0_A_EXTENSION0_FPU0_ZFINX0_PULP_SECURE0_USE_PMP0_N_PMP_ENTRIES16_NUM_MHPMCOUNTERS1_COREV_PULP0_COREV_CLUSTER0_DEBUG_TRIGGER_EN1|g41392__6161|C1,csr_debug,n_106,combinational_output,31,gt_8,g41392__6161,OAI211_X1,C1,combinational_input,csr_debug|combinational_output|gt_8,NOT_RUN,PENDING,,/raid/spring2026/fwu44/research/fault2assertion/faults/cv32e40p/branchfault/BF0036_SA0/results/crc32/screen_seed20260729_mc2000000,/raid/spring2026/fwu44/research/fault2assertion/faults/cv32e40p/branchfault/BF0036_SA0/results/crc32/screen_seed20260729_mc2000000/xrun.log,False,True,True
72,BF0036_SA1,BF0036_SA0,1,BL00036,BS002247,cv32e40p_cs_registers_N_HWLP2_APU0_A_EXTENSION0_FPU0_ZFINX0_PULP_SECURE0_USE_PMP0_N_PMP_ENTRIES16_NUM_MHPMCOUNTERS1_COREV_PULP0_COREV_CLUSTER0_DEBUG_TRIGGER_EN1|g41392__6161|C1,csr_debug,n_106,combinational_output,31,gt_8,g41392__6161,OAI211_X1,C1,combinational_input,csr_debug|combinational_output|gt_8,NOT_RUN,PENDING,,/raid/spring2026/fwu44/research/fault2assertion/faults/cv32e40p/branchfault/BF0036_SA1/results/crc32/screen_seed20260729_mc2000000,/raid/spring2026/fwu44/research/fault2assertion/faults/cv32e40p/branchfault/BF0036_SA1/results/crc32/screen_seed20260729_mc2000000/xrun.log,False,True,True
73,BF0037_SA0,BF0037_SA1,0,BL00037,BS002369,cv32e40p_cs_registers_N_HWLP2_APU0_A_EXTENSION0_FPU0_ZFINX0_PULP_SECURE0_USE_PMP0_N_PMP_ENTRIES16_NUM_MHPMCOUNTERS1_COREV_PULP0_COREV_CLUSTER0_DEBUG_TRIGGER_EN1|g42358__5526|B2,csr_debug,n_1093,combinational_output,7,5_8,g42358__5526,AOI22_X1,B2,combinational_input,csr_debug|combinational_output|5_8,NOT_RUN,PENDING,,/raid/spring2026/fwu44/research/fault2assertion/faults/cv32e40p/branchfault/BF0037_SA0/results/crc32/screen_seed20260729_mc2000000,/raid/spring2026/fwu44/research/fault2assertion/faults/cv32e40p/branchfault/BF0037_SA0/results/crc32/screen_seed20260729_mc2000000/xrun.log,False,True,True
74,BF0037_SA1,BF0037_SA0,1,BL00037,BS002369,cv32e40p_cs_registers_N_HWLP2_APU0_A_EXTENSION0_FPU0_ZFINX0_PULP_SECURE0_USE_PMP0_N_PMP_ENTRIES16_NUM_MHPMCOUNTERS1_COREV_PULP0_COREV_CLUSTER0_DEBUG_TRIGGER_EN1|g42358__5526|B2,csr_debug,n_1093,combinational_output,7,5_8,g42358__5526,AOI22_X1,B2,combinational_input,csr_debug|combinational_output|5_8,NOT_RUN,PENDING,,/raid/spring2026/fwu44/research/fault2assertion/faults/cv32e40p/branchfault/BF0037_SA1/results/crc32/screen_seed20260729_mc2000000,/raid/spring2026/fwu44/research/fault2assertion/faults/cv32e40p/branchfault/BF0037_SA1/results/crc32/screen_seed20260729_mc2000000/xrun.log,False,True,True
75,BF0038_SA0,BF0038_SA1,0,BL00038,BS002586,cv32e40p_cs_registers_N_HWLP2_APU0_A_EXTENSION0_FPU0_ZFINX0_PULP_SECURE0_USE_PMP0_N_PMP_ENTRIES16_NUM_MHPMCOUNTERS1_COREV_PULP0_COREV_CLUSTER0_DEBUG_TRIGGER_EN1|g41416__1881|B2,csr_debug,n_176,combinational_output,64,gt_8,g41416__1881,AOI22_X1,B2,combinational_input,csr_debug|combinational_output|gt_8,NOT_RUN,PENDING,,/raid/spring2026/fwu44/research/fault2assertion/faults/cv32e40p/branchfault/BF0038_SA0/results/crc32/screen_seed20260729_mc2000000,/raid/spring2026/fwu44/research/fault2assertion/faults/cv32e40p/branchfault/BF0038_SA0/results/crc32/screen_seed20260729_mc2000000/xrun.log,False,True,True
76,BF0038_SA1,BF0038_SA0,1,BL00038,BS002586,cv32e40p_cs_registers_N_HWLP2_APU0_A_EXTENSION0_FPU0_ZFINX0_PULP_SECURE0_USE_PMP0_N_PMP_ENTRIES16_NUM_MHPMCOUNTERS1_COREV_PULP0_COREV_CLUSTER0_DEBUG_TRIGGER_EN1|g41416__1881|B2,csr_debug,n_176,combinational_output,64,gt_8,g41416__1881,AOI22_X1,B2,combinational_input,csr_debug|combinational_output|gt_8,NOT_RUN,PENDING,,/raid/spring2026/fwu44/research/fault2assertion/faults/cv32e40p/branchfault/BF0038_SA1/results/crc32/screen_seed20260729_mc2000000,/raid/spring2026/fwu44/research/fault2assertion/faults/cv32e40p/branchfault/BF0038_SA1/results/crc32/screen_seed20260729_mc2000000/xrun.log,False,True,True
77,BF0039_SA0,BF0039_SA1,0,BL00039,BS003139,cv32e40p_cs_registers_N_HWLP2_APU0_A_EXTENSION0_FPU0_ZFINX0_PULP_SECURE0_USE_PMP0_N_PMP_ENTRIES16_NUM_MHPMCOUNTERS1_COREV_PULP0_COREV_CLUSTER0_DEBUG_TRIGGER_EN1|g41394__9945|C2,csr_debug,n_238,combinational_output,9,gt_8,g41394__9945,OAI211_X1,C2,combinational_input,csr_debug|combinational_output|gt_8,NOT_RUN,PENDING,,/raid/spring2026/fwu44/research/fault2assertion/faults/cv32e40p/branchfault/BF0039_SA0/results/crc32/screen_seed20260729_mc2000000,/raid/spring2026/fwu44/research/fault2assertion/faults/cv32e40p/branchfault/BF0039_SA0/results/crc32/screen_seed20260729_mc2000000/xrun.log,False,True,True
78,BF0039_SA1,BF0039_SA0,1,BL00039,BS003139,cv32e40p_cs_registers_N_HWLP2_APU0_A_EXTENSION0_FPU0_ZFINX0_PULP_SECURE0_USE_PMP0_N_PMP_ENTRIES16_NUM_MHPMCOUNTERS1_COREV_PULP0_COREV_CLUSTER0_DEBUG_TRIGGER_EN1|g41394__9945|C2,csr_debug,n_238,combinational_output,9,gt_8,g41394__9945,OAI211_X1,C2,combinational_input,csr_debug|combinational_output|gt_8,NOT_RUN,PENDING,,/raid/spring2026/fwu44/research/fault2assertion/faults/cv32e40p/branchfault/BF0039_SA1/results/crc32/screen_seed20260729_mc2000000,/raid/spring2026/fwu44/research/fault2assertion/faults/cv32e40p/branchfault/BF0039_SA1/results/crc32/screen_seed20260729_mc2000000/xrun.log,False,True,True
79,BF0040_SA0,BF0040_SA1,0,BL00040,BS003149,cv32e40p_cs_registers_N_HWLP2_APU0_A_EXTENSION0_FPU0_ZFINX0_PULP_SECURE0_USE_PMP0_N_PMP_ENTRIES16_NUM_MHPMCOUNTERS1_COREV_PULP0_COREV_CLUSTER0_DEBUG_TRIGGER_EN1|g41731|A,csr_debug,n_240,combinational_output,9,gt_8,g41731,INV_X1,A,combinational_input,csr_debug|combinational_output|gt_8,NOT_RUN,PENDING,,/raid/spring2026/fwu44/research/fault2assertion/faults/cv32e40p/branchfault/BF0040_SA0/results/crc32/screen_seed20260729_mc2000000,/raid/spring2026/fwu44/research/fault2assertion/faults/cv32e40p/branchfault/BF0040_SA0/results/crc32/screen_seed20260729_mc2000000/xrun.log,False,True,True
80,BF0040_SA1,BF0040_SA0,1,BL00040,BS003149,cv32e40p_cs_registers_N_HWLP2_APU0_A_EXTENSION0_FPU0_ZFINX0_PULP_SECURE0_USE_PMP0_N_PMP_ENTRIES16_NUM_MHPMCOUNTERS1_COREV_PULP0_COREV_CLUSTER0_DEBUG_TRIGGER_EN1|g41731|A,csr_debug,n_240,combinational_output,9,gt_8,g41731,INV_X1,A,combinational_input,csr_debug|combinational_output|gt_8,NOT_RUN,PENDING,,/raid/spring2026/fwu44/research/fault2assertion/faults/cv32e40p/branchfault/BF0040_SA1/results/crc32/screen_seed20260729_mc2000000,/raid/spring2026/fwu44/research/fault2assertion/faults/cv32e40p/branchfault/BF0040_SA1/results/crc32/screen_seed20260729_mc2000000/xrun.log,False,True,True
81,BF0041_SA0,BF0041_SA1,0,BL00041,BS003354,cv32e40p_cs_registers_N_HWLP2_APU0_A_EXTENSION0_FPU0_ZFINX0_PULP_SECURE0_USE_PMP0_N_PMP_ENTRIES16_NUM_MHPMCOUNTERS1_COREV_PULP0_COREV_CLUSTER0_DEBUG_TRIGGER_EN1|g41919|A2,csr_debug,n_34,combinational_output,5,5_8,g41919,NOR2_X1,A2,combinational_input,csr_debug|combinational_output|5_8,NOT_RUN,PENDING,,/raid/spring2026/fwu44/research/fault2assertion/faults/cv32e40p/branchfault/BF0041_SA0/results/crc32/screen_seed20260729_mc2000000,/raid/spring2026/fwu44/research/fault2assertion/faults/cv32e40p/branchfault/BF0041_SA0/results/crc32/screen_seed20260729_mc2000000/xrun.log,False,True,True
82,BF0041_SA1,BF0041_SA0,1,BL00041,BS003354,cv32e40p_cs_registers_N_HWLP2_APU0_A_EXTENSION0_FPU0_ZFINX0_PULP_SECURE0_USE_PMP0_N_PMP_ENTRIES16_NUM_MHPMCOUNTERS1_COREV_PULP0_COREV_CLUSTER0_DEBUG_TRIGGER_EN1|g41919|A2,csr_debug,n_34,combinational_output,5,5_8,g41919,NOR2_X1,A2,combinational_input,csr_debug|combinational_output|5_8,NOT_RUN,PENDING,,/raid/spring2026/fwu44/research/fault2assertion/faults/cv32e40p/branchfault/BF0041_SA1/results/crc32/screen_seed20260729_mc2000000,/raid/spring2026/fwu44/research/fault2assertion/faults/cv32e40p/branchfault/BF0041_SA1/results/crc32/screen_seed20260729_mc2000000/xrun.log,False,True,True
83,BF0042_SA0,BF0042_SA1,0,BL00042,BS003389,cv32e40p_cs_registers_N_HWLP2_APU0_A_EXTENSION0_FPU0_ZFINX0_PULP_SECURE0_USE_PMP0_N_PMP_ENTRIES16_NUM_MHPMCOUNTERS1_COREV_PULP0_COREV_CLUSTER0_DEBUG_TRIGGER_EN1|g42380__6417|C2,csr_debug,n_44,combinational_output,26,gt_8,g42380__6417,AOI222_X1,C2,combinational_input,csr_debug|combinational_output|gt_8,NOT_RUN,PENDING,,/raid/spring2026/fwu44/research/fault2assertion/faults/cv32e40p/branchfault/BF0042_SA0/results/crc32/screen_seed20260729_mc2000000,/raid/spring2026/fwu44/research/fault2assertion/faults/cv32e40p/branchfault/BF0042_SA0/results/crc32/screen_seed20260729_mc2000000/xrun.log,False,True,True
84,BF0042_SA1,BF0042_SA0,1,BL00042,BS003389,cv32e40p_cs_registers_N_HWLP2_APU0_A_EXTENSION0_FPU0_ZFINX0_PULP_SECURE0_USE_PMP0_N_PMP_ENTRIES16_NUM_MHPMCOUNTERS1_COREV_PULP0_COREV_CLUSTER0_DEBUG_TRIGGER_EN1|g42380__6417|C2,csr_debug,n_44,combinational_output,26,gt_8,g42380__6417,AOI222_X1,C2,combinational_input,csr_debug|combinational_output|gt_8,NOT_RUN,PENDING,,/raid/spring2026/fwu44/research/fault2assertion/faults/cv32e40p/branchfault/BF0042_SA1/results/crc32/screen_seed20260729_mc2000000,/raid/spring2026/fwu44/research/fault2assertion/faults/cv32e40p/branchfault/BF0042_SA1/results/crc32/screen_seed20260729_mc2000000/xrun.log,False,True,True
85,BF0043_SA0,BF0043_SA1,0,BL00043,BS003641,cv32e40p_cs_registers_N_HWLP2_APU0_A_EXTENSION0_FPU0_ZFINX0_PULP_SECURE0_USE_PMP0_N_PMP_ENTRIES16_NUM_MHPMCOUNTERS1_COREV_PULP0_COREV_CLUSTER0_DEBUG_TRIGGER_EN1|g41003__5477|A1,csr_debug,n_478,combinational_output,32,gt_8,g41003__5477,AOI22_X1,A1,combinational_input,csr_debug|combinational_output|gt_8,NOT_RUN,PENDING,,/raid/spring2026/fwu44/research/fault2assertion/faults/cv32e40p/branchfault/BF0043_SA0/results/crc32/screen_seed20260729_mc2000000,/raid/spring2026/fwu44/research/fault2assertion/faults/cv32e40p/branchfault/BF0043_SA0/results/crc32/screen_seed20260729_mc2000000/xrun.log,False,True,True
86,BF0043_SA1,BF0043_SA0,1,BL00043,BS003641,cv32e40p_cs_registers_N_HWLP2_APU0_A_EXTENSION0_FPU0_ZFINX0_PULP_SECURE0_USE_PMP0_N_PMP_ENTRIES16_NUM_MHPMCOUNTERS1_COREV_PULP0_COREV_CLUSTER0_DEBUG_TRIGGER_EN1|g41003__5477|A1,csr_debug,n_478,combinational_output,32,gt_8,g41003__5477,AOI22_X1,A1,combinational_input,csr_debug|combinational_output|gt_8,NOT_RUN,PENDING,,/raid/spring2026/fwu44/research/fault2assertion/faults/cv32e40p/branchfault/BF0043_SA1/results/crc32/screen_seed20260729_mc2000000,/raid/spring2026/fwu44/research/fault2assertion/faults/cv32e40p/branchfault/BF0043_SA1/results/crc32/screen_seed20260729_mc2000000/xrun.log,False,True,True
87,BF0044_SA0,BF0044_SA1,0,BL00044,BS003872,cv32e40p_cs_registers_N_HWLP2_APU0_A_EXTENSION0_FPU0_ZFINX0_PULP_SECURE0_USE_PMP0_N_PMP_ENTRIES16_NUM_MHPMCOUNTERS1_COREV_PULP0_COREV_CLUSTER0_DEBUG_TRIGGER_EN1|g42371__7482|C2,csr_debug,n_854,combinational_output,16,gt_8,g42371__7482,AOI222_X1,C2,combinational_input,csr_debug|combinational_output|gt_8,NOT_RUN,PENDING,,/raid/spring2026/fwu44/research/fault2assertion/faults/cv32e40p/branchfault/BF0044_SA0/results/crc32/screen_seed20260729_mc2000000,/raid/spring2026/fwu44/research/fault2assertion/faults/cv32e40p/branchfault/BF0044_SA0/results/crc32/screen_seed20260729_mc2000000/xrun.log,False,True,True
88,BF0044_SA1,BF0044_SA0,1,BL00044,BS003872,cv32e40p_cs_registers_N_HWLP2_APU0_A_EXTENSION0_FPU0_ZFINX0_PULP_SECURE0_USE_PMP0_N_PMP_ENTRIES16_NUM_MHPMCOUNTERS1_COREV_PULP0_COREV_CLUSTER0_DEBUG_TRIGGER_EN1|g42371__7482|C2,csr_debug,n_854,combinational_output,16,gt_8,g42371__7482,AOI222_X1,C2,combinational_input,csr_debug|combinational_output|gt_8,NOT_RUN,PENDING,,/raid/spring2026/fwu44/research/fault2assertion/faults/cv32e40p/branchfault/BF0044_SA1/results/crc32/screen_seed20260729_mc2000000,/raid/spring2026/fwu44/research/fault2assertion/faults/cv32e40p/branchfault/BF0044_SA1/results/crc32/screen_seed20260729_mc2000000/xrun.log,False,True,True
89,BF0045_SA0,BF0045_SA1,0,BL00045,BS003986,cv32e40p_cs_registers_N_HWLP2_APU0_A_EXTENSION0_FPU0_ZFINX0_PULP_SECURE0_USE_PMP0_N_PMP_ENTRIES16_NUM_MHPMCOUNTERS1_COREV_PULP0_COREV_CLUSTER0_DEBUG_TRIGGER_EN1|g42699__1617|A1,csr_debug,n_960,combinational_output,4,3_4,g42699__1617,AND2_X1,A1,combinational_input,csr_debug|combinational_output|3_4,NOT_RUN,PENDING,,/raid/spring2026/fwu44/research/fault2assertion/faults/cv32e40p/branchfault/BF0045_SA0/results/crc32/screen_seed20260729_mc2000000,/raid/spring2026/fwu44/research/fault2assertion/faults/cv32e40p/branchfault/BF0045_SA0/results/crc32/screen_seed20260729_mc2000000/xrun.log,False,True,True
90,BF0045_SA1,BF0045_SA0,1,BL00045,BS003986,cv32e40p_cs_registers_N_HWLP2_APU0_A_EXTENSION0_FPU0_ZFINX0_PULP_SECURE0_USE_PMP0_N_PMP_ENTRIES16_NUM_MHPMCOUNTERS1_COREV_PULP0_COREV_CLUSTER0_DEBUG_TRIGGER_EN1|g42699__1617|A1,csr_debug,n_960,combinational_output,4,3_4,g42699__1617,AND2_X1,A1,combinational_input,csr_debug|combinational_output|3_4,NOT_RUN,PENDING,,/raid/spring2026/fwu44/research/fault2assertion/faults/cv32e40p/branchfault/BF0045_SA1/results/crc32/screen_seed20260729_mc2000000,/raid/spring2026/fwu44/research/fault2assertion/faults/cv32e40p/branchfault/BF0045_SA1/results/crc32/screen_seed20260729_mc2000000/xrun.log,False,True,True
91,BF0046_SA0,BF0046_SA1,0,BL00046,BS004052,cv32e40p_cs_registers_N_HWLP2_APU0_A_EXTENSION0_FPU0_ZFINX0_PULP_SECURE0_USE_PMP0_N_PMP_ENTRIES16_NUM_MHPMCOUNTERS1_COREV_PULP0_COREV_CLUSTER0_DEBUG_TRIGGER_EN1|g42632__4319|A2,csr_debug,n_980,combinational_output,32,gt_8,g42632__4319,NAND2_X1,A2,combinational_input,csr_debug|combinational_output|gt_8,NOT_RUN,PENDING,,/raid/spring2026/fwu44/research/fault2assertion/faults/cv32e40p/branchfault/BF0046_SA0/results/crc32/screen_seed20260729_mc2000000,/raid/spring2026/fwu44/research/fault2assertion/faults/cv32e40p/branchfault/BF0046_SA0/results/crc32/screen_seed20260729_mc2000000/xrun.log,False,True,True
92,BF0046_SA1,BF0046_SA0,1,BL00046,BS004052,cv32e40p_cs_registers_N_HWLP2_APU0_A_EXTENSION0_FPU0_ZFINX0_PULP_SECURE0_USE_PMP0_N_PMP_ENTRIES16_NUM_MHPMCOUNTERS1_COREV_PULP0_COREV_CLUSTER0_DEBUG_TRIGGER_EN1|g42632__4319|A2,csr_debug,n_980,combinational_output,32,gt_8,g42632__4319,NAND2_X1,A2,combinational_input,csr_debug|combinational_output|gt_8,NOT_RUN,PENDING,,/raid/spring2026/fwu44/research/fault2assertion/faults/cv32e40p/branchfault/BF0046_SA1/results/crc32/screen_seed20260729_mc2000000,/raid/spring2026/fwu44/research/fault2assertion/faults/cv32e40p/branchfault/BF0046_SA1/results/crc32/screen_seed20260729_mc2000000/xrun.log,False,True,True
93,BF0047_SA0,BF0047_SA1,0,BL00047,BS004201,cv32e40p_decoder_COREV_PULP0_COREV_CLUSTER0_A_EXTENSION0_FPU0_FPU_ADDMUL_LAT0_FPU_OTHERS_LAT0_ZFINX0_PULP_SECURE0_USE_PMP0_APU_WOP_CPU6_DEBUG_TRIGGER_EN1|g8498|A,csr_debug,illegal_c_insn_i,hierarchy_boundary,4,3_4,g8498,AOI21_X1,A,combinational_input,csr_debug|hierarchy_boundary|3_4,NOT_RUN,PENDING,,/raid/spring2026/fwu44/research/fault2assertion/faults/cv32e40p/branchfault/BF0047_SA0/results/crc32/screen_seed20260729_mc2000000,/raid/spring2026/fwu44/research/fault2assertion/faults/cv32e40p/branchfault/BF0047_SA0/results/crc32/screen_seed20260729_mc2000000/xrun.log,False,True,True
94,BF0047_SA1,BF0047_SA0,1,BL00047,BS004201,cv32e40p_decoder_COREV_PULP0_COREV_CLUSTER0_A_EXTENSION0_FPU0_FPU_ADDMUL_LAT0_FPU_OTHERS_LAT0_ZFINX0_PULP_SECURE0_USE_PMP0_APU_WOP_CPU6_DEBUG_TRIGGER_EN1|g8498|A,csr_debug,illegal_c_insn_i,hierarchy_boundary,4,3_4,g8498,AOI21_X1,A,combinational_input,csr_debug|hierarchy_boundary|3_4,NOT_RUN,PENDING,,/raid/spring2026/fwu44/research/fault2assertion/faults/cv32e40p/branchfault/BF0047_SA1/results/crc32/screen_seed20260729_mc2000000,/raid/spring2026/fwu44/research/fault2assertion/faults/cv32e40p/branchfault/BF0047_SA1/results/crc32/screen_seed20260729_mc2000000/xrun.log,False,True,True
95,BF0048_SA0,BF0048_SA1,0,BL00048,BS004342,cv32e40p_decoder_COREV_PULP0_COREV_CLUSTER0_A_EXTENSION0_FPU0_FPU_ADDMUL_LAT0_FPU_OTHERS_LAT0_ZFINX0_PULP_SECURE0_USE_PMP0_APU_WOP_CPU6_DEBUG_TRIGGER_EN1|g8554|A4,csr_debug,n_22,combinational_output,6,5_8,g8554,OR4_X1,A4,combinational_input,csr_debug|combinational_output|5_8,NOT_RUN,PENDING,,/raid/spring2026/fwu44/research/fault2assertion/faults/cv32e40p/branchfault/BF0048_SA0/results/crc32/screen_seed20260729_mc2000000,/raid/spring2026/fwu44/research/fault2assertion/faults/cv32e40p/branchfault/BF0048_SA0/results/crc32/screen_seed20260729_mc2000000/xrun.log,False,True,True
96,BF0048_SA1,BF0048_SA0,1,BL00048,BS004342,cv32e40p_decoder_COREV_PULP0_COREV_CLUSTER0_A_EXTENSION0_FPU0_FPU_ADDMUL_LAT0_FPU_OTHERS_LAT0_ZFINX0_PULP_SECURE0_USE_PMP0_APU_WOP_CPU6_DEBUG_TRIGGER_EN1|g8554|A4,csr_debug,n_22,combinational_output,6,5_8,g8554,OR4_X1,A4,combinational_input,csr_debug|combinational_output|5_8,NOT_RUN,PENDING,,/raid/spring2026/fwu44/research/fault2assertion/faults/cv32e40p/branchfault/BF0048_SA1/results/crc32/screen_seed20260729_mc2000000,/raid/spring2026/fwu44/research/fault2assertion/faults/cv32e40p/branchfault/BF0048_SA1/results/crc32/screen_seed20260729_mc2000000/xrun.log,False,True,True
97,BF0049_SA0,BF0049_SA1,0,BL00049,BS004408,cv32e40p_decoder_COREV_PULP0_COREV_CLUSTER0_A_EXTENSION0_FPU0_FPU_ADDMUL_LAT0_FPU_OTHERS_LAT0_ZFINX0_PULP_SECURE0_USE_PMP0_APU_WOP_CPU6_DEBUG_TRIGGER_EN1|g8510|C1,csr_debug,n_252,combinational_output,7,5_8,g8510,OAI221_X1,C1,combinational_input,csr_debug|combinational_output|5_8,NOT_RUN,PENDING,,/raid/spring2026/fwu44/research/fault2assertion/faults/cv32e40p/branchfault/BF0049_SA0/results/crc32/screen_seed20260729_mc2000000,/raid/spring2026/fwu44/research/fault2assertion/faults/cv32e40p/branchfault/BF0049_SA0/results/crc32/screen_seed20260729_mc2000000/xrun.log,False,True,True
98,BF0049_SA1,BF0049_SA0,1,BL00049,BS004408,cv32e40p_decoder_COREV_PULP0_COREV_CLUSTER0_A_EXTENSION0_FPU0_FPU_ADDMUL_LAT0_FPU_OTHERS_LAT0_ZFINX0_PULP_SECURE0_USE_PMP0_APU_WOP_CPU6_DEBUG_TRIGGER_EN1|g8510|C1,csr_debug,n_252,combinational_output,7,5_8,g8510,OAI221_X1,C1,combinational_input,csr_debug|combinational_output|5_8,NOT_RUN,PENDING,,/raid/spring2026/fwu44/research/fault2assertion/faults/cv32e40p/branchfault/BF0049_SA1/results/crc32/screen_seed20260729_mc2000000,/raid/spring2026/fwu44/research/fault2assertion/faults/cv32e40p/branchfault/BF0049_SA1/results/crc32/screen_seed20260729_mc2000000/xrun.log,False,True,True
99,BF0050_SA0,BF0050_SA1,0,BL00050,BS004633,cv32e40p_ex_stage_COREV_PULP0_FPU0_APU_NARGS_CPU3_APU_WOP_CPU6_APU_NDSFLAGS_CPU15_APU_NUSFLAGS_CPU5|g2474|C2,csr_debug,csr_access_i,hierarchy_boundary,34,gt_8,g2474,AOI222_X1,C2,combinational_input,csr_debug|hierarchy_boundary|gt_8,NOT_RUN,PENDING,,/raid/spring2026/fwu44/research/fault2assertion/faults/cv32e40p/branchfault/BF0050_SA0/results/crc32/screen_seed20260729_mc2000000,/raid/spring2026/fwu44/research/fault2assertion/faults/cv32e40p/branchfault/BF0050_SA0/results/crc32/screen_seed20260729_mc2000000/xrun.log,False,True,True
100,BF0050_SA1,BF0050_SA0,1,BL00050,BS004633,cv32e40p_ex_stage_COREV_PULP0_FPU0_APU_NARGS_CPU3_APU_WOP_CPU6_APU_NDSFLAGS_CPU15_APU_NUSFLAGS_CPU5|g2474|C2,csr_debug,csr_access_i,hierarchy_boundary,34,gt_8,g2474,AOI222_X1,C2,combinational_input,csr_debug|hierarchy_boundary|gt_8,NOT_RUN,PENDING,,/raid/spring2026/fwu44/research/fault2assertion/faults/cv32e40p/branchfault/BF0050_SA1/results/crc32/screen_seed20260729_mc2000000,/raid/spring2026/fwu44/research/fault2assertion/faults/cv32e40p/branchfault/BF0050_SA1/results/crc32/screen_seed20260729_mc2000000/xrun.log,False,True,True
101,BF0051_SA0,BF0051_SA1,0,BL00051,BS004653,cv32e40p_ex_stage_COREV_PULP0_FPU0_APU_NARGS_CPU3_APU_WOP_CPU6_APU_NDSFLAGS_CPU15_APU_NUSFLAGS_CPU5|g2508|A2,csr_debug,csr_access_i,hierarchy_boundary,34,gt_8,g2508,NAND2_X1,A2,combinational_input,csr_debug|hierarchy_boundary|gt_8,NOT_RUN,PENDING,,/raid/spring2026/fwu44/research/fault2assertion/faults/cv32e40p/branchfault/BF0051_SA0/results/crc32/screen_seed20260729_mc2000000,/raid/spring2026/fwu44/research/fault2assertion/faults/cv32e40p/branchfault/BF0051_SA0/results/crc32/screen_seed20260729_mc2000000/xrun.log,False,True,True
102,BF0051_SA1,BF0051_SA0,1,BL00051,BS004653,cv32e40p_ex_stage_COREV_PULP0_FPU0_APU_NARGS_CPU3_APU_WOP_CPU6_APU_NDSFLAGS_CPU15_APU_NUSFLAGS_CPU5|g2508|A2,csr_debug,csr_access_i,hierarchy_boundary,34,gt_8,g2508,NAND2_X1,A2,combinational_input,csr_debug|hierarchy_boundary|gt_8,NOT_RUN,PENDING,,/raid/spring2026/fwu44/research/fault2assertion/faults/cv32e40p/branchfault/BF0051_SA1/results/crc32/screen_seed20260729_mc2000000,/raid/spring2026/fwu44/research/fault2assertion/faults/cv32e40p/branchfault/BF0051_SA1/results/crc32/screen_seed20260729_mc2000000/xrun.log,False,True,True
103,BF0052_SA0,BF0052_SA1,0,BL00052,BS004666,cv32e40p_id_stage_COREV_PULP0_COREV_CLUSTER0_N_HWLP2_PULP_SECURE0_USE_PMP0_A_EXTENSION0_APU0_FPU0_FPU_ADDMUL_LAT0_FPU_OTHERS_LAT0_ZFINX0_APU_NARGS_CPU3_APU_WOP_CPU6_APU_NDSFLAGS_CPU15_APU_NUSFLAGS_CPU5_DEBUG_TRIGGER_EN1|\add_576_38_Y_add_575_38_Y_add_579_49/g1255|B2,csr_debug,\add_576_38_Y_add_575_38_Y_add_579_49/n_101,combinational_output,2,2,\add_576_38_Y_add_575_38_Y_add_579_49/g1255,AOI21_X1,B2,combinational_input,csr_debug|combinational_output|2,NOT_RUN,PENDING,,/raid/spring2026/fwu44/research/fault2assertion/faults/cv32e40p/branchfault/BF0052_SA0/results/crc32/screen_seed20260729_mc2000000,/raid/spring2026/fwu44/research/fault2assertion/faults/cv32e40p/branchfault/BF0052_SA0/results/crc32/screen_seed20260729_mc2000000/xrun.log,False,True,True
104,BF0052_SA1,BF0052_SA0,1,BL00052,BS004666,cv32e40p_id_stage_COREV_PULP0_COREV_CLUSTER0_N_HWLP2_PULP_SECURE0_USE_PMP0_A_EXTENSION0_APU0_FPU0_FPU_ADDMUL_LAT0_FPU_OTHERS_LAT0_ZFINX0_APU_NARGS_CPU3_APU_WOP_CPU6_APU_NDSFLAGS_CPU15_APU_NUSFLAGS_CPU5_DEBUG_TRIGGER_EN1|\add_576_38_Y_add_575_38_Y_add_579_49/g1255|B2,csr_debug,\add_576_38_Y_add_575_38_Y_add_579_49/n_101,combinational_output,2,2,\add_576_38_Y_add_575_38_Y_add_579_49/g1255,AOI21_X1,B2,combinational_input,csr_debug|combinational_output|2,NOT_RUN,PENDING,,/raid/spring2026/fwu44/research/fault2assertion/faults/cv32e40p/branchfault/BF0052_SA1/results/crc32/screen_seed20260729_mc2000000,/raid/spring2026/fwu44/research/fault2assertion/faults/cv32e40p/branchfault/BF0052_SA1/results/crc32/screen_seed20260729_mc2000000/xrun.log,False,True,True
105,BF0053_SA0,BF0053_SA1,0,BL00053,BS004710,cv32e40p_id_stage_COREV_PULP0_COREV_CLUSTER0_N_HWLP2_PULP_SECURE0_USE_PMP0_A_EXTENSION0_APU0_FPU0_FPU_ADDMUL_LAT0_FPU_OTHERS_LAT0_ZFINX0_APU_NARGS_CPU3_APU_WOP_CPU6_APU_NDSFLAGS_CPU15_APU_NUSFLAGS_CPU5_DEBUG_TRIGGER_EN1|\add_576_38_Y_add_575_38_Y_add_579_49/g1244|A2,csr_debug,\add_576_38_Y_add_575_38_Y_add_579_49/n_15,combinational_output,3,3_4,\add_576_38_Y_add_575_38_Y_add_579_49/g1244,NOR2_X1,A2,combinational_input,csr_debug|combinational_output|3_4,NOT_RUN,PENDING,,/raid/spring2026/fwu44/research/fault2assertion/faults/cv32e40p/branchfault/BF0053_SA0/results/crc32/screen_seed20260729_mc2000000,/raid/spring2026/fwu44/research/fault2assertion/faults/cv32e40p/branchfault/BF0053_SA0/results/crc32/screen_seed20260729_mc2000000/xrun.log,False,True,True
106,BF0053_SA1,BF0053_SA0,1,BL00053,BS004710,cv32e40p_id_stage_COREV_PULP0_COREV_CLUSTER0_N_HWLP2_PULP_SECURE0_USE_PMP0_A_EXTENSION0_APU0_FPU0_FPU_ADDMUL_LAT0_FPU_OTHERS_LAT0_ZFINX0_APU_NARGS_CPU3_APU_WOP_CPU6_APU_NDSFLAGS_CPU15_APU_NUSFLAGS_CPU5_DEBUG_TRIGGER_EN1|\add_576_38_Y_add_575_38_Y_add_579_49/g1244|A2,csr_debug,\add_576_38_Y_add_575_38_Y_add_579_49/n_15,combinational_output,3,3_4,\add_576_38_Y_add_575_38_Y_add_579_49/g1244,NOR2_X1,A2,combinational_input,csr_debug|combinational_output|3_4,NOT_RUN,PENDING,,/raid/spring2026/fwu44/research/fault2assertion/faults/cv32e40p/branchfault/BF0053_SA1/results/crc32/screen_seed20260729_mc2000000,/raid/spring2026/fwu44/research/fault2assertion/faults/cv32e40p/branchfault/BF0053_SA1/results/crc32/screen_seed20260729_mc2000000/xrun.log,False,True,True
107,BF0054_SA0,BF0054_SA1,0,BL00054,BS004714,cv32e40p_id_stage_COREV_PULP0_COREV_CLUSTER0_N_HWLP2_PULP_SECURE0_USE_PMP0_A_EXTENSION0_APU0_FPU0_FPU_ADDMUL_LAT0_FPU_OTHERS_LAT0_ZFINX0_APU_NARGS_CPU3_APU_WOP_CPU6_APU_NDSFLAGS_CPU15_APU_NUSFLAGS_CPU5_DEBUG_TRIGGER_EN1|\add_576_38_Y_add_575_38_Y_add_579_49/g1259|B1,csr_debug,\add_576_38_Y_add_575_38_Y_add_579_49/n_152,combinational_output,3,3_4,\add_576_38_Y_add_575_38_Y_add_579_49/g1259,OAI21_X1,B1,combinational_input,csr_debug|combinational_output|3_4,NOT_RUN,PENDING,,/raid/spring2026/fwu44/research/fault2assertion/faults/cv32e40p/branchfault/BF0054_SA0/results/crc32/screen_seed20260729_mc2000000,/raid/spring2026/fwu44/research/fault2assertion/faults/cv32e40p/branchfault/BF0054_SA0/results/crc32/screen_seed20260729_mc2000000/xrun.log,False,True,True
108,BF0054_SA1,BF0054_SA0,1,BL00054,BS004714,cv32e40p_id_stage_COREV_PULP0_COREV_CLUSTER0_N_HWLP2_PULP_SECURE0_USE_PMP0_A_EXTENSION0_APU0_FPU0_FPU_ADDMUL_LAT0_FPU_OTHERS_LAT0_ZFINX0_APU_NARGS_CPU3_APU_WOP_CPU6_APU_NDSFLAGS_CPU15_APU_NUSFLAGS_CPU5_DEBUG_TRIGGER_EN1|\add_576_38_Y_add_575_38_Y_add_579_49/g1259|B1,csr_debug,\add_576_38_Y_add_575_38_Y_add_579_49/n_152,combinational_output,3,3_4,\add_576_38_Y_add_575_38_Y_add_579_49/g1259,OAI21_X1,B1,combinational_input,csr_debug|combinational_output|3_4,NOT_RUN,PENDING,,/raid/spring2026/fwu44/research/fault2assertion/faults/cv32e40p/branchfault/BF0054_SA1/results/crc32/screen_seed20260729_mc2000000,/raid/spring2026/fwu44/research/fault2assertion/faults/cv32e40p/branchfault/BF0054_SA1/results/crc32/screen_seed20260729_mc2000000/xrun.log,False,True,True
109,BF0055_SA0,BF0055_SA1,0,BL00055,BS004768,cv32e40p_id_stage_COREV_PULP0_COREV_CLUSTER0_N_HWLP2_PULP_SECURE0_USE_PMP0_A_EXTENSION0_APU0_FPU0_FPU_ADDMUL_LAT0_FPU_OTHERS_LAT0_ZFINX0_APU_NARGS_CPU3_APU_WOP_CPU6_APU_NDSFLAGS_CPU15_APU_NUSFLAGS_CPU5_DEBUG_TRIGGER_EN1|\add_576_38_Y_add_575_38_Y_add_579_49/g1291|B2,csr_debug,\add_576_38_Y_add_575_38_Y_add_579_49/n_21,combinational_output,3,3_4,\add_576_38_Y_add_575_38_Y_add_579_49/g1291,OAI21_X1,B2,combinational_input,csr_debug|combinational_output|3_4,NOT_RUN,PENDING,,/raid/spring2026/fwu44/research/fault2assertion/faults/cv32e40p/branchfault/BF0055_SA0/results/crc32/screen_seed20260729_mc2000000,/raid/spring2026/fwu44/research/fault2assertion/faults/cv32e40p/branchfault/BF0055_SA0/results/crc32/screen_seed20260729_mc2000000/xrun.log,False,True,True
110,BF0055_SA1,BF0055_SA0,1,BL00055,BS004768,cv32e40p_id_stage_COREV_PULP0_COREV_CLUSTER0_N_HWLP2_PULP_SECURE0_USE_PMP0_A_EXTENSION0_APU0_FPU0_FPU_ADDMUL_LAT0_FPU_OTHERS_LAT0_ZFINX0_APU_NARGS_CPU3_APU_WOP_CPU6_APU_NDSFLAGS_CPU15_APU_NUSFLAGS_CPU5_DEBUG_TRIGGER_EN1|\add_576_38_Y_add_575_38_Y_add_579_49/g1291|B2,csr_debug,\add_576_38_Y_add_575_38_Y_add_579_49/n_21,combinational_output,3,3_4,\add_576_38_Y_add_575_38_Y_add_579_49/g1291,OAI21_X1,B2,combinational_input,csr_debug|combinational_output|3_4,NOT_RUN,PENDING,,/raid/spring2026/fwu44/research/fault2assertion/faults/cv32e40p/branchfault/BF0055_SA1/results/crc32/screen_seed20260729_mc2000000,/raid/spring2026/fwu44/research/fault2assertion/faults/cv32e40p/branchfault/BF0055_SA1/results/crc32/screen_seed20260729_mc2000000/xrun.log,False,True,True
111,BF0056_SA0,BF0056_SA1,0,BL00056,BS004905,cv32e40p_id_stage_COREV_PULP0_COREV_CLUSTER0_N_HWLP2_PULP_SECURE0_USE_PMP0_A_EXTENSION0_APU0_FPU0_FPU_ADDMUL_LAT0_FPU_OTHERS_LAT0_ZFINX0_APU_NARGS_CPU3_APU_WOP_CPU6_APU_NDSFLAGS_CPU15_APU_NUSFLAGS_CPU5_DEBUG_TRIGGER_EN1|g28127|A2,csr_debug,csr_access,hierarchy_boundary,2,2,g28127,NAND2_X1,A2,combinational_input,csr_debug|hierarchy_boundary|2,NOT_RUN,PENDING,,/raid/spring2026/fwu44/research/fault2assertion/faults/cv32e40p/branchfault/BF0056_SA0/results/crc32/screen_seed20260729_mc2000000,/raid/spring2026/fwu44/research/fault2assertion/faults/cv32e40p/branchfault/BF0056_SA0/results/crc32/screen_seed20260729_mc2000000/xrun.log,False,True,True
112,BF0056_SA1,BF0056_SA0,1,BL00056,BS004905,cv32e40p_id_stage_COREV_PULP0_COREV_CLUSTER0_N_HWLP2_PULP_SECURE0_USE_PMP0_A_EXTENSION0_APU0_FPU0_FPU_ADDMUL_LAT0_FPU_OTHERS_LAT0_ZFINX0_APU_NARGS_CPU3_APU_WOP_CPU6_APU_NDSFLAGS_CPU15_APU_NUSFLAGS_CPU5_DEBUG_TRIGGER_EN1|g28127|A2,csr_debug,csr_access,hierarchy_boundary,2,2,g28127,NAND2_X1,A2,combinational_input,csr_debug|hierarchy_boundary|2,NOT_RUN,PENDING,,/raid/spring2026/fwu44/research/fault2assertion/faults/cv32e40p/branchfault/BF0056_SA1/results/crc32/screen_seed20260729_mc2000000,/raid/spring2026/fwu44/research/fault2assertion/faults/cv32e40p/branchfault/BF0056_SA1/results/crc32/screen_seed20260729_mc2000000/xrun.log,False,True,True
113,BF0057_SA0,BF0057_SA1,0,BL00057,BS004930,cv32e40p_id_stage_COREV_PULP0_COREV_CLUSTER0_N_HWLP2_PULP_SECURE0_USE_PMP0_A_EXTENSION0_APU0_FPU0_FPU_ADDMUL_LAT0_FPU_OTHERS_LAT0_ZFINX0_APU_NARGS_CPU3_APU_WOP_CPU6_APU_NDSFLAGS_CPU15_APU_NUSFLAGS_CPU5_DEBUG_TRIGGER_EN1|g27563|B1,csr_debug,n_0,combinational_output,10,gt_8,g27563,AOI221_X1,B1,combinational_input,csr_debug|combinational_output|gt_8,NOT_RUN,PENDING,,/raid/spring2026/fwu44/research/fault2assertion/faults/cv32e40p/branchfault/BF0057_SA0/results/crc32/screen_seed20260729_mc2000000,/raid/spring2026/fwu44/research/fault2assertion/faults/cv32e40p/branchfault/BF0057_SA0/results/crc32/screen_seed20260729_mc2000000/xrun.log,False,True,True
114,BF0057_SA1,BF0057_SA0,1,BL00057,BS004930,cv32e40p_id_stage_COREV_PULP0_COREV_CLUSTER0_N_HWLP2_PULP_SECURE0_USE_PMP0_A_EXTENSION0_APU0_FPU0_FPU_ADDMUL_LAT0_FPU_OTHERS_LAT0_ZFINX0_APU_NARGS_CPU3_APU_WOP_CPU6_APU_NDSFLAGS_CPU15_APU_NUSFLAGS_CPU5_DEBUG_TRIGGER_EN1|g27563|B1,csr_debug,n_0,combinational_output,10,gt_8,g27563,AOI221_X1,B1,combinational_input,csr_debug|combinational_output|gt_8,NOT_RUN,PENDING,,/raid/spring2026/fwu44/research/fault2assertion/faults/cv32e40p/branchfault/BF0057_SA1/results/crc32/screen_seed20260729_mc2000000,/raid/spring2026/fwu44/research/fault2assertion/faults/cv32e40p/branchfault/BF0057_SA1/results/crc32/screen_seed20260729_mc2000000/xrun.log,False,True,True
115,BF0058_SA0,BF0058_SA1,0,BL00058,BS004978,cv32e40p_id_stage_COREV_PULP0_COREV_CLUSTER0_N_HWLP2_PULP_SECURE0_USE_PMP0_A_EXTENSION0_APU0_FPU0_FPU_ADDMUL_LAT0_FPU_OTHERS_LAT0_ZFINX0_APU_NARGS_CPU3_APU_WOP_CPU6_APU_NDSFLAGS_CPU15_APU_NUSFLAGS_CPU5_DEBUG_TRIGGER_EN1|g27728|C2,csr_debug,n_150,combinational_output,32,gt_8,g27728,OAI221_X1,C2,combinational_input,csr_debug|combinational_output|gt_8,NOT_RUN,PENDING,,/raid/spring2026/fwu44/research/fault2assertion/faults/cv32e40p/branchfault/BF0058_SA0/results/crc32/screen_seed20260729_mc2000000,/raid/spring2026/fwu44/research/fault2assertion/faults/cv32e40p/branchfault/BF0058_SA0/results/crc32/screen_seed20260729_mc2000000/xrun.log,False,True,True
116,BF0058_SA1,BF0058_SA0,1,BL00058,BS004978,cv32e40p_id_stage_COREV_PULP0_COREV_CLUSTER0_N_HWLP2_PULP_SECURE0_USE_PMP0_A_EXTENSION0_APU0_FPU0_FPU_ADDMUL_LAT0_FPU_OTHERS_LAT0_ZFINX0_APU_NARGS_CPU3_APU_WOP_CPU6_APU_NDSFLAGS_CPU15_APU_NUSFLAGS_CPU5_DEBUG_TRIGGER_EN1|g27728|C2,csr_debug,n_150,combinational_output,32,gt_8,g27728,OAI221_X1,C2,combinational_input,csr_debug|combinational_output|gt_8,NOT_RUN,PENDING,,/raid/spring2026/fwu44/research/fault2assertion/faults/cv32e40p/branchfault/BF0058_SA1/results/crc32/screen_seed20260729_mc2000000,/raid/spring2026/fwu44/research/fault2assertion/faults/cv32e40p/branchfault/BF0058_SA1/results/crc32/screen_seed20260729_mc2000000/xrun.log,False,True,True
117,BF0059_SA0,BF0059_SA1,0,BL00059,BS004987,cv32e40p_id_stage_COREV_PULP0_COREV_CLUSTER0_N_HWLP2_PULP_SECURE0_USE_PMP0_A_EXTENSION0_APU0_FPU0_FPU_ADDMUL_LAT0_FPU_OTHERS_LAT0_ZFINX0_APU_NARGS_CPU3_APU_WOP_CPU6_APU_NDSFLAGS_CPU15_APU_NUSFLAGS_CPU5_DEBUG_TRIGGER_EN1|g27832|B1,csr_debug,n_151,combinational_output,32,gt_8,g27832,AOI222_X1,B1,combinational_input,csr_debug|combinational_output|gt_8,NOT_RUN,PENDING,,/raid/spring2026/fwu44/research/fault2assertion/faults/cv32e40p/branchfault/BF0059_SA0/results/crc32/screen_seed20260729_mc2000000,/raid/spring2026/fwu44/research/fault2assertion/faults/cv32e40p/branchfault/BF0059_SA0/results/crc32/screen_seed20260729_mc2000000/xrun.log,False,True,True
118,BF0059_SA1,BF0059_SA0,1,BL00059,BS004987,cv32e40p_id_stage_COREV_PULP0_COREV_CLUSTER0_N_HWLP2_PULP_SECURE0_USE_PMP0_A_EXTENSION0_APU0_FPU0_FPU_ADDMUL_LAT0_FPU_OTHERS_LAT0_ZFINX0_APU_NARGS_CPU3_APU_WOP_CPU6_APU_NDSFLAGS_CPU15_APU_NUSFLAGS_CPU5_DEBUG_TRIGGER_EN1|g27832|B1,csr_debug,n_151,combinational_output,32,gt_8,g27832,AOI222_X1,B1,combinational_input,csr_debug|combinational_output|gt_8,NOT_RUN,PENDING,,/raid/spring2026/fwu44/research/fault2assertion/faults/cv32e40p/branchfault/BF0059_SA1/results/crc32/screen_seed20260729_mc2000000,/raid/spring2026/fwu44/research/fault2assertion/faults/cv32e40p/branchfault/BF0059_SA1/results/crc32/screen_seed20260729_mc2000000/xrun.log,False,True,True
119,BF0060_SA0,BF0060_SA1,0,BL00060,BS005034,cv32e40p_id_stage_COREV_PULP0_COREV_CLUSTER0_N_HWLP2_PULP_SECURE0_USE_PMP0_A_EXTENSION0_APU0_FPU0_FPU_ADDMUL_LAT0_FPU_OTHERS_LAT0_ZFINX0_APU_NARGS_CPU3_APU_WOP_CPU6_APU_NDSFLAGS_CPU15_APU_NUSFLAGS_CPU5_DEBUG_TRIGGER_EN1|g27863|B1,csr_debug,n_152,combinational_output,32,gt_8,g27863,AOI222_X1,B1,combinational_input,csr_debug|combinational_output|gt_8,NOT_RUN,PENDING,,/raid/spring2026/fwu44/research/fault2assertion/faults/cv32e40p/branchfault/BF0060_SA0/results/crc32/screen_seed20260729_mc2000000,/raid/spring2026/fwu44/research/fault2assertion/faults/cv32e40p/branchfault/BF0060_SA0/results/crc32/screen_seed20260729_mc2000000/xrun.log,False,True,True
120,BF0060_SA1,BF0060_SA0,1,BL00060,BS005034,cv32e40p_id_stage_COREV_PULP0_COREV_CLUSTER0_N_HWLP2_PULP_SECURE0_USE_PMP0_A_EXTENSION0_APU0_FPU0_FPU_ADDMUL_LAT0_FPU_OTHERS_LAT0_ZFINX0_APU_NARGS_CPU3_APU_WOP_CPU6_APU_NDSFLAGS_CPU15_APU_NUSFLAGS_CPU5_DEBUG_TRIGGER_EN1|g27863|B1,csr_debug,n_152,combinational_output,32,gt_8,g27863,AOI222_X1,B1,combinational_input,csr_debug|combinational_output|gt_8,NOT_RUN,PENDING,,/raid/spring2026/fwu44/research/fault2assertion/faults/cv32e40p/branchfault/BF0060_SA1/results/crc32/screen_seed20260729_mc2000000,/raid/spring2026/fwu44/research/fault2assertion/faults/cv32e40p/branchfault/BF0060_SA1/results/crc32/screen_seed20260729_mc2000000/xrun.log,False,True,True
121,BF0061_SA0,BF0061_SA1,0,BL00061,BS005104,cv32e40p_id_stage_COREV_PULP0_COREV_CLUSTER0_N_HWLP2_PULP_SECURE0_USE_PMP0_A_EXTENSION0_APU0_FPU0_FPU_ADDMUL_LAT0_FPU_OTHERS_LAT0_ZFINX0_APU_NARGS_CPU3_APU_WOP_CPU6_APU_NDSFLAGS_CPU15_APU_NUSFLAGS_CPU5_DEBUG_TRIGGER_EN1|g27439|B2,csr_debug,n_223,combinational_output,32,gt_8,g27439,OAI221_X1,B2,combinational_input,csr_debug|combinational_output|gt_8,NOT_RUN,PENDING,,/raid/spring2026/fwu44/research/fault2assertion/faults/cv32e40p/branchfault/BF0061_SA0/results/crc32/screen_seed20260729_mc2000000,/raid/spring2026/fwu44/research/fault2assertion/faults/cv32e40p/branchfault/BF0061_SA0/results/crc32/screen_seed20260729_mc2000000/xrun.log,False,True,True
122,BF0061_SA1,BF0061_SA0,1,BL00061,BS005104,cv32e40p_id_stage_COREV_PULP0_COREV_CLUSTER0_N_HWLP2_PULP_SECURE0_USE_PMP0_A_EXTENSION0_APU0_FPU0_FPU_ADDMUL_LAT0_FPU_OTHERS_LAT0_ZFINX0_APU_NARGS_CPU3_APU_WOP_CPU6_APU_NDSFLAGS_CPU15_APU_NUSFLAGS_CPU5_DEBUG_TRIGGER_EN1|g27439|B2,csr_debug,n_223,combinational_output,32,gt_8,g27439,OAI221_X1,B2,combinational_input,csr_debug|combinational_output|gt_8,NOT_RUN,PENDING,,/raid/spring2026/fwu44/research/fault2assertion/faults/cv32e40p/branchfault/BF0061_SA1/results/crc32/screen_seed20260729_mc2000000,/raid/spring2026/fwu44/research/fault2assertion/faults/cv32e40p/branchfault/BF0061_SA1/results/crc32/screen_seed20260729_mc2000000/xrun.log,False,True,True
123,BF0062_SA0,BF0062_SA1,0,BL00062,BS005134,cv32e40p_id_stage_COREV_PULP0_COREV_CLUSTER0_N_HWLP2_PULP_SECURE0_USE_PMP0_A_EXTENSION0_APU0_FPU0_FPU_ADDMUL_LAT0_FPU_OTHERS_LAT0_ZFINX0_APU_NARGS_CPU3_APU_WOP_CPU6_APU_NDSFLAGS_CPU15_APU_NUSFLAGS_CPU5_DEBUG_TRIGGER_EN1|g27770|A,csr_debug,n_230,combinational_output,20,gt_8,g27770,AOI211_X1,A,combinational_input,csr_debug|combinational_output|gt_8,NOT_RUN,PENDING,,/raid/spring2026/fwu44/research/fault2assertion/faults/cv32e40p/branchfault/BF0062_SA0/results/crc32/screen_seed20260729_mc2000000,/raid/spring2026/fwu44/research/fault2assertion/faults/cv32e40p/branchfault/BF0062_SA0/results/crc32/screen_seed20260729_mc2000000/xrun.log,False,True,True
124,BF0062_SA1,BF0062_SA0,1,BL00062,BS005134,cv32e40p_id_stage_COREV_PULP0_COREV_CLUSTER0_N_HWLP2_PULP_SECURE0_USE_PMP0_A_EXTENSION0_APU0_FPU0_FPU_ADDMUL_LAT0_FPU_OTHERS_LAT0_ZFINX0_APU_NARGS_CPU3_APU_WOP_CPU6_APU_NDSFLAGS_CPU15_APU_NUSFLAGS_CPU5_DEBUG_TRIGGER_EN1|g27770|A,csr_debug,n_230,combinational_output,20,gt_8,g27770,AOI211_X1,A,combinational_input,csr_debug|combinational_output|gt_8,NOT_RUN,PENDING,,/raid/spring2026/fwu44/research/fault2assertion/faults/cv32e40p/branchfault/BF0062_SA1/results/crc32/screen_seed20260729_mc2000000,/raid/spring2026/fwu44/research/fault2assertion/faults/cv32e40p/branchfault/BF0062_SA1/results/crc32/screen_seed20260729_mc2000000/xrun.log,False,True,True
125,BF0063_SA0,BF0063_SA1,0,BL00063,BS005239,cv32e40p_id_stage_COREV_PULP0_COREV_CLUSTER0_N_HWLP2_PULP_SECURE0_USE_PMP0_A_EXTENSION0_APU0_FPU0_FPU_ADDMUL_LAT0_FPU_OTHERS_LAT0_ZFINX0_APU_NARGS_CPU3_APU_WOP_CPU6_APU_NDSFLAGS_CPU15_APU_NUSFLAGS_CPU5_DEBUG_TRIGGER_EN1|g27599|A1,csr_debug,n_268,combinational_output,66,gt_8,g27599,NAND2_X1,A1,combinational_input,csr_debug|combinational_output|gt_8,NOT_RUN,PENDING,,/raid/spring2026/fwu44/research/fault2assertion/faults/cv32e40p/branchfault/BF0063_SA0/results/crc32/screen_seed20260729_mc2000000,/raid/spring2026/fwu44/research/fault2assertion/faults/cv32e40p/branchfault/BF0063_SA0/results/crc32/screen_seed20260729_mc2000000/xrun.log,False,True,True
126,BF0063_SA1,BF0063_SA0,1,BL00063,BS005239,cv32e40p_id_stage_COREV_PULP0_COREV_CLUSTER0_N_HWLP2_PULP_SECURE0_USE_PMP0_A_EXTENSION0_APU0_FPU0_FPU_ADDMUL_LAT0_FPU_OTHERS_LAT0_ZFINX0_APU_NARGS_CPU3_APU_WOP_CPU6_APU_NDSFLAGS_CPU15_APU_NUSFLAGS_CPU5_DEBUG_TRIGGER_EN1|g27599|A1,csr_debug,n_268,combinational_output,66,gt_8,g27599,NAND2_X1,A1,combinational_input,csr_debug|combinational_output|gt_8,NOT_RUN,PENDING,,/raid/spring2026/fwu44/research/fault2assertion/faults/cv32e40p/branchfault/BF0063_SA1/results/crc32/screen_seed20260729_mc2000000,/raid/spring2026/fwu44/research/fault2assertion/faults/cv32e40p/branchfault/BF0063_SA1/results/crc32/screen_seed20260729_mc2000000/xrun.log,False,True,True
127,BF0064_SA0,BF0064_SA1,0,BL00064,BS005353,cv32e40p_id_stage_COREV_PULP0_COREV_CLUSTER0_N_HWLP2_PULP_SECURE0_USE_PMP0_A_EXTENSION0_APU0_FPU0_FPU_ADDMUL_LAT0_FPU_OTHERS_LAT0_ZFINX0_APU_NARGS_CPU3_APU_WOP_CPU6_APU_NDSFLAGS_CPU15_APU_NUSFLAGS_CPU5_DEBUG_TRIGGER_EN1|g27569|C1,csr_debug,n_278,combinational_output,32,gt_8,g27569,AOI221_X1,C1,combinational_input,csr_debug|combinational_output|gt_8,NOT_RUN,PENDING,,/raid/spring2026/fwu44/research/fault2assertion/faults/cv32e40p/branchfault/BF0064_SA0/results/crc32/screen_seed20260729_mc2000000,/raid/spring2026/fwu44/research/fault2assertion/faults/cv32e40p/branchfault/BF0064_SA0/results/crc32/screen_seed20260729_mc2000000/xrun.log,False,True,True
128,BF0064_SA1,BF0064_SA0,1,BL00064,BS005353,cv32e40p_id_stage_COREV_PULP0_COREV_CLUSTER0_N_HWLP2_PULP_SECURE0_USE_PMP0_A_EXTENSION0_APU0_FPU0_FPU_ADDMUL_LAT0_FPU_OTHERS_LAT0_ZFINX0_APU_NARGS_CPU3_APU_WOP_CPU6_APU_NDSFLAGS_CPU15_APU_NUSFLAGS_CPU5_DEBUG_TRIGGER_EN1|g27569|C1,csr_debug,n_278,combinational_output,32,gt_8,g27569,AOI221_X1,C1,combinational_input,csr_debug|combinational_output|gt_8,NOT_RUN,PENDING,,/raid/spring2026/fwu44/research/fault2assertion/faults/cv32e40p/branchfault/BF0064_SA1/results/crc32/screen_seed20260729_mc2000000,/raid/spring2026/fwu44/research/fault2assertion/faults/cv32e40p/branchfault/BF0064_SA1/results/crc32/screen_seed20260729_mc2000000/xrun.log,False,True,True
129,BF0065_SA0,BF0065_SA1,0,BL00065,BS005365,cv32e40p_id_stage_COREV_PULP0_COREV_CLUSTER0_N_HWLP2_PULP_SECURE0_USE_PMP0_A_EXTENSION0_APU0_FPU0_FPU_ADDMUL_LAT0_FPU_OTHERS_LAT0_ZFINX0_APU_NARGS_CPU3_APU_WOP_CPU6_APU_NDSFLAGS_CPU15_APU_NUSFLAGS_CPU5_DEBUG_TRIGGER_EN1|g27399|B2,csr_debug,n_283,combinational_output,3,3_4,g27399,OAI221_X1,B2,combinational_input,csr_debug|combinational_output|3_4,NOT_RUN,PENDING,,/raid/spring2026/fwu44/research/fault2assertion/faults/cv32e40p/branchfault/BF0065_SA0/results/crc32/screen_seed20260729_mc2000000,/raid/spring2026/fwu44/research/fault2assertion/faults/cv32e40p/branchfault/BF0065_SA0/results/crc32/screen_seed20260729_mc2000000/xrun.log,False,True,True
130,BF0065_SA1,BF0065_SA0,1,BL00065,BS005365,cv32e40p_id_stage_COREV_PULP0_COREV_CLUSTER0_N_HWLP2_PULP_SECURE0_USE_PMP0_A_EXTENSION0_APU0_FPU0_FPU_ADDMUL_LAT0_FPU_OTHERS_LAT0_ZFINX0_APU_NARGS_CPU3_APU_WOP_CPU6_APU_NDSFLAGS_CPU15_APU_NUSFLAGS_CPU5_DEBUG_TRIGGER_EN1|g27399|B2,csr_debug,n_283,combinational_output,3,3_4,g27399,OAI221_X1,B2,combinational_input,csr_debug|combinational_output|3_4,NOT_RUN,PENDING,,/raid/spring2026/fwu44/research/fault2assertion/faults/cv32e40p/branchfault/BF0065_SA1/results/crc32/screen_seed20260729_mc2000000,/raid/spring2026/fwu44/research/fault2assertion/faults/cv32e40p/branchfault/BF0065_SA1/results/crc32/screen_seed20260729_mc2000000/xrun.log,False,True,True
131,BF0066_SA0,BF0066_SA1,0,BL00066,BS005560,cv32e40p_id_stage_COREV_PULP0_COREV_CLUSTER0_N_HWLP2_PULP_SECURE0_USE_PMP0_A_EXTENSION0_APU0_FPU0_FPU_ADDMUL_LAT0_FPU_OTHERS_LAT0_ZFINX0_APU_NARGS_CPU3_APU_WOP_CPU6_APU_NDSFLAGS_CPU15_APU_NUSFLAGS_CPU5_DEBUG_TRIGGER_EN1|g27871|C2,csr_debug,n_33,combinational_output,33,gt_8,g27871,AOI222_X1,C2,combinational_input,csr_debug|combinational_output|gt_8,NOT_RUN,PENDING,,/raid/spring2026/fwu44/research/fault2assertion/faults/cv32e40p/branchfault/BF0066_SA0/results/crc32/screen_seed20260729_mc2000000,/raid/spring2026/fwu44/research/fault2assertion/faults/cv32e40p/branchfault/BF0066_SA0/results/crc32/screen_seed20260729_mc2000000/xrun.log,False,True,True
132,BF0066_SA1,BF0066_SA0,1,BL00066,BS005560,cv32e40p_id_stage_COREV_PULP0_COREV_CLUSTER0_N_HWLP2_PULP_SECURE0_USE_PMP0_A_EXTENSION0_APU0_FPU0_FPU_ADDMUL_LAT0_FPU_OTHERS_LAT0_ZFINX0_APU_NARGS_CPU3_APU_WOP_CPU6_APU_NDSFLAGS_CPU15_APU_NUSFLAGS_CPU5_DEBUG_TRIGGER_EN1|g27871|C2,csr_debug,n_33,combinational_output,33,gt_8,g27871,AOI222_X1,C2,combinational_input,csr_debug|combinational_output|gt_8,NOT_RUN,PENDING,,/raid/spring2026/fwu44/research/fault2assertion/faults/cv32e40p/branchfault/BF0066_SA1/results/crc32/screen_seed20260729_mc2000000,/raid/spring2026/fwu44/research/fault2assertion/faults/cv32e40p/branchfault/BF0066_SA1/results/crc32/screen_seed20260729_mc2000000/xrun.log,False,True,True
133,BF0067_SA0,BF0067_SA1,0,BL00067,BS005582,cv32e40p_id_stage_COREV_PULP0_COREV_CLUSTER0_N_HWLP2_PULP_SECURE0_USE_PMP0_A_EXTENSION0_APU0_FPU0_FPU_ADDMUL_LAT0_FPU_OTHERS_LAT0_ZFINX0_APU_NARGS_CPU3_APU_WOP_CPU6_APU_NDSFLAGS_CPU15_APU_NUSFLAGS_CPU5_DEBUG_TRIGGER_EN1|g27659|C1,csr_debug,n_338,combinational_output,3,3_4,g27659,OAI221_X1,C1,combinational_input,csr_debug|combinational_output|3_4,NOT_RUN,PENDING,,/raid/spring2026/fwu44/research/fault2assertion/faults/cv32e40p/branchfault/BF0067_SA0/results/crc32/screen_seed20260729_mc2000000,/raid/spring2026/fwu44/research/fault2assertion/faults/cv32e40p/branchfault/BF0067_SA0/results/crc32/screen_seed20260729_mc2000000/xrun.log,False,True,True
134,BF0067_SA1,BF0067_SA0,1,BL00067,BS005582,cv32e40p_id_stage_COREV_PULP0_COREV_CLUSTER0_N_HWLP2_PULP_SECURE0_USE_PMP0_A_EXTENSION0_APU0_FPU0_FPU_ADDMUL_LAT0_FPU_OTHERS_LAT0_ZFINX0_APU_NARGS_CPU3_APU_WOP_CPU6_APU_NDSFLAGS_CPU15_APU_NUSFLAGS_CPU5_DEBUG_TRIGGER_EN1|g27659|C1,csr_debug,n_338,combinational_output,3,3_4,g27659,OAI221_X1,C1,combinational_input,csr_debug|combinational_output|3_4,NOT_RUN,PENDING,,/raid/spring2026/fwu44/research/fault2assertion/faults/cv32e40p/branchfault/BF0067_SA1/results/crc32/screen_seed20260729_mc2000000,/raid/spring2026/fwu44/research/fault2assertion/faults/cv32e40p/branchfault/BF0067_SA1/results/crc32/screen_seed20260729_mc2000000/xrun.log,False,True,True
135,BF0068_SA0,BF0068_SA1,0,BL00068,BS005636,cv32e40p_id_stage_COREV_PULP0_COREV_CLUSTER0_N_HWLP2_PULP_SECURE0_USE_PMP0_A_EXTENSION0_APU0_FPU0_FPU_ADDMUL_LAT0_FPU_OTHERS_LAT0_ZFINX0_APU_NARGS_CPU3_APU_WOP_CPU6_APU_NDSFLAGS_CPU15_APU_NUSFLAGS_CPU5_DEBUG_TRIGGER_EN1|g27861|C2,csr_debug,n_35,combinational_output,33,gt_8,g27861,AOI222_X1,C2,combinational_input,csr_debug|combinational_output|gt_8,NOT_RUN,PENDING,,/raid/spring2026/fwu44/research/fault2assertion/faults/cv32e40p/branchfault/BF0068_SA0/results/crc32/screen_seed20260729_mc2000000,/raid/spring2026/fwu44/research/fault2assertion/faults/cv32e40p/branchfault/BF0068_SA0/results/crc32/screen_seed20260729_mc2000000/xrun.log,False,True,True
136,BF0068_SA1,BF0068_SA0,1,BL00068,BS005636,cv32e40p_id_stage_COREV_PULP0_COREV_CLUSTER0_N_HWLP2_PULP_SECURE0_USE_PMP0_A_EXTENSION0_APU0_FPU0_FPU_ADDMUL_LAT0_FPU_OTHERS_LAT0_ZFINX0_APU_NARGS_CPU3_APU_WOP_CPU6_APU_NDSFLAGS_CPU15_APU_NUSFLAGS_CPU5_DEBUG_TRIGGER_EN1|g27861|C2,csr_debug,n_35,combinational_output,33,gt_8,g27861,AOI222_X1,C2,combinational_input,csr_debug|combinational_output|gt_8,NOT_RUN,PENDING,,/raid/spring2026/fwu44/research/fault2assertion/faults/cv32e40p/branchfault/BF0068_SA1/results/crc32/screen_seed20260729_mc2000000,/raid/spring2026/fwu44/research/fault2assertion/faults/cv32e40p/branchfault/BF0068_SA1/results/crc32/screen_seed20260729_mc2000000/xrun.log,False,True,True
137,BF0069_SA0,BF0069_SA1,0,BL00069,BS005864,cv32e40p_id_stage_COREV_PULP0_COREV_CLUSTER0_N_HWLP2_PULP_SECURE0_USE_PMP0_A_EXTENSION0_APU0_FPU0_FPU_ADDMUL_LAT0_FPU_OTHERS_LAT0_ZFINX0_APU_NARGS_CPU3_APU_WOP_CPU6_APU_NDSFLAGS_CPU15_APU_NUSFLAGS_CPU5_DEBUG_TRIGGER_EN1|g27682|B2,csr_debug,n_41,combinational_output,32,gt_8,g27682,OAI221_X1,B2,combinational_input,csr_debug|combinational_output|gt_8,NOT_RUN,PENDING,,/raid/spring2026/fwu44/research/fault2assertion/faults/cv32e40p/branchfault/BF0069_SA0/results/crc32/screen_seed20260729_mc2000000,/raid/spring2026/fwu44/research/fault2assertion/faults/cv32e40p/branchfault/BF0069_SA0/results/crc32/screen_seed20260729_mc2000000/xrun.log,False,True,True
138,BF0069_SA1,BF0069_SA0,1,BL00069,BS005864,cv32e40p_id_stage_COREV_PULP0_COREV_CLUSTER0_N_HWLP2_PULP_SECURE0_USE_PMP0_A_EXTENSION0_APU0_FPU0_FPU_ADDMUL_LAT0_FPU_OTHERS_LAT0_ZFINX0_APU_NARGS_CPU3_APU_WOP_CPU6_APU_NDSFLAGS_CPU15_APU_NUSFLAGS_CPU5_DEBUG_TRIGGER_EN1|g27682|B2,csr_debug,n_41,combinational_output,32,gt_8,g27682,OAI221_X1,B2,combinational_input,csr_debug|combinational_output|gt_8,NOT_RUN,PENDING,,/raid/spring2026/fwu44/research/fault2assertion/faults/cv32e40p/branchfault/BF0069_SA1/results/crc32/screen_seed20260729_mc2000000,/raid/spring2026/fwu44/research/fault2assertion/faults/cv32e40p/branchfault/BF0069_SA1/results/crc32/screen_seed20260729_mc2000000/xrun.log,False,True,True
139,BF0070_SA0,BF0070_SA1,0,BL00070,BS005895,cv32e40p_id_stage_COREV_PULP0_COREV_CLUSTER0_N_HWLP2_PULP_SECURE0_USE_PMP0_A_EXTENSION0_APU0_FPU0_FPU_ADDMUL_LAT0_FPU_OTHERS_LAT0_ZFINX0_APU_NARGS_CPU3_APU_WOP_CPU6_APU_NDSFLAGS_CPU15_APU_NUSFLAGS_CPU5_DEBUG_TRIGGER_EN1|g27639|C2,csr_debug,n_42,combinational_output,32,gt_8,g27639,OAI221_X1,C2,combinational_input,csr_debug|combinational_output|gt_8,NOT_RUN,PENDING,,/raid/spring2026/fwu44/research/fault2assertion/faults/cv32e40p/branchfault/BF0070_SA0/results/crc32/screen_seed20260729_mc2000000,/raid/spring2026/fwu44/research/fault2assertion/faults/cv32e40p/branchfault/BF0070_SA0/results/crc32/screen_seed20260729_mc2000000/xrun.log,False,True,True
140,BF0070_SA1,BF0070_SA0,1,BL00070,BS005895,cv32e40p_id_stage_COREV_PULP0_COREV_CLUSTER0_N_HWLP2_PULP_SECURE0_USE_PMP0_A_EXTENSION0_APU0_FPU0_FPU_ADDMUL_LAT0_FPU_OTHERS_LAT0_ZFINX0_APU_NARGS_CPU3_APU_WOP_CPU6_APU_NDSFLAGS_CPU15_APU_NUSFLAGS_CPU5_DEBUG_TRIGGER_EN1|g27639|C2,csr_debug,n_42,combinational_output,32,gt_8,g27639,OAI221_X1,C2,combinational_input,csr_debug|combinational_output|gt_8,NOT_RUN,PENDING,,/raid/spring2026/fwu44/research/fault2assertion/faults/cv32e40p/branchfault/BF0070_SA1/results/crc32/screen_seed20260729_mc2000000,/raid/spring2026/fwu44/research/fault2assertion/faults/cv32e40p/branchfault/BF0070_SA1/results/crc32/screen_seed20260729_mc2000000/xrun.log,False,True,True
141,BF0071_SA0,BF0071_SA1,0,BL00071,BS005901,cv32e40p_id_stage_COREV_PULP0_COREV_CLUSTER0_N_HWLP2_PULP_SECURE0_USE_PMP0_A_EXTENSION0_APU0_FPU0_FPU_ADDMUL_LAT0_FPU_OTHERS_LAT0_ZFINX0_APU_NARGS_CPU3_APU_WOP_CPU6_APU_NDSFLAGS_CPU15_APU_NUSFLAGS_CPU5_DEBUG_TRIGGER_EN1|g27652|C2,csr_debug,n_42,combinational_output,32,gt_8,g27652,OAI221_X1,C2,combinational_input,csr_debug|combinational_output|gt_8,NOT_RUN,PENDING,,/raid/spring2026/fwu44/research/fault2assertion/faults/cv32e40p/branchfault/BF0071_SA0/results/crc32/screen_seed20260729_mc2000000,/raid/spring2026/fwu44/research/fault2assertion/faults/cv32e40p/branchfault/BF0071_SA0/results/crc32/screen_seed20260729_mc2000000/xrun.log,False,True,True
142,BF0071_SA1,BF0071_SA0,1,BL00071,BS005901,cv32e40p_id_stage_COREV_PULP0_COREV_CLUSTER0_N_HWLP2_PULP_SECURE0_USE_PMP0_A_EXTENSION0_APU0_FPU0_FPU_ADDMUL_LAT0_FPU_OTHERS_LAT0_ZFINX0_APU_NARGS_CPU3_APU_WOP_CPU6_APU_NDSFLAGS_CPU15_APU_NUSFLAGS_CPU5_DEBUG_TRIGGER_EN1|g27652|C2,csr_debug,n_42,combinational_output,32,gt_8,g27652,OAI221_X1,C2,combinational_input,csr_debug|combinational_output|gt_8,NOT_RUN,PENDING,,/raid/spring2026/fwu44/research/fault2assertion/faults/cv32e40p/branchfault/BF0071_SA1/results/crc32/screen_seed20260729_mc2000000,/raid/spring2026/fwu44/research/fault2assertion/faults/cv32e40p/branchfault/BF0071_SA1/results/crc32/screen_seed20260729_mc2000000/xrun.log,False,True,True
143,BF0072_SA0,BF0072_SA1,0,BL00072,BS006004,cv32e40p_id_stage_COREV_PULP0_COREV_CLUSTER0_N_HWLP2_PULP_SECURE0_USE_PMP0_A_EXTENSION0_APU0_FPU0_FPU_ADDMUL_LAT0_FPU_OTHERS_LAT0_ZFINX0_APU_NARGS_CPU3_APU_WOP_CPU6_APU_NDSFLAGS_CPU15_APU_NUSFLAGS_CPU5_DEBUG_TRIGGER_EN1|g27696|C2,csr_debug,n_45,combinational_output,32,gt_8,g27696,OAI221_X1,C2,combinational_input,csr_debug|combinational_output|gt_8,NOT_RUN,PENDING,,/raid/spring2026/fwu44/research/fault2assertion/faults/cv32e40p/branchfault/BF0072_SA0/results/crc32/screen_seed20260729_mc2000000,/raid/spring2026/fwu44/research/fault2assertion/faults/cv32e40p/branchfault/BF0072_SA0/results/crc32/screen_seed20260729_mc2000000/xrun.log,False,True,True
144,BF0072_SA1,BF0072_SA0,1,BL00072,BS006004,cv32e40p_id_stage_COREV_PULP0_COREV_CLUSTER0_N_HWLP2_PULP_SECURE0_USE_PMP0_A_EXTENSION0_APU0_FPU0_FPU_ADDMUL_LAT0_FPU_OTHERS_LAT0_ZFINX0_APU_NARGS_CPU3_APU_WOP_CPU6_APU_NDSFLAGS_CPU15_APU_NUSFLAGS_CPU5_DEBUG_TRIGGER_EN1|g27696|C2,csr_debug,n_45,combinational_output,32,gt_8,g27696,OAI221_X1,C2,combinational_input,csr_debug|combinational_output|gt_8,NOT_RUN,PENDING,,/raid/spring2026/fwu44/research/fault2assertion/faults/cv32e40p/branchfault/BF0072_SA1/results/crc32/screen_seed20260729_mc2000000,/raid/spring2026/fwu44/research/fault2assertion/faults/cv32e40p/branchfault/BF0072_SA1/results/crc32/screen_seed20260729_mc2000000/xrun.log,False,True,True
145,BF0073_SA0,BF0073_SA1,0,BL00073,BS006181,cv32e40p_id_stage_COREV_PULP0_COREV_CLUSTER0_N_HWLP2_PULP_SECURE0_USE_PMP0_A_EXTENSION0_APU0_FPU0_FPU_ADDMUL_LAT0_FPU_OTHERS_LAT0_ZFINX0_APU_NARGS_CPU3_APU_WOP_CPU6_APU_NDSFLAGS_CPU15_APU_NUSFLAGS_CPU5_DEBUG_TRIGGER_EN1|g28230|A,csr_debug,n_747,sequential_output,2,2,g28230,INV_X1,A,combinational_input,csr_debug|sequential_output|2,NOT_RUN,PENDING,,/raid/spring2026/fwu44/research/fault2assertion/faults/cv32e40p/branchfault/BF0073_SA0/results/crc32/screen_seed20260729_mc2000000,/raid/spring2026/fwu44/research/fault2assertion/faults/cv32e40p/branchfault/BF0073_SA0/results/crc32/screen_seed20260729_mc2000000/xrun.log,False,True,True
146,BF0073_SA1,BF0073_SA0,1,BL00073,BS006181,cv32e40p_id_stage_COREV_PULP0_COREV_CLUSTER0_N_HWLP2_PULP_SECURE0_USE_PMP0_A_EXTENSION0_APU0_FPU0_FPU_ADDMUL_LAT0_FPU_OTHERS_LAT0_ZFINX0_APU_NARGS_CPU3_APU_WOP_CPU6_APU_NDSFLAGS_CPU15_APU_NUSFLAGS_CPU5_DEBUG_TRIGGER_EN1|g28230|A,csr_debug,n_747,sequential_output,2,2,g28230,INV_X1,A,combinational_input,csr_debug|sequential_output|2,NOT_RUN,PENDING,,/raid/spring2026/fwu44/research/fault2assertion/faults/cv32e40p/branchfault/BF0073_SA1/results/crc32/screen_seed20260729_mc2000000,/raid/spring2026/fwu44/research/fault2assertion/faults/cv32e40p/branchfault/BF0073_SA1/results/crc32/screen_seed20260729_mc2000000/xrun.log,False,True,True
147,BF0074_SA0,BF0074_SA1,0,BL00074,BS006235,cv32e40p_id_stage_COREV_PULP0_COREV_CLUSTER0_N_HWLP2_PULP_SECURE0_USE_PMP0_A_EXTENSION0_APU0_FPU0_FPU_ADDMUL_LAT0_FPU_OTHERS_LAT0_ZFINX0_APU_NARGS_CPU3_APU_WOP_CPU6_APU_NDSFLAGS_CPU15_APU_NUSFLAGS_CPU5_DEBUG_TRIGGER_EN1|g27963|A1,csr_debug,n_77,combinational_output,3,3_4,g27963,NOR2_X1,A1,combinational_input,csr_debug|combinational_output|3_4,NOT_RUN,PENDING,,/raid/spring2026/fwu44/research/fault2assertion/faults/cv32e40p/branchfault/BF0074_SA0/results/crc32/screen_seed20260729_mc2000000,/raid/spring2026/fwu44/research/fault2assertion/faults/cv32e40p/branchfault/BF0074_SA0/results/crc32/screen_seed20260729_mc2000000/xrun.log,False,True,True
148,BF0074_SA1,BF0074_SA0,1,BL00074,BS006235,cv32e40p_id_stage_COREV_PULP0_COREV_CLUSTER0_N_HWLP2_PULP_SECURE0_USE_PMP0_A_EXTENSION0_APU0_FPU0_FPU_ADDMUL_LAT0_FPU_OTHERS_LAT0_ZFINX0_APU_NARGS_CPU3_APU_WOP_CPU6_APU_NDSFLAGS_CPU15_APU_NUSFLAGS_CPU5_DEBUG_TRIGGER_EN1|g27963|A1,csr_debug,n_77,combinational_output,3,3_4,g27963,NOR2_X1,A1,combinational_input,csr_debug|combinational_output|3_4,NOT_RUN,PENDING,,/raid/spring2026/fwu44/research/fault2assertion/faults/cv32e40p/branchfault/BF0074_SA1/results/crc32/screen_seed20260729_mc2000000,/raid/spring2026/fwu44/research/fault2assertion/faults/cv32e40p/branchfault/BF0074_SA1/results/crc32/screen_seed20260729_mc2000000/xrun.log,False,True,True
149,BF0075_SA0,BF0075_SA1,0,BL00075,BS006246,cv32e40p_id_stage_COREV_PULP0_COREV_CLUSTER0_N_HWLP2_PULP_SECURE0_USE_PMP0_A_EXTENSION0_APU0_FPU0_FPU_ADDMUL_LAT0_FPU_OTHERS_LAT0_ZFINX0_APU_NARGS_CPU3_APU_WOP_CPU6_APU_NDSFLAGS_CPU15_APU_NUSFLAGS_CPU5_DEBUG_TRIGGER_EN1|g27965|A1,csr_debug,n_78,combinational_output,3,3_4,g27965,NOR2_X1,A1,combinational_input,csr_debug|combinational_output|3_4,NOT_RUN,PENDING,,/raid/spring2026/fwu44/research/fault2assertion/faults/cv32e40p/branchfault/BF0075_SA0/results/crc32/screen_seed20260729_mc2000000,/raid/spring2026/fwu44/research/fault2assertion/faults/cv32e40p/branchfault/BF0075_SA0/results/crc32/screen_seed20260729_mc2000000/xrun.log,False,True,True
150,BF0075_SA1,BF0075_SA0,1,BL00075,BS006246,cv32e40p_id_stage_COREV_PULP0_COREV_CLUSTER0_N_HWLP2_PULP_SECURE0_USE_PMP0_A_EXTENSION0_APU0_FPU0_FPU_ADDMUL_LAT0_FPU_OTHERS_LAT0_ZFINX0_APU_NARGS_CPU3_APU_WOP_CPU6_APU_NDSFLAGS_CPU15_APU_NUSFLAGS_CPU5_DEBUG_TRIGGER_EN1|g27965|A1,csr_debug,n_78,combinational_output,3,3_4,g27965,NOR2_X1,A1,combinational_input,csr_debug|combinational_output|3_4,NOT_RUN,PENDING,,/raid/spring2026/fwu44/research/fault2assertion/faults/cv32e40p/branchfault/BF0075_SA1/results/crc32/screen_seed20260729_mc2000000,/raid/spring2026/fwu44/research/fault2assertion/faults/cv32e40p/branchfault/BF0075_SA1/results/crc32/screen_seed20260729_mc2000000/xrun.log,False,True,True
151,BF0076_SA0,BF0076_SA1,0,BL00076,BS006339,cv32e40p_id_stage_COREV_PULP0_COREV_CLUSTER0_N_HWLP2_PULP_SECURE0_USE_PMP0_A_EXTENSION0_APU0_FPU0_FPU_ADDMUL_LAT0_FPU_OTHERS_LAT0_ZFINX0_APU_NARGS_CPU3_APU_WOP_CPU6_APU_NDSFLAGS_CPU15_APU_NUSFLAGS_CPU5_DEBUG_TRIGGER_EN1|\add_576_38_Y_add_575_38_Y_add_579_49/g1411|A2,csr_debug,n_858,combinational_output,2,2,\add_576_38_Y_add_575_38_Y_add_579_49/g1411,OR2_X1,A2,combinational_input,csr_debug|combinational_output|2,NOT_RUN,PENDING,,/raid/spring2026/fwu44/research/fault2assertion/faults/cv32e40p/branchfault/BF0076_SA0/results/crc32/screen_seed20260729_mc2000000,/raid/spring2026/fwu44/research/fault2assertion/faults/cv32e40p/branchfault/BF0076_SA0/results/crc32/screen_seed20260729_mc2000000/xrun.log,False,True,True
152,BF0076_SA1,BF0076_SA0,1,BL00076,BS006339,cv32e40p_id_stage_COREV_PULP0_COREV_CLUSTER0_N_HWLP2_PULP_SECURE0_USE_PMP0_A_EXTENSION0_APU0_FPU0_FPU_ADDMUL_LAT0_FPU_OTHERS_LAT0_ZFINX0_APU_NARGS_CPU3_APU_WOP_CPU6_APU_NDSFLAGS_CPU15_APU_NUSFLAGS_CPU5_DEBUG_TRIGGER_EN1|\add_576_38_Y_add_575_38_Y_add_579_49/g1411|A2,csr_debug,n_858,combinational_output,2,2,\add_576_38_Y_add_575_38_Y_add_579_49/g1411,OR2_X1,A2,combinational_input,csr_debug|combinational_output|2,NOT_RUN,PENDING,,/raid/spring2026/fwu44/research/fault2assertion/faults/cv32e40p/branchfault/BF0076_SA1/results/crc32/screen_seed20260729_mc2000000,/raid/spring2026/fwu44/research/fault2assertion/faults/cv32e40p/branchfault/BF0076_SA1/results/crc32/screen_seed20260729_mc2000000/xrun.log,False,True,True
153,BF0077_SA0,BF0077_SA1,0,BL00077,BS006384,cv32e40p_id_stage_COREV_PULP0_COREV_CLUSTER0_N_HWLP2_PULP_SECURE0_USE_PMP0_A_EXTENSION0_APU0_FPU0_FPU_ADDMUL_LAT0_FPU_OTHERS_LAT0_ZFINX0_APU_NARGS_CPU3_APU_WOP_CPU6_APU_NDSFLAGS_CPU15_APU_NUSFLAGS_CPU5_DEBUG_TRIGGER_EN1|g28107|A2,csr_debug,operand_c_fw_mux_sel[0],hierarchy_boundary,32,gt_8,g28107,NAND2_X1,A2,combinational_input,csr_debug|hierarchy_boundary|gt_8,NOT_RUN,PENDING,,/raid/spring2026/fwu44/research/fault2assertion/faults/cv32e40p/branchfault/BF0077_SA0/results/crc32/screen_seed20260729_mc2000000,/raid/spring2026/fwu44/research/fault2assertion/faults/cv32e40p/branchfault/BF0077_SA0/results/crc32/screen_seed20260729_mc2000000/xrun.log,False,True,True
154,BF0077_SA1,BF0077_SA0,1,BL00077,BS006384,cv32e40p_id_stage_COREV_PULP0_COREV_CLUSTER0_N_HWLP2_PULP_SECURE0_USE_PMP0_A_EXTENSION0_APU0_FPU0_FPU_ADDMUL_LAT0_FPU_OTHERS_LAT0_ZFINX0_APU_NARGS_CPU3_APU_WOP_CPU6_APU_NDSFLAGS_CPU15_APU_NUSFLAGS_CPU5_DEBUG_TRIGGER_EN1|g28107|A2,csr_debug,operand_c_fw_mux_sel[0],hierarchy_boundary,32,gt_8,g28107,NAND2_X1,A2,combinational_input,csr_debug|hierarchy_boundary|gt_8,NOT_RUN,PENDING,,/raid/spring2026/fwu44/research/fault2assertion/faults/cv32e40p/branchfault/BF0077_SA1/results/crc32/screen_seed20260729_mc2000000,/raid/spring2026/fwu44/research/fault2assertion/faults/cv32e40p/branchfault/BF0077_SA1/results/crc32/screen_seed20260729_mc2000000/xrun.log,False,True,True
155,BF0078_SA0,BF0078_SA1,0,BL00078,BS006485,cv32e40p_alu|\add_168_54/g1259|A,execute_wb,\add_168_54/n_158,combinational_output,2,2,\add_168_54/g1259,XNOR2_X1,A,combinational_input,execute_wb|combinational_output|2,NOT_RUN,PENDING,,/raid/spring2026/fwu44/research/fault2assertion/faults/cv32e40p/branchfault/BF0078_SA0/results/crc32/screen_seed20260729_mc2000000,/raid/spring2026/fwu44/research/fault2assertion/faults/cv32e40p/branchfault/BF0078_SA0/results/crc32/screen_seed20260729_mc2000000/xrun.log,False,True,True
156,BF0078_SA1,BF0078_SA0,1,BL00078,BS006485,cv32e40p_alu|\add_168_54/g1259|A,execute_wb,\add_168_54/n_158,combinational_output,2,2,\add_168_54/g1259,XNOR2_X1,A,combinational_input,execute_wb|combinational_output|2,NOT_RUN,PENDING,,/raid/spring2026/fwu44/research/fault2assertion/faults/cv32e40p/branchfault/BF0078_SA1/results/crc32/screen_seed20260729_mc2000000,/raid/spring2026/fwu44/research/fault2assertion/faults/cv32e40p/branchfault/BF0078_SA1/results/crc32/screen_seed20260729_mc2000000/xrun.log,False,True,True
157,BF0079_SA0,BF0079_SA1,0,BL00079,BS006841,cv32e40p_alu|\srl_300_44/g4838|B2,execute_wb,\srl_300_44/n_131,combinational_output,2,2,\srl_300_44/g4838,OAI22_X1,B2,combinational_input,execute_wb|combinational_output|2,NOT_RUN,PENDING,,/raid/spring2026/fwu44/research/fault2assertion/faults/cv32e40p/branchfault/BF0079_SA0/results/crc32/screen_seed20260729_mc2000000,/raid/spring2026/fwu44/research/fault2assertion/faults/cv32e40p/branchfault/BF0079_SA0/results/crc32/screen_seed20260729_mc2000000/xrun.log,False,True,True
158,BF0079_SA1,BF0079_SA0,1,BL00079,BS006841,cv32e40p_alu|\srl_300_44/g4838|B2,execute_wb,\srl_300_44/n_131,combinational_output,2,2,\srl_300_44/g4838,OAI22_X1,B2,combinational_input,execute_wb|combinational_output|2,NOT_RUN,PENDING,,/raid/spring2026/fwu44/research/fault2assertion/faults/cv32e40p/branchfault/BF0079_SA1/results/crc32/screen_seed20260729_mc2000000,/raid/spring2026/fwu44/research/fault2assertion/faults/cv32e40p/branchfault/BF0079_SA1/results/crc32/screen_seed20260729_mc2000000/xrun.log,False,True,True
159,BF0080_SA0,BF0080_SA1,0,BL00080,BS006906,cv32e40p_alu|\srl_300_44/g4807|C2,execute_wb,\srl_300_44/n_169,combinational_output,2,2,\srl_300_44/g4807,OAI222_X1,C2,combinational_input,execute_wb|combinational_output|2,NOT_RUN,PENDING,,/raid/spring2026/fwu44/research/fault2assertion/faults/cv32e40p/branchfault/BF0080_SA0/results/crc32/screen_seed20260729_mc2000000,/raid/spring2026/fwu44/research/fault2assertion/faults/cv32e40p/branchfault/BF0080_SA0/results/crc32/screen_seed20260729_mc2000000/xrun.log,False,True,True
160,BF0080_SA1,BF0080_SA0,1,BL00080,BS006906,cv32e40p_alu|\srl_300_44/g4807|C2,execute_wb,\srl_300_44/n_169,combinational_output,2,2,\srl_300_44/g4807,OAI222_X1,C2,combinational_input,execute_wb|combinational_output|2,NOT_RUN,PENDING,,/raid/spring2026/fwu44/research/fault2assertion/faults/cv32e40p/branchfault/BF0080_SA1/results/crc32/screen_seed20260729_mc2000000,/raid/spring2026/fwu44/research/fault2assertion/faults/cv32e40p/branchfault/BF0080_SA1/results/crc32/screen_seed20260729_mc2000000/xrun.log,False,True,True
161,BF0081_SA0,BF0081_SA1,0,BL00081,BS006992,cv32e40p_alu|\srl_300_44/g4905|A2,execute_wb,\srl_300_44/n_2,combinational_output,41,gt_8,\srl_300_44/g4905,AOI22_X1,A2,combinational_input,execute_wb|combinational_output|gt_8,NOT_RUN,PENDING,,/raid/spring2026/fwu44/research/fault2assertion/faults/cv32e40p/branchfault/BF0081_SA0/results/crc32/screen_seed20260729_mc2000000,/raid/spring2026/fwu44/research/fault2assertion/faults/cv32e40p/branchfault/BF0081_SA0/results/crc32/screen_seed20260729_mc2000000/xrun.log,False,True,True
162,BF0081_SA1,BF0081_SA0,1,BL00081,BS006992,cv32e40p_alu|\srl_300_44/g4905|A2,execute_wb,\srl_300_44/n_2,combinational_output,41,gt_8,\srl_300_44/g4905,AOI22_X1,A2,combinational_input,execute_wb|combinational_output|gt_8,NOT_RUN,PENDING,,/raid/spring2026/fwu44/research/fault2assertion/faults/cv32e40p/branchfault/BF0081_SA1/results/crc32/screen_seed20260729_mc2000000,/raid/spring2026/fwu44/research/fault2assertion/faults/cv32e40p/branchfault/BF0081_SA1/results/crc32/screen_seed20260729_mc2000000/xrun.log,False,True,True
163,BF0082_SA0,BF0082_SA1,0,BL00082,BS007051,cv32e40p_alu|\srl_300_44/g4819|B2,execute_wb,\srl_300_44/n_3,combinational_output,18,gt_8,\srl_300_44/g4819,OAI222_X1,B2,combinational_input,execute_wb|combinational_output|gt_8,NOT_RUN,PENDING,,/raid/spring2026/fwu44/research/fault2assertion/faults/cv32e40p/branchfault/BF0082_SA0/results/crc32/screen_seed20260729_mc2000000,/raid/spring2026/fwu44/research/fault2assertion/faults/cv32e40p/branchfault/BF0082_SA0/results/crc32/screen_seed20260729_mc2000000/xrun.log,False,True,True
164,BF0082_SA1,BF0082_SA0,1,BL00082,BS007051,cv32e40p_alu|\srl_300_44/g4819|B2,execute_wb,\srl_300_44/n_3,combinational_output,18,gt_8,\srl_300_44/g4819,OAI222_X1,B2,combinational_input,execute_wb|combinational_output|gt_8,NOT_RUN,PENDING,,/raid/spring2026/fwu44/research/fault2assertion/faults/cv32e40p/branchfault/BF0082_SA1/results/crc32/screen_seed20260729_mc2000000,/raid/spring2026/fwu44/research/fault2assertion/faults/cv32e40p/branchfault/BF0082_SA1/results/crc32/screen_seed20260729_mc2000000/xrun.log,False,True,True
165,BF0083_SA0,BF0083_SA1,0,BL00083,BS007068,cv32e40p_alu|\srl_300_44/g4951|B1,execute_wb,\srl_300_44/n_35,combinational_output,2,2,\srl_300_44/g4951,OAI22_X1,B1,combinational_input,execute_wb|combinational_output|2,NOT_RUN,PENDING,,/raid/spring2026/fwu44/research/fault2assertion/faults/cv32e40p/branchfault/BF0083_SA0/results/crc32/screen_seed20260729_mc2000000,/raid/spring2026/fwu44/research/fault2assertion/faults/cv32e40p/branchfault/BF0083_SA0/results/crc32/screen_seed20260729_mc2000000/xrun.log,False,True,True
166,BF0083_SA1,BF0083_SA0,1,BL00083,BS007068,cv32e40p_alu|\srl_300_44/g4951|B1,execute_wb,\srl_300_44/n_35,combinational_output,2,2,\srl_300_44/g4951,OAI22_X1,B1,combinational_input,execute_wb|combinational_output|2,NOT_RUN,PENDING,,/raid/spring2026/fwu44/research/fault2assertion/faults/cv32e40p/branchfault/BF0083_SA1/results/crc32/screen_seed20260729_mc2000000,/raid/spring2026/fwu44/research/fault2assertion/faults/cv32e40p/branchfault/BF0083_SA1/results/crc32/screen_seed20260729_mc2000000/xrun.log,False,True,True
167,BF0084_SA0,BF0084_SA1,0,BL00084,BS007094,cv32e40p_alu|\srl_300_44/g4934|A1,execute_wb,\srl_300_44/n_42,combinational_output,2,2,\srl_300_44/g4934,OAI22_X1,A1,combinational_input,execute_wb|combinational_output|2,NOT_RUN,PENDING,,/raid/spring2026/fwu44/research/fault2assertion/faults/cv32e40p/branchfault/BF0084_SA0/results/crc32/screen_seed20260729_mc2000000,/raid/spring2026/fwu44/research/fault2assertion/faults/cv32e40p/branchfault/BF0084_SA0/results/crc32/screen_seed20260729_mc2000000/xrun.log,False,True,True
168,BF0084_SA1,BF0084_SA0,1,BL00084,BS007094,cv32e40p_alu|\srl_300_44/g4934|A1,execute_wb,\srl_300_44/n_42,combinational_output,2,2,\srl_300_44/g4934,OAI22_X1,A1,combinational_input,execute_wb|combinational_output|2,NOT_RUN,PENDING,,/raid/spring2026/fwu44/research/fault2assertion/faults/cv32e40p/branchfault/BF0084_SA1/results/crc32/screen_seed20260729_mc2000000,/raid/spring2026/fwu44/research/fault2assertion/faults/cv32e40p/branchfault/BF0084_SA1/results/crc32/screen_seed20260729_mc2000000/xrun.log,False,True,True
169,BF0085_SA0,BF0085_SA1,0,BL00085,BS007553,cv32e40p_alu|g27764|B2,execute_wb,n_200,combinational_output,3,3_4,g27764,AOI221_X1,B2,combinational_input,execute_wb|combinational_output|3_4,NOT_RUN,PENDING,,/raid/spring2026/fwu44/research/fault2assertion/faults/cv32e40p/branchfault/BF0085_SA0/results/crc32/screen_seed20260729_mc2000000,/raid/spring2026/fwu44/research/fault2assertion/faults/cv32e40p/branchfault/BF0085_SA0/results/crc32/screen_seed20260729_mc2000000/xrun.log,False,True,True
170,BF0085_SA1,BF0085_SA0,1,BL00085,BS007553,cv32e40p_alu|g27764|B2,execute_wb,n_200,combinational_output,3,3_4,g27764,AOI221_X1,B2,combinational_input,execute_wb|combinational_output|3_4,NOT_RUN,PENDING,,/raid/spring2026/fwu44/research/fault2assertion/faults/cv32e40p/branchfault/BF0085_SA1/results/crc32/screen_seed20260729_mc2000000,/raid/spring2026/fwu44/research/fault2assertion/faults/cv32e40p/branchfault/BF0085_SA1/results/crc32/screen_seed20260729_mc2000000/xrun.log,False,True,True
171,BF0086_SA0,BF0086_SA1,0,BL00086,BS007568,cv32e40p_alu|g27647|C2,execute_wb,n_21,combinational_output,8,5_8,g27647,OAI211_X1,C2,combinational_input,execute_wb|combinational_output|5_8,NOT_RUN,PENDING,,/raid/spring2026/fwu44/research/fault2assertion/faults/cv32e40p/branchfault/BF0086_SA0/results/crc32/screen_seed20260729_mc2000000,/raid/spring2026/fwu44/research/fault2assertion/faults/cv32e40p/branchfault/BF0086_SA0/results/crc32/screen_seed20260729_mc2000000/xrun.log,False,True,True
172,BF0086_SA1,BF0086_SA0,1,BL00086,BS007568,cv32e40p_alu|g27647|C2,execute_wb,n_21,combinational_output,8,5_8,g27647,OAI211_X1,C2,combinational_input,execute_wb|combinational_output|5_8,NOT_RUN,PENDING,,/raid/spring2026/fwu44/research/fault2assertion/faults/cv32e40p/branchfault/BF0086_SA1/results/crc32/screen_seed20260729_mc2000000,/raid/spring2026/fwu44/research/fault2assertion/faults/cv32e40p/branchfault/BF0086_SA1/results/crc32/screen_seed20260729_mc2000000/xrun.log,False,True,True
173,BF0087_SA0,BF0087_SA1,0,BL00087,BS007573,cv32e40p_alu|g27999|A1,execute_wb,n_21,combinational_output,8,5_8,g27999,AOI22_X1,A1,combinational_input,execute_wb|combinational_output|5_8,NOT_RUN,PENDING,,/raid/spring2026/fwu44/research/fault2assertion/faults/cv32e40p/branchfault/BF0087_SA0/results/crc32/screen_seed20260729_mc2000000,/raid/spring2026/fwu44/research/fault2assertion/faults/cv32e40p/branchfault/BF0087_SA0/results/crc32/screen_seed20260729_mc2000000/xrun.log,False,True,True
174,BF0087_SA1,BF0087_SA0,1,BL00087,BS007573,cv32e40p_alu|g27999|A1,execute_wb,n_21,combinational_output,8,5_8,g27999,AOI22_X1,A1,combinational_input,execute_wb|combinational_output|5_8,NOT_RUN,PENDING,,/raid/spring2026/fwu44/research/fault2assertion/faults/cv32e40p/branchfault/BF0087_SA1/results/crc32/screen_seed20260729_mc2000000,/raid/spring2026/fwu44/research/fault2assertion/faults/cv32e40p/branchfault/BF0087_SA1/results/crc32/screen_seed20260729_mc2000000/xrun.log,False,True,True
175,BF0088_SA0,BF0088_SA1,0,BL00088,BS007683,cv32e40p_alu|g27745|A,execute_wb,n_259,combinational_output,4,3_4,g27745,OAI211_X1,A,combinational_input,execute_wb|combinational_output|3_4,NOT_RUN,PENDING,,/raid/spring2026/fwu44/research/fault2assertion/faults/cv32e40p/branchfault/BF0088_SA0/results/crc32/screen_seed20260729_mc2000000,/raid/spring2026/fwu44/research/fault2assertion/faults/cv32e40p/branchfault/BF0088_SA0/results/crc32/screen_seed20260729_mc2000000/xrun.log,False,True,True
176,BF0088_SA1,BF0088_SA0,1,BL00088,BS007683,cv32e40p_alu|g27745|A,execute_wb,n_259,combinational_output,4,3_4,g27745,OAI211_X1,A,combinational_input,execute_wb|combinational_output|3_4,NOT_RUN,PENDING,,/raid/spring2026/fwu44/research/fault2assertion/faults/cv32e40p/branchfault/BF0088_SA1/results/crc32/screen_seed20260729_mc2000000,/raid/spring2026/fwu44/research/fault2assertion/faults/cv32e40p/branchfault/BF0088_SA1/results/crc32/screen_seed20260729_mc2000000/xrun.log,False,True,True
177,BF0089_SA0,BF0089_SA1,0,BL00089,BS007965,cv32e40p_alu|g27633|B1,execute_wb,n_466,combinational_output,5,5_8,g27633,OAI21_X1,B1,combinational_input,execute_wb|combinational_output|5_8,NOT_RUN,PENDING,,/raid/spring2026/fwu44/research/fault2assertion/faults/cv32e40p/branchfault/BF0089_SA0/results/crc32/screen_seed20260729_mc2000000,/raid/spring2026/fwu44/research/fault2assertion/faults/cv32e40p/branchfault/BF0089_SA0/results/crc32/screen_seed20260729_mc2000000/xrun.log,False,True,True
178,BF0089_SA1,BF0089_SA0,1,BL00089,BS007965,cv32e40p_alu|g27633|B1,execute_wb,n_466,combinational_output,5,5_8,g27633,OAI21_X1,B1,combinational_input,execute_wb|combinational_output|5_8,NOT_RUN,PENDING,,/raid/spring2026/fwu44/research/fault2assertion/faults/cv32e40p/branchfault/BF0089_SA1/results/crc32/screen_seed20260729_mc2000000,/raid/spring2026/fwu44/research/fault2assertion/faults/cv32e40p/branchfault/BF0089_SA1/results/crc32/screen_seed20260729_mc2000000/xrun.log,False,True,True
179,BF0090_SA0,BF0090_SA1,0,BL00090,BS008073,cv32e40p_alu|g27906|B1,execute_wb,n_51,combinational_output,3,3_4,g27906,OAI21_X1,B1,combinational_input,execute_wb|combinational_output|3_4,NOT_RUN,PENDING,,/raid/spring2026/fwu44/research/fault2assertion/faults/cv32e40p/branchfault/BF0090_SA0/results/crc32/screen_seed20260729_mc2000000,/raid/spring2026/fwu44/research/fault2assertion/faults/cv32e40p/branchfault/BF0090_SA0/results/crc32/screen_seed20260729_mc2000000/xrun.log,False,True,True
180,BF0090_SA1,BF0090_SA0,1,BL00090,BS008073,cv32e40p_alu|g27906|B1,execute_wb,n_51,combinational_output,3,3_4,g27906,OAI21_X1,B1,combinational_input,execute_wb|combinational_output|3_4,NOT_RUN,PENDING,,/raid/spring2026/fwu44/research/fault2assertion/faults/cv32e40p/branchfault/BF0090_SA1/results/crc32/screen_seed20260729_mc2000000,/raid/spring2026/fwu44/research/fault2assertion/faults/cv32e40p/branchfault/BF0090_SA1/results/crc32/screen_seed20260729_mc2000000/xrun.log,False,True,True
181,BF0091_SA0,BF0091_SA1,0,BL00091,BS008413,cv32e40p_alu|g16491|A,execute_wb,n_658,combinational_output,16,gt_8,g16491,XNOR2_X1,A,combinational_input,execute_wb|combinational_output|gt_8,NOT_RUN,PENDING,,/raid/spring2026/fwu44/research/fault2assertion/faults/cv32e40p/branchfault/BF0091_SA0/results/crc32/screen_seed20260729_mc2000000,/raid/spring2026/fwu44/research/fault2assertion/faults/cv32e40p/branchfault/BF0091_SA0/results/crc32/screen_seed20260729_mc2000000/xrun.log,False,True,True
182,BF0091_SA1,BF0091_SA0,1,BL00091,BS008413,cv32e40p_alu|g16491|A,execute_wb,n_658,combinational_output,16,gt_8,g16491,XNOR2_X1,A,combinational_input,execute_wb|combinational_output|gt_8,NOT_RUN,PENDING,,/raid/spring2026/fwu44/research/fault2assertion/faults/cv32e40p/branchfault/BF0091_SA1/results/crc32/screen_seed20260729_mc2000000,/raid/spring2026/fwu44/research/fault2assertion/faults/cv32e40p/branchfault/BF0091_SA1/results/crc32/screen_seed20260729_mc2000000/xrun.log,False,True,True
183,BF0092_SA0,BF0092_SA1,0,BL00092,BS008529,cv32e40p_alu|g16481|A3,execute_wb,n_714,combinational_output,18,gt_8,g16481,NAND3_X1,A3,combinational_input,execute_wb|combinational_output|gt_8,NOT_RUN,PENDING,,/raid/spring2026/fwu44/research/fault2assertion/faults/cv32e40p/branchfault/BF0092_SA0/results/crc32/screen_seed20260729_mc2000000,/raid/spring2026/fwu44/research/fault2assertion/faults/cv32e40p/branchfault/BF0092_SA0/results/crc32/screen_seed20260729_mc2000000/xrun.log,False,True,True
184,BF0092_SA1,BF0092_SA0,1,BL00092,BS008529,cv32e40p_alu|g16481|A3,execute_wb,n_714,combinational_output,18,gt_8,g16481,NAND3_X1,A3,combinational_input,execute_wb|combinational_output|gt_8,NOT_RUN,PENDING,,/raid/spring2026/fwu44/research/fault2assertion/faults/cv32e40p/branchfault/BF0092_SA1/results/crc32/screen_seed20260729_mc2000000,/raid/spring2026/fwu44/research/fault2assertion/faults/cv32e40p/branchfault/BF0092_SA1/results/crc32/screen_seed20260729_mc2000000/xrun.log,False,True,True
185,BF0093_SA0,BF0093_SA1,0,BL00093,BS008734,cv32e40p_alu|\srl_300_44/g5001|B1,execute_wb,n_783,combinational_output,63,gt_8,\srl_300_44/g5001,AOI22_X1,B1,combinational_input,execute_wb|combinational_output|gt_8,NOT_RUN,PENDING,,/raid/spring2026/fwu44/research/fault2assertion/faults/cv32e40p/branchfault/BF0093_SA0/results/crc32/screen_seed20260729_mc2000000,/raid/spring2026/fwu44/research/fault2assertion/faults/cv32e40p/branchfault/BF0093_SA0/results/crc32/screen_seed20260729_mc2000000/xrun.log,False,True,True
186,BF0093_SA1,BF0093_SA0,1,BL00093,BS008734,cv32e40p_alu|\srl_300_44/g5001|B1,execute_wb,n_783,combinational_output,63,gt_8,\srl_300_44/g5001,AOI22_X1,B1,combinational_input,execute_wb|combinational_output|gt_8,NOT_RUN,PENDING,,/raid/spring2026/fwu44/research/fault2assertion/faults/cv32e40p/branchfault/BF0093_SA1/results/crc32/screen_seed20260729_mc2000000,/raid/spring2026/fwu44/research/fault2assertion/faults/cv32e40p/branchfault/BF0093_SA1/results/crc32/screen_seed20260729_mc2000000/xrun.log,False,True,True
187,BF0094_SA0,BF0094_SA1,0,BL00094,BS008800,cv32e40p_alu|\srl_300_44/g4946|A1,execute_wb,n_784,combinational_output,55,gt_8,\srl_300_44/g4946,OAI22_X1,A1,combinational_input,execute_wb|combinational_output|gt_8,NOT_RUN,PENDING,,/raid/spring2026/fwu44/research/fault2assertion/faults/cv32e40p/branchfault/BF0094_SA0/results/crc32/screen_seed20260729_mc2000000,/raid/spring2026/fwu44/research/fault2assertion/faults/cv32e40p/branchfault/BF0094_SA0/results/crc32/screen_seed20260729_mc2000000/xrun.log,False,True,True
188,BF0094_SA1,BF0094_SA0,1,BL00094,BS008800,cv32e40p_alu|\srl_300_44/g4946|A1,execute_wb,n_784,combinational_output,55,gt_8,\srl_300_44/g4946,OAI22_X1,A1,combinational_input,execute_wb|combinational_output|gt_8,NOT_RUN,PENDING,,/raid/spring2026/fwu44/research/fault2assertion/faults/cv32e40p/branchfault/BF0094_SA1/results/crc32/screen_seed20260729_mc2000000,/raid/spring2026/fwu44/research/fault2assertion/faults/cv32e40p/branchfault/BF0094_SA1/results/crc32/screen_seed20260729_mc2000000/xrun.log,False,True,True
189,BF0095_SA0,BF0095_SA1,0,BL00095,BS008894,cv32e40p_alu|\srl_300_44/g4821|A2,execute_wb,n_787,combinational_output,19,gt_8,\srl_300_44/g4821,OAI222_X1,A2,combinational_input,execute_wb|combinational_output|gt_8,NOT_RUN,PENDING,,/raid/spring2026/fwu44/research/fault2assertion/faults/cv32e40p/branchfault/BF0095_SA0/results/crc32/screen_seed20260729_mc2000000,/raid/spring2026/fwu44/research/fault2assertion/faults/cv32e40p/branchfault/BF0095_SA0/results/crc32/screen_seed20260729_mc2000000/xrun.log,False,True,True
190,BF0095_SA1,BF0095_SA0,1,BL00095,BS008894,cv32e40p_alu|\srl_300_44/g4821|A2,execute_wb,n_787,combinational_output,19,gt_8,\srl_300_44/g4821,OAI222_X1,A2,combinational_input,execute_wb|combinational_output|gt_8,NOT_RUN,PENDING,,/raid/spring2026/fwu44/research/fault2assertion/faults/cv32e40p/branchfault/BF0095_SA1/results/crc32/screen_seed20260729_mc2000000,/raid/spring2026/fwu44/research/fault2assertion/faults/cv32e40p/branchfault/BF0095_SA1/results/crc32/screen_seed20260729_mc2000000/xrun.log,False,True,True
191,BF0096_SA0,BF0096_SA1,0,BL00096,BS009064,cv32e40p_alu|g15422|B1,execute_wb,n_862,combinational_output,2,2,g15422,AOI222_X1,B1,combinational_input,execute_wb|combinational_output|2,NOT_RUN,PENDING,,/raid/spring2026/fwu44/research/fault2assertion/faults/cv32e40p/branchfault/BF0096_SA0/results/crc32/screen_seed20260729_mc2000000,/raid/spring2026/fwu44/research/fault2assertion/faults/cv32e40p/branchfault/BF0096_SA0/results/crc32/screen_seed20260729_mc2000000/xrun.log,False,True,True
192,BF0096_SA1,BF0096_SA0,1,BL00096,BS009064,cv32e40p_alu|g15422|B1,execute_wb,n_862,combinational_output,2,2,g15422,AOI222_X1,B1,combinational_input,execute_wb|combinational_output|2,NOT_RUN,PENDING,,/raid/spring2026/fwu44/research/fault2assertion/faults/cv32e40p/branchfault/BF0096_SA1/results/crc32/screen_seed20260729_mc2000000,/raid/spring2026/fwu44/research/fault2assertion/faults/cv32e40p/branchfault/BF0096_SA1/results/crc32/screen_seed20260729_mc2000000/xrun.log,False,True,True
193,BF0097_SA0,BF0097_SA1,0,BL00097,BS009168,cv32e40p_alu|\add_168_54/g1414|A1,execute_wb,n_917,combinational_output,2,2,\add_168_54/g1414,NAND2_X1,A1,combinational_input,execute_wb|combinational_output|2,NOT_RUN,PENDING,,/raid/spring2026/fwu44/research/fault2assertion/faults/cv32e40p/branchfault/BF0097_SA0/results/crc32/screen_seed20260729_mc2000000,/raid/spring2026/fwu44/research/fault2assertion/faults/cv32e40p/branchfault/BF0097_SA0/results/crc32/screen_seed20260729_mc2000000/xrun.log,False,True,True
194,BF0097_SA1,BF0097_SA0,1,BL00097,BS009168,cv32e40p_alu|\add_168_54/g1414|A1,execute_wb,n_917,combinational_output,2,2,\add_168_54/g1414,NAND2_X1,A1,combinational_input,execute_wb|combinational_output|2,NOT_RUN,PENDING,,/raid/spring2026/fwu44/research/fault2assertion/faults/cv32e40p/branchfault/BF0097_SA1/results/crc32/screen_seed20260729_mc2000000,/raid/spring2026/fwu44/research/fault2assertion/faults/cv32e40p/branchfault/BF0097_SA1/results/crc32/screen_seed20260729_mc2000000/xrun.log,False,True,True
195,BF0098_SA0,BF0098_SA1,0,BL00098,BS009380,cv32e40p_alu|g27585|C1,execute_wb,shift_right_result[19],combinational_output,2,2,g27585,AOI222_X1,C1,combinational_input,execute_wb|combinational_output|2,NOT_RUN,PENDING,,/raid/spring2026/fwu44/research/fault2assertion/faults/cv32e40p/branchfault/BF0098_SA0/results/crc32/screen_seed20260729_mc2000000,/raid/spring2026/fwu44/research/fault2assertion/faults/cv32e40p/branchfault/BF0098_SA0/results/crc32/screen_seed20260729_mc2000000/xrun.log,False,True,True
196,BF0098_SA1,BF0098_SA0,1,BL00098,BS009380,cv32e40p_alu|g27585|C1,execute_wb,shift_right_result[19],combinational_output,2,2,g27585,AOI222_X1,C1,combinational_input,execute_wb|combinational_output|2,NOT_RUN,PENDING,,/raid/spring2026/fwu44/research/fault2assertion/faults/cv32e40p/branchfault/BF0098_SA1/results/crc32/screen_seed20260729_mc2000000,/raid/spring2026/fwu44/research/fault2assertion/faults/cv32e40p/branchfault/BF0098_SA1/results/crc32/screen_seed20260729_mc2000000/xrun.log,False,True,True
197,BF0099_SA0,BF0099_SA1,0,BL00099,BS009392,cv32e40p_alu|g27594|B1,execute_wb,shift_right_result[24],combinational_output,2,2,g27594,AOI221_X1,B1,combinational_input,execute_wb|combinational_output|2,NOT_RUN,PENDING,,/raid/spring2026/fwu44/research/fault2assertion/faults/cv32e40p/branchfault/BF0099_SA0/results/crc32/screen_seed20260729_mc2000000,/raid/spring2026/fwu44/research/fault2assertion/faults/cv32e40p/branchfault/BF0099_SA0/results/crc32/screen_seed20260729_mc2000000/xrun.log,False,True,True
198,BF0099_SA1,BF0099_SA0,1,BL00099,BS009392,cv32e40p_alu|g27594|B1,execute_wb,shift_right_result[24],combinational_output,2,2,g27594,AOI221_X1,B1,combinational_input,execute_wb|combinational_output|2,NOT_RUN,PENDING,,/raid/spring2026/fwu44/research/fault2assertion/faults/cv32e40p/branchfault/BF0099_SA1/results/crc32/screen_seed20260729_mc2000000,/raid/spring2026/fwu44/research/fault2assertion/faults/cv32e40p/branchfault/BF0099_SA1/results/crc32/screen_seed20260729_mc2000000/xrun.log,False,True,True
199,BF0100_SA0,BF0100_SA1,0,BL00100,BS009413,cv32e40p_alu|g27798|B1,execute_wb,shift_right_result[7],combinational_output,2,2,g27798,AOI22_X1,B1,combinational_input,execute_wb|combinational_output|2,NOT_RUN,PENDING,,/raid/spring2026/fwu44/research/fault2assertion/faults/cv32e40p/branchfault/BF0100_SA0/results/crc32/screen_seed20260729_mc2000000,/raid/spring2026/fwu44/research/fault2assertion/faults/cv32e40p/branchfault/BF0100_SA0/results/crc32/screen_seed20260729_mc2000000/xrun.log,False,True,True
200,BF0100_SA1,BF0100_SA0,1,BL00100,BS009413,cv32e40p_alu|g27798|B1,execute_wb,shift_right_result[7],combinational_output,2,2,g27798,AOI22_X1,B1,combinational_input,execute_wb|combinational_output|2,NOT_RUN,PENDING,,/raid/spring2026/fwu44/research/fault2assertion/faults/cv32e40p/branchfault/BF0100_SA1/results/crc32/screen_seed20260729_mc2000000,/raid/spring2026/fwu44/research/fault2assertion/faults/cv32e40p/branchfault/BF0100_SA1/results/crc32/screen_seed20260729_mc2000000/xrun.log,False,True,True
201,BF0101_SA0,BF0101_SA1,0,BL00101,BS009484,cv32e40p_alu_div|\gt_105_58/g1474|B2,execute_wb,AReg_DP[19],sequential_output,7,5_8,\gt_105_58/g1474,OAI22_X1,B2,combinational_input,execute_wb|sequential_output|5_8,NOT_RUN,PENDING,,/raid/spring2026/fwu44/research/fault2assertion/faults/cv32e40p/branchfault/BF0101_SA0/results/crc32/screen_seed20260729_mc2000000,/raid/spring2026/fwu44/research/fault2assertion/faults/cv32e40p/branchfault/BF0101_SA0/results/crc32/screen_seed20260729_mc2000000/xrun.log,False,True,True
202,BF0101_SA1,BF0101_SA0,1,BL00101,BS009484,cv32e40p_alu_div|\gt_105_58/g1474|B2,execute_wb,AReg_DP[19],sequential_output,7,5_8,\gt_105_58/g1474,OAI22_X1,B2,combinational_input,execute_wb|sequential_output|5_8,NOT_RUN,PENDING,,/raid/spring2026/fwu44/research/fault2assertion/faults/cv32e40p/branchfault/BF0101_SA1/results/crc32/screen_seed20260729_mc2000000,/raid/spring2026/fwu44/research/fault2assertion/faults/cv32e40p/branchfault/BF0101_SA1/results/crc32/screen_seed20260729_mc2000000/xrun.log,False,True,True
203,BF0102_SA0,BF0102_SA1,0,BL00102,BS009528,cv32e40p_alu_div|g4005|A,execute_wb,AReg_DP[24],sequential_output,6,5_8,g4005,XOR2_X1,A,combinational_input,execute_wb|sequential_output|5_8,NOT_RUN,PENDING,,/raid/spring2026/fwu44/research/fault2assertion/faults/cv32e40p/branchfault/BF0102_SA0/results/crc32/screen_seed20260729_mc2000000,/raid/spring2026/fwu44/research/fault2assertion/faults/cv32e40p/branchfault/BF0102_SA0/results/crc32/screen_seed20260729_mc2000000/xrun.log,False,True,True
204,BF0102_SA1,BF0102_SA0,1,BL00102,BS009528,cv32e40p_alu_div|g4005|A,execute_wb,AReg_DP[24],sequential_output,6,5_8,g4005,XOR2_X1,A,combinational_input,execute_wb|sequential_output|5_8,NOT_RUN,PENDING,,/raid/spring2026/fwu44/research/fault2assertion/faults/cv32e40p/branchfault/BF0102_SA1/results/crc32/screen_seed20260729_mc2000000,/raid/spring2026/fwu44/research/fault2assertion/faults/cv32e40p/branchfault/BF0102_SA1/results/crc32/screen_seed20260729_mc2000000/xrun.log,False,True,True
205,BF0103_SA0,BF0103_SA1,0,BL00103,BS009544,cv32e40p_alu_div|g2996|B,execute_wb,AReg_DP[27],sequential_output,6,5_8,g2996,MUX2_X1,B,combinational_input,execute_wb|sequential_output|5_8,NOT_RUN,PENDING,,/raid/spring2026/fwu44/research/fault2assertion/faults/cv32e40p/branchfault/BF0103_SA0/results/crc32/screen_seed20260729_mc2000000,/raid/spring2026/fwu44/research/fault2assertion/faults/cv32e40p/branchfault/BF0103_SA0/results/crc32/screen_seed20260729_mc2000000/xrun.log,False,True,True
206,BF0103_SA1,BF0103_SA0,1,BL00103,BS009544,cv32e40p_alu_div|g2996|B,execute_wb,AReg_DP[27],sequential_output,6,5_8,g2996,MUX2_X1,B,combinational_input,execute_wb|sequential_output|5_8,NOT_RUN,PENDING,,/raid/spring2026/fwu44/research/fault2assertion/faults/cv32e40p/branchfault/BF0103_SA1/results/crc32/screen_seed20260729_mc2000000,/raid/spring2026/fwu44/research/fault2assertion/faults/cv32e40p/branchfault/BF0103_SA1/results/crc32/screen_seed20260729_mc2000000/xrun.log,False,True,True
207,BF0104_SA0,BF0104_SA1,0,BL00104,BS009603,cv32e40p_alu_div|g3945|A2,execute_wb,AReg_DP[6],sequential_output,6,5_8,g3945,AND2_X1,A2,combinational_input,execute_wb|sequential_output|5_8,NOT_RUN,PENDING,,/raid/spring2026/fwu44/research/fault2assertion/faults/cv32e40p/branchfault/BF0104_SA0/results/crc32/screen_seed20260729_mc2000000,/raid/spring2026/fwu44/research/fault2assertion/faults/cv32e40p/branchfault/BF0104_SA0/results/crc32/screen_seed20260729_mc2000000/xrun.log,False,True,True
208,BF0104_SA1,BF0104_SA0,1,BL00104,BS009603,cv32e40p_alu_div|g3945|A2,execute_wb,AReg_DP[6],sequential_output,6,5_8,g3945,AND2_X1,A2,combinational_input,execute_wb|sequential_output|5_8,NOT_RUN,PENDING,,/raid/spring2026/fwu44/research/fault2assertion/faults/cv32e40p/branchfault/BF0104_SA1/results/crc32/screen_seed20260729_mc2000000,/raid/spring2026/fwu44/research/fault2assertion/faults/cv32e40p/branchfault/BF0104_SA1/results/crc32/screen_seed20260729_mc2000000/xrun.log,False,True,True
209,BF0105_SA0,BF0105_SA1,0,BL00105,BS009690,cv32e40p_alu_div|g4130|A2,execute_wb,BReg_DP[1],sequential_output,5,5_8,g4130,AOI222_X1,A2,combinational_input,execute_wb|sequential_output|5_8,NOT_RUN,PENDING,,/raid/spring2026/fwu44/research/fault2assertion/faults/cv32e40p/branchfault/BF0105_SA0/results/crc32/screen_seed20260729_mc2000000,/raid/spring2026/fwu44/research/fault2assertion/faults/cv32e40p/branchfault/BF0105_SA0/results/crc32/screen_seed20260729_mc2000000/xrun.log,False,True,True
210,BF0105_SA1,BF0105_SA0,1,BL00105,BS009690,cv32e40p_alu_div|g4130|A2,execute_wb,BReg_DP[1],sequential_output,5,5_8,g4130,AOI222_X1,A2,combinational_input,execute_wb|sequential_output|5_8,NOT_RUN,PENDING,,/raid/spring2026/fwu44/research/fault2assertion/faults/cv32e40p/branchfault/BF0105_SA1/results/crc32/screen_seed20260729_mc2000000,/raid/spring2026/fwu44/research/fault2assertion/faults/cv32e40p/branchfault/BF0105_SA1/results/crc32/screen_seed20260729_mc2000000/xrun.log,False,True,True
211,BF0106_SA0,BF0106_SA1,0,BL00106,BS009811,cv32e40p_alu_div|g135|A2,execute_wb,Cnt_DP[4],sequential_output,3,3_4,g135,OR2_X1,A2,combinational_input,execute_wb|sequential_output|3_4,NOT_RUN,PENDING,,/raid/spring2026/fwu44/research/fault2assertion/faults/cv32e40p/branchfault/BF0106_SA0/results/crc32/screen_seed20260729_mc2000000,/raid/spring2026/fwu44/research/fault2assertion/faults/cv32e40p/branchfault/BF0106_SA0/results/crc32/screen_seed20260729_mc2000000/xrun.log,False,True,True
212,BF0106_SA1,BF0106_SA0,1,BL00106,BS009811,cv32e40p_alu_div|g135|A2,execute_wb,Cnt_DP[4],sequential_output,3,3_4,g135,OR2_X1,A2,combinational_input,execute_wb|sequential_output|3_4,NOT_RUN,PENDING,,/raid/spring2026/fwu44/research/fault2assertion/faults/cv32e40p/branchfault/BF0106_SA1/results/crc32/screen_seed20260729_mc2000000,/raid/spring2026/fwu44/research/fault2assertion/faults/cv32e40p/branchfault/BF0106_SA1/results/crc32/screen_seed20260729_mc2000000/xrun.log,False,True,True
213,BF0107_SA0,BF0107_SA1,0,BL00107,BS009860,cv32e40p_alu_div|g61|B1,execute_wb,RemSel_SP,sequential_output,35,gt_8,g61,AOI22_X1,B1,combinational_input,execute_wb|sequential_output|gt_8,NOT_RUN,PENDING,,/raid/spring2026/fwu44/research/fault2assertion/faults/cv32e40p/branchfault/BF0107_SA0/results/crc32/screen_seed20260729_mc2000000,/raid/spring2026/fwu44/research/fault2assertion/faults/cv32e40p/branchfault/BF0107_SA0/results/crc32/screen_seed20260729_mc2000000/xrun.log,False,True,True
214,BF0107_SA1,BF0107_SA0,1,BL00107,BS009860,cv32e40p_alu_div|g61|B1,execute_wb,RemSel_SP,sequential_output,35,gt_8,g61,AOI22_X1,B1,combinational_input,execute_wb|sequential_output|gt_8,NOT_RUN,PENDING,,/raid/spring2026/fwu44/research/fault2assertion/faults/cv32e40p/branchfault/BF0107_SA1/results/crc32/screen_seed20260729_mc2000000,/raid/spring2026/fwu44/research/fault2assertion/faults/cv32e40p/branchfault/BF0107_SA1/results/crc32/screen_seed20260729_mc2000000/xrun.log,False,True,True
215,BF0108_SA0,BF0108_SA1,0,BL00108,BS009865,cv32e40p_alu_div|g3958|S,execute_wb,ResInv_SP,sequential_output,33,gt_8,g3958,MUX2_X1,S,mux_select,execute_wb|sequential_output|gt_8,NOT_RUN,PENDING,,/raid/spring2026/fwu44/research/fault2assertion/faults/cv32e40p/branchfault/BF0108_SA0/results/crc32/screen_seed20260729_mc2000000,/raid/spring2026/fwu44/research/fault2assertion/faults/cv32e40p/branchfault/BF0108_SA0/results/crc32/screen_seed20260729_mc2000000/xrun.log,False,True,True
216,BF0108_SA1,BF0108_SA0,1,BL00108,BS009865,cv32e40p_alu_div|g3958|S,execute_wb,ResInv_SP,sequential_output,33,gt_8,g3958,MUX2_X1,S,mux_select,execute_wb|sequential_output|gt_8,NOT_RUN,PENDING,,/raid/spring2026/fwu44/research/fault2assertion/faults/cv32e40p/branchfault/BF0108_SA1/results/crc32/screen_seed20260729_mc2000000,/raid/spring2026/fwu44/research/fault2assertion/faults/cv32e40p/branchfault/BF0108_SA1/results/crc32/screen_seed20260729_mc2000000/xrun.log,False,True,True
217,BF0109_SA0,BF0109_SA1,0,BL00109,BS009876,cv32e40p_alu_div|g3970|S,execute_wb,ResInv_SP,sequential_output,33,gt_8,g3970,MUX2_X1,S,mux_select,execute_wb|sequential_output|gt_8,NOT_RUN,PENDING,,/raid/spring2026/fwu44/research/fault2assertion/faults/cv32e40p/branchfault/BF0109_SA0/results/crc32/screen_seed20260729_mc2000000,/raid/spring2026/fwu44/research/fault2assertion/faults/cv32e40p/branchfault/BF0109_SA0/results/crc32/screen_seed20260729_mc2000000/xrun.log,False,True,True
218,BF0109_SA1,BF0109_SA0,1,BL00109,BS009876,cv32e40p_alu_div|g3970|S,execute_wb,ResInv_SP,sequential_output,33,gt_8,g3970,MUX2_X1,S,mux_select,execute_wb|sequential_output|gt_8,NOT_RUN,PENDING,,/raid/spring2026/fwu44/research/fault2assertion/faults/cv32e40p/branchfault/BF0109_SA1/results/crc32/screen_seed20260729_mc2000000,/raid/spring2026/fwu44/research/fault2assertion/faults/cv32e40p/branchfault/BF0109_SA1/results/crc32/screen_seed20260729_mc2000000/xrun.log,False,True,True
219,BF0110_SA0,BF0110_SA1,0,BL00110,BS009899,cv32e40p_alu_div|g4241|A2,execute_wb,ResReg_DP[10],sequential_output,3,3_4,g4241,AOI22_X1,A2,combinational_input,execute_wb|sequential_output|3_4,NOT_RUN,PENDING,,/raid/spring2026/fwu44/research/fault2assertion/faults/cv32e40p/branchfault/BF0110_SA0/results/crc32/screen_seed20260729_mc2000000,/raid/spring2026/fwu44/research/fault2assertion/faults/cv32e40p/branchfault/BF0110_SA0/results/crc32/screen_seed20260729_mc2000000/xrun.log,False,True,True
220,BF0110_SA1,BF0110_SA0,1,BL00110,BS009899,cv32e40p_alu_div|g4241|A2,execute_wb,ResReg_DP[10],sequential_output,3,3_4,g4241,AOI22_X1,A2,combinational_input,execute_wb|sequential_output|3_4,NOT_RUN,PENDING,,/raid/spring2026/fwu44/research/fault2assertion/faults/cv32e40p/branchfault/BF0110_SA1/results/crc32/screen_seed20260729_mc2000000,/raid/spring2026/fwu44/research/fault2assertion/faults/cv32e40p/branchfault/BF0110_SA1/results/crc32/screen_seed20260729_mc2000000/xrun.log,False,True,True
221,BF0111_SA0,BF0111_SA1,0,BL00111,BS009988,cv32e40p_alu_div|g4239|B1,execute_wb,ResReg_DP[9],sequential_output,3,3_4,g4239,AOI22_X1,B1,combinational_input,execute_wb|sequential_output|3_4,NOT_RUN,PENDING,,/raid/spring2026/fwu44/research/fault2assertion/faults/cv32e40p/branchfault/BF0111_SA0/results/crc32/screen_seed20260729_mc2000000,/raid/spring2026/fwu44/research/fault2assertion/faults/cv32e40p/branchfault/BF0111_SA0/results/crc32/screen_seed20260729_mc2000000/xrun.log,False,True,True
222,BF0111_SA1,BF0111_SA0,1,BL00111,BS009988,cv32e40p_alu_div|g4239|B1,execute_wb,ResReg_DP[9],sequential_output,3,3_4,g4239,AOI22_X1,B1,combinational_input,execute_wb|sequential_output|3_4,NOT_RUN,PENDING,,/raid/spring2026/fwu44/research/fault2assertion/faults/cv32e40p/branchfault/BF0111_SA1/results/crc32/screen_seed20260729_mc2000000,/raid/spring2026/fwu44/research/fault2assertion/faults/cv32e40p/branchfault/BF0111_SA1/results/crc32/screen_seed20260729_mc2000000/xrun.log,False,True,True
223,BF0112_SA0,BF0112_SA1,0,BL00112,BS010039,cv32e40p_alu_div|\add_109_42_Y_sub_109_64/g1381|A,execute_wb,\add_109_42_Y_sub_109_64/n_157,combinational_output,2,2,\add_109_42_Y_sub_109_64/g1381,XOR2_X1,A,combinational_input,execute_wb|combinational_output|2,NOT_RUN,PENDING,,/raid/spring2026/fwu44/research/fault2assertion/faults/cv32e40p/branchfault/BF0112_SA0/results/crc32/screen_seed20260729_mc2000000,/raid/spring2026/fwu44/research/fault2assertion/faults/cv32e40p/branchfault/BF0112_SA0/results/crc32/screen_seed20260729_mc2000000/xrun.log,False,True,True
224,BF0112_SA1,BF0112_SA0,1,BL00112,BS010039,cv32e40p_alu_div|\add_109_42_Y_sub_109_64/g1381|A,execute_wb,\add_109_42_Y_sub_109_64/n_157,combinational_output,2,2,\add_109_42_Y_sub_109_64/g1381,XOR2_X1,A,combinational_input,execute_wb|combinational_output|2,NOT_RUN,PENDING,,/raid/spring2026/fwu44/research/fault2assertion/faults/cv32e40p/branchfault/BF0112_SA1/results/crc32/screen_seed20260729_mc2000000,/raid/spring2026/fwu44/research/fault2assertion/faults/cv32e40p/branchfault/BF0112_SA1/results/crc32/screen_seed20260729_mc2000000/xrun.log,False,True,True
225,BF0113_SA0,BF0113_SA1,0,BL00113,BS010115,cv32e40p_alu_div|\add_109_42_Y_sub_109_64/g1483|A,execute_wb,\add_109_42_Y_sub_109_64/n_46,combinational_output,2,2,\add_109_42_Y_sub_109_64/g1483,INV_X1,A,combinational_input,execute_wb|combinational_output|2,NOT_RUN,PENDING,,/raid/spring2026/fwu44/research/fault2assertion/faults/cv32e40p/branchfault/BF0113_SA0/results/crc32/screen_seed20260729_mc2000000,/raid/spring2026/fwu44/research/fault2assertion/faults/cv32e40p/branchfault/BF0113_SA0/results/crc32/screen_seed20260729_mc2000000/xrun.log,False,True,True
226,BF0113_SA1,BF0113_SA0,1,BL00113,BS010115,cv32e40p_alu_div|\add_109_42_Y_sub_109_64/g1483|A,execute_wb,\add_109_42_Y_sub_109_64/n_46,combinational_output,2,2,\add_109_42_Y_sub_109_64/g1483,INV_X1,A,combinational_input,execute_wb|combinational_output|2,NOT_RUN,PENDING,,/raid/spring2026/fwu44/research/fault2assertion/faults/cv32e40p/branchfault/BF0113_SA1/results/crc32/screen_seed20260729_mc2000000,/raid/spring2026/fwu44/research/fault2assertion/faults/cv32e40p/branchfault/BF0113_SA1/results/crc32/screen_seed20260729_mc2000000/xrun.log,False,True,True
227,BF0114_SA0,BF0114_SA1,0,BL00114,BS010178,cv32e40p_alu_div|\add_109_42_Y_sub_109_64/g1431|A1,execute_wb,\add_109_42_Y_sub_109_64/n_74,combinational_output,3,3_4,\add_109_42_Y_sub_109_64/g1431,AND2_X1,A1,combinational_input,execute_wb|combinational_output|3_4,NOT_RUN,PENDING,,/raid/spring2026/fwu44/research/fault2assertion/faults/cv32e40p/branchfault/BF0114_SA0/results/crc32/screen_seed20260729_mc2000000,/raid/spring2026/fwu44/research/fault2assertion/faults/cv32e40p/branchfault/BF0114_SA0/results/crc32/screen_seed20260729_mc2000000/xrun.log,False,True,True
228,BF0114_SA1,BF0114_SA0,1,BL00114,BS010178,cv32e40p_alu_div|\add_109_42_Y_sub_109_64/g1431|A1,execute_wb,\add_109_42_Y_sub_109_64/n_74,combinational_output,3,3_4,\add_109_42_Y_sub_109_64/g1431,AND2_X1,A1,combinational_input,execute_wb|combinational_output|3_4,NOT_RUN,PENDING,,/raid/spring2026/fwu44/research/fault2assertion/faults/cv32e40p/branchfault/BF0114_SA1/results/crc32/screen_seed20260729_mc2000000,/raid/spring2026/fwu44/research/fault2assertion/faults/cv32e40p/branchfault/BF0114_SA1/results/crc32/screen_seed20260729_mc2000000/xrun.log,False,True,True
229,BF0115_SA0,BF0115_SA1,0,BL00115,BS010186,cv32e40p_alu_div|\add_109_42_Y_sub_109_64/g1423|B2,execute_wb,\add_109_42_Y_sub_109_64/n_77,combinational_output,3,3_4,\add_109_42_Y_sub_109_64/g1423,OAI21_X1,B2,combinational_input,execute_wb|combinational_output|3_4,NOT_RUN,PENDING,,/raid/spring2026/fwu44/research/fault2assertion/faults/cv32e40p/branchfault/BF0115_SA0/results/crc32/screen_seed20260729_mc2000000,/raid/spring2026/fwu44/research/fault2assertion/faults/cv32e40p/branchfault/BF0115_SA0/results/crc32/screen_seed20260729_mc2000000/xrun.log,False,True,True
230,BF0115_SA1,BF0115_SA0,1,BL00115,BS010186,cv32e40p_alu_div|\add_109_42_Y_sub_109_64/g1423|B2,execute_wb,\add_109_42_Y_sub_109_64/n_77,combinational_output,3,3_4,\add_109_42_Y_sub_109_64/g1423,OAI21_X1,B2,combinational_input,execute_wb|combinational_output|3_4,NOT_RUN,PENDING,,/raid/spring2026/fwu44/research/fault2assertion/faults/cv32e40p/branchfault/BF0115_SA1/results/crc32/screen_seed20260729_mc2000000,/raid/spring2026/fwu44/research/fault2assertion/faults/cv32e40p/branchfault/BF0115_SA1/results/crc32/screen_seed20260729_mc2000000/xrun.log,False,True,True
231,BF0116_SA0,BF0116_SA1,0,BL00116,BS010222,cv32e40p_alu_div|\gt_105_58/g1439|C1,execute_wb,\gt_105_58/n_12,combinational_output,2,2,\gt_105_58/g1439,OAI211_X1,C1,combinational_input,execute_wb|combinational_output|2,NOT_RUN,PENDING,,/raid/spring2026/fwu44/research/fault2assertion/faults/cv32e40p/branchfault/BF0116_SA0/results/crc32/screen_seed20260729_mc2000000,/raid/spring2026/fwu44/research/fault2assertion/faults/cv32e40p/branchfault/BF0116_SA0/results/crc32/screen_seed20260729_mc2000000/xrun.log,False,True,True
232,BF0116_SA1,BF0116_SA0,1,BL00116,BS010222,cv32e40p_alu_div|\gt_105_58/g1439|C1,execute_wb,\gt_105_58/n_12,combinational_output,2,2,\gt_105_58/g1439,OAI211_X1,C1,combinational_input,execute_wb|combinational_output|2,NOT_RUN,PENDING,,/raid/spring2026/fwu44/research/fault2assertion/faults/cv32e40p/branchfault/BF0116_SA1/results/crc32/screen_seed20260729_mc2000000,/raid/spring2026/fwu44/research/fault2assertion/faults/cv32e40p/branchfault/BF0116_SA1/results/crc32/screen_seed20260729_mc2000000/xrun.log,False,True,True
233,BF0117_SA0,BF0117_SA1,0,BL00117,BS010343,cv32e40p_alu_div|\minus_102_33/g585|A,execute_wb,\minus_102_33/n_3,combinational_output,2,2,\minus_102_33/g585,INV_X1,A,combinational_input,execute_wb|combinational_output|2,NOT_RUN,PENDING,,/raid/spring2026/fwu44/research/fault2assertion/faults/cv32e40p/branchfault/BF0117_SA0/results/crc32/screen_seed20260729_mc2000000,/raid/spring2026/fwu44/research/fault2assertion/faults/cv32e40p/branchfault/BF0117_SA0/results/crc32/screen_seed20260729_mc2000000/xrun.log,False,True,True
234,BF0117_SA1,BF0117_SA0,1,BL00117,BS010343,cv32e40p_alu_div|\minus_102_33/g585|A,execute_wb,\minus_102_33/n_3,combinational_output,2,2,\minus_102_33/g585,INV_X1,A,combinational_input,execute_wb|combinational_output|2,NOT_RUN,PENDING,,/raid/spring2026/fwu44/research/fault2assertion/faults/cv32e40p/branchfault/BF0117_SA1/results/crc32/screen_seed20260729_mc2000000,/raid/spring2026/fwu44/research/fault2assertion/faults/cv32e40p/branchfault/BF0117_SA1/results/crc32/screen_seed20260729_mc2000000/xrun.log,False,True,True
235,BF0118_SA0,BF0118_SA1,0,BL00118,BS010392,cv32e40p_alu_div|\minus_102_33/g524|A,execute_wb,\minus_102_33/n_63,combinational_output,2,2,\minus_102_33/g524,AOI21_X1,A,combinational_input,execute_wb|combinational_output|2,NOT_RUN,PENDING,,/raid/spring2026/fwu44/research/fault2assertion/faults/cv32e40p/branchfault/BF0118_SA0/results/crc32/screen_seed20260729_mc2000000,/raid/spring2026/fwu44/research/fault2assertion/faults/cv32e40p/branchfault/BF0118_SA0/results/crc32/screen_seed20260729_mc2000000/xrun.log,False,True,True
236,BF0118_SA1,BF0118_SA0,1,BL00118,BS010392,cv32e40p_alu_div|\minus_102_33/g524|A,execute_wb,\minus_102_33/n_63,combinational_output,2,2,\minus_102_33/g524,AOI21_X1,A,combinational_input,execute_wb|combinational_output|2,NOT_RUN,PENDING,,/raid/spring2026/fwu44/research/fault2assertion/faults/cv32e40p/branchfault/BF0118_SA1/results/crc32/screen_seed20260729_mc2000000,/raid/spring2026/fwu44/research/fault2assertion/faults/cv32e40p/branchfault/BF0118_SA1/results/crc32/screen_seed20260729_mc2000000/xrun.log,False,True,True
237,BF0119_SA0,BF0119_SA1,0,BL00119,BS010424,cv32e40p_alu_div|g4042|B2,execute_wb,n_1,sequential_output,2,2,g4042,OAI21_X1,B2,combinational_input,execute_wb|sequential_output|2,NOT_RUN,PENDING,,/raid/spring2026/fwu44/research/fault2assertion/faults/cv32e40p/branchfault/BF0119_SA0/results/crc32/screen_seed20260729_mc2000000,/raid/spring2026/fwu44/research/fault2assertion/faults/cv32e40p/branchfault/BF0119_SA0/results/crc32/screen_seed20260729_mc2000000/xrun.log,False,True,True
238,BF0119_SA1,BF0119_SA0,1,BL00119,BS010424,cv32e40p_alu_div|g4042|B2,execute_wb,n_1,sequential_output,2,2,g4042,OAI21_X1,B2,combinational_input,execute_wb|sequential_output|2,NOT_RUN,PENDING,,/raid/spring2026/fwu44/research/fault2assertion/faults/cv32e40p/branchfault/BF0119_SA1/results/crc32/screen_seed20260729_mc2000000,/raid/spring2026/fwu44/research/fault2assertion/faults/cv32e40p/branchfault/BF0119_SA1/results/crc32/screen_seed20260729_mc2000000/xrun.log,False,True,True
239,BF0120_SA0,BF0120_SA1,0,BL00120,BS010452,cv32e40p_alu_div|g4143|B1,execute_wb,n_226,combinational_output,63,gt_8,g4143,AOI222_X1,B1,combinational_input,execute_wb|combinational_output|gt_8,NOT_RUN,PENDING,,/raid/spring2026/fwu44/research/fault2assertion/faults/cv32e40p/branchfault/BF0120_SA0/results/crc32/screen_seed20260729_mc2000000,/raid/spring2026/fwu44/research/fault2assertion/faults/cv32e40p/branchfault/BF0120_SA0/results/crc32/screen_seed20260729_mc2000000/xrun.log,False,True,True
240,BF0120_SA1,BF0120_SA0,1,BL00120,BS010452,cv32e40p_alu_div|g4143|B1,execute_wb,n_226,combinational_output,63,gt_8,g4143,AOI222_X1,B1,combinational_input,execute_wb|combinational_output|gt_8,NOT_RUN,PENDING,,/raid/spring2026/fwu44/research/fault2assertion/faults/cv32e40p/branchfault/BF0120_SA1/results/crc32/screen_seed20260729_mc2000000,/raid/spring2026/fwu44/research/fault2assertion/faults/cv32e40p/branchfault/BF0120_SA1/results/crc32/screen_seed20260729_mc2000000/xrun.log,False,True,True
241,BF0121_SA0,BF0121_SA1,0,BL00121,BS010535,cv32e40p_alu_div|\minus_102_33/g521|B2,execute_wb,n_263,combinational_output,3,3_4,\minus_102_33/g521,AOI21_X1,B2,combinational_input,execute_wb|combinational_output|3_4,NOT_RUN,PENDING,,/raid/spring2026/fwu44/research/fault2assertion/faults/cv32e40p/branchfault/BF0121_SA0/results/crc32/screen_seed20260729_mc2000000,/raid/spring2026/fwu44/research/fault2assertion/faults/cv32e40p/branchfault/BF0121_SA0/results/crc32/screen_seed20260729_mc2000000/xrun.log,False,True,True
242,BF0121_SA1,BF0121_SA0,1,BL00121,BS010535,cv32e40p_alu_div|\minus_102_33/g521|B2,execute_wb,n_263,combinational_output,3,3_4,\minus_102_33/g521,AOI21_X1,B2,combinational_input,execute_wb|combinational_output|3_4,NOT_RUN,PENDING,,/raid/spring2026/fwu44/research/fault2assertion/faults/cv32e40p/branchfault/BF0121_SA1/results/crc32/screen_seed20260729_mc2000000,/raid/spring2026/fwu44/research/fault2assertion/faults/cv32e40p/branchfault/BF0121_SA1/results/crc32/screen_seed20260729_mc2000000/xrun.log,False,True,True
243,BF0122_SA0,BF0122_SA1,0,BL00122,BS010769,cv32e40p_alu_div|g135|A1,execute_wb,n_510,combinational_output,3,3_4,g135,OR2_X1,A1,combinational_input,execute_wb|combinational_output|3_4,NOT_RUN,PENDING,,/raid/spring2026/fwu44/research/fault2assertion/faults/cv32e40p/branchfault/BF0122_SA0/results/crc32/screen_seed20260729_mc2000000,/raid/spring2026/fwu44/research/fault2assertion/faults/cv32e40p/branchfault/BF0122_SA0/results/crc32/screen_seed20260729_mc2000000/xrun.log,False,True,True
244,BF0122_SA1,BF0122_SA0,1,BL00122,BS010769,cv32e40p_alu_div|g135|A1,execute_wb,n_510,combinational_output,3,3_4,g135,OR2_X1,A1,combinational_input,execute_wb|combinational_output|3_4,NOT_RUN,PENDING,,/raid/spring2026/fwu44/research/fault2assertion/faults/cv32e40p/branchfault/BF0122_SA1/results/crc32/screen_seed20260729_mc2000000,/raid/spring2026/fwu44/research/fault2assertion/faults/cv32e40p/branchfault/BF0122_SA1/results/crc32/screen_seed20260729_mc2000000/xrun.log,False,True,True
245,BF0123_SA0,BF0123_SA1,0,BL00123,BS010775,cv32e40p_alu_div|g108|B2,execute_wb,n_521,combinational_output,3,3_4,g108,OAI21_X1,B2,combinational_input,execute_wb|combinational_output|3_4,NOT_RUN,PENDING,,/raid/spring2026/fwu44/research/fault2assertion/faults/cv32e40p/branchfault/BF0123_SA0/results/crc32/screen_seed20260729_mc2000000,/raid/spring2026/fwu44/research/fault2assertion/faults/cv32e40p/branchfault/BF0123_SA0/results/crc32/screen_seed20260729_mc2000000/xrun.log,False,True,True
246,BF0123_SA1,BF0123_SA0,1,BL00123,BS010775,cv32e40p_alu_div|g108|B2,execute_wb,n_521,combinational_output,3,3_4,g108,OAI21_X1,B2,combinational_input,execute_wb|combinational_output|3_4,NOT_RUN,PENDING,,/raid/spring2026/fwu44/research/fault2assertion/faults/cv32e40p/branchfault/BF0123_SA1/results/crc32/screen_seed20260729_mc2000000,/raid/spring2026/fwu44/research/fault2assertion/faults/cv32e40p/branchfault/BF0123_SA1/results/crc32/screen_seed20260729_mc2000000/xrun.log,False,True,True
247,BF0124_SA0,BF0124_SA1,0,BL00124,BS010793,cv32e40p_alu_div|g4130|A1,execute_wb,n_6,combinational_output,64,gt_8,g4130,AOI222_X1,A1,combinational_input,execute_wb|combinational_output|gt_8,NOT_RUN,PENDING,,/raid/spring2026/fwu44/research/fault2assertion/faults/cv32e40p/branchfault/BF0124_SA0/results/crc32/screen_seed20260729_mc2000000,/raid/spring2026/fwu44/research/fault2assertion/faults/cv32e40p/branchfault/BF0124_SA0/results/crc32/screen_seed20260729_mc2000000/xrun.log,False,True,True
248,BF0124_SA1,BF0124_SA0,1,BL00124,BS010793,cv32e40p_alu_div|g4130|A1,execute_wb,n_6,combinational_output,64,gt_8,g4130,AOI222_X1,A1,combinational_input,execute_wb|combinational_output|gt_8,NOT_RUN,PENDING,,/raid/spring2026/fwu44/research/fault2assertion/faults/cv32e40p/branchfault/BF0124_SA1/results/crc32/screen_seed20260729_mc2000000,/raid/spring2026/fwu44/research/fault2assertion/faults/cv32e40p/branchfault/BF0124_SA1/results/crc32/screen_seed20260729_mc2000000/xrun.log,False,True,True
249,BF0125_SA0,BF0125_SA1,0,BL00125,BS010808,cv32e40p_alu_div|g4145|A1,execute_wb,n_6,combinational_output,64,gt_8,g4145,AOI222_X1,A1,combinational_input,execute_wb|combinational_output|gt_8,NOT_RUN,PENDING,,/raid/spring2026/fwu44/research/fault2assertion/faults/cv32e40p/branchfault/BF0125_SA0/results/crc32/screen_seed20260729_mc2000000,/raid/spring2026/fwu44/research/fault2assertion/faults/cv32e40p/branchfault/BF0125_SA0/results/crc32/screen_seed20260729_mc2000000/xrun.log,False,True,True
250,BF0125_SA1,BF0125_SA0,1,BL00125,BS010808,cv32e40p_alu_div|g4145|A1,execute_wb,n_6,combinational_output,64,gt_8,g4145,AOI222_X1,A1,combinational_input,execute_wb|combinational_output|gt_8,NOT_RUN,PENDING,,/raid/spring2026/fwu44/research/fault2assertion/faults/cv32e40p/branchfault/BF0125_SA1/results/crc32/screen_seed20260729_mc2000000,/raid/spring2026/fwu44/research/fault2assertion/faults/cv32e40p/branchfault/BF0125_SA1/results/crc32/screen_seed20260729_mc2000000/xrun.log,False,True,True
251,BF0126_SA0,BF0126_SA1,0,BL00126,BS010958,cv32e40p_ff_one|g1281|A1,execute_wb,in_i[16],hierarchy_boundary,2,2,g1281,NOR2_X1,A1,combinational_input,execute_wb|hierarchy_boundary|2,NOT_RUN,PENDING,,/raid/spring2026/fwu44/research/fault2assertion/faults/cv32e40p/branchfault/BF0126_SA0/results/crc32/screen_seed20260729_mc2000000,/raid/spring2026/fwu44/research/fault2assertion/faults/cv32e40p/branchfault/BF0126_SA0/results/crc32/screen_seed20260729_mc2000000/xrun.log,False,True,True
252,BF0126_SA1,BF0126_SA0,1,BL00126,BS010958,cv32e40p_ff_one|g1281|A1,execute_wb,in_i[16],hierarchy_boundary,2,2,g1281,NOR2_X1,A1,combinational_input,execute_wb|hierarchy_boundary|2,NOT_RUN,PENDING,,/raid/spring2026/fwu44/research/fault2assertion/faults/cv32e40p/branchfault/BF0126_SA1/results/crc32/screen_seed20260729_mc2000000,/raid/spring2026/fwu44/research/fault2assertion/faults/cv32e40p/branchfault/BF0126_SA1/results/crc32/screen_seed20260729_mc2000000/xrun.log,False,True,True
253,BF0127_SA0,BF0127_SA1,0,BL00127,BS010966,cv32e40p_ff_one|g3|A2,execute_wb,in_i[21],hierarchy_boundary,3,3_4,g3,OR3_X1,A2,combinational_input,execute_wb|hierarchy_boundary|3_4,NOT_RUN,PENDING,,/raid/spring2026/fwu44/research/fault2assertion/faults/cv32e40p/branchfault/BF0127_SA0/results/crc32/screen_seed20260729_mc2000000,/raid/spring2026/fwu44/research/fault2assertion/faults/cv32e40p/branchfault/BF0127_SA0/results/crc32/screen_seed20260729_mc2000000/xrun.log,False,True,True
254,BF0127_SA1,BF0127_SA0,1,BL00127,BS010966,cv32e40p_ff_one|g3|A2,execute_wb,in_i[21],hierarchy_boundary,3,3_4,g3,OR3_X1,A2,combinational_input,execute_wb|hierarchy_boundary|3_4,NOT_RUN,PENDING,,/raid/spring2026/fwu44/research/fault2assertion/faults/cv32e40p/branchfault/BF0127_SA1/results/crc32/screen_seed20260729_mc2000000,/raid/spring2026/fwu44/research/fault2assertion/faults/cv32e40p/branchfault/BF0127_SA1/results/crc32/screen_seed20260729_mc2000000/xrun.log,False,True,True
255,BF0128_SA0,BF0128_SA1,0,BL00128,BS010991,cv32e40p_ff_one|g1269|A2,execute_wb,in_i[8],hierarchy_boundary,2,2,g1269,NOR4_X1,A2,combinational_input,execute_wb|hierarchy_boundary|2,NOT_RUN,PENDING,,/raid/spring2026/fwu44/research/fault2assertion/faults/cv32e40p/branchfault/BF0128_SA0/results/crc32/screen_seed20260729_mc2000000,/raid/spring2026/fwu44/research/fault2assertion/faults/cv32e40p/branchfault/BF0128_SA0/results/crc32/screen_seed20260729_mc2000000/xrun.log,False,True,True
256,BF0128_SA1,BF0128_SA0,1,BL00128,BS010991,cv32e40p_ff_one|g1269|A2,execute_wb,in_i[8],hierarchy_boundary,2,2,g1269,NOR4_X1,A2,combinational_input,execute_wb|hierarchy_boundary|2,NOT_RUN,PENDING,,/raid/spring2026/fwu44/research/fault2assertion/faults/cv32e40p/branchfault/BF0128_SA1/results/crc32/screen_seed20260729_mc2000000,/raid/spring2026/fwu44/research/fault2assertion/faults/cv32e40p/branchfault/BF0128_SA1/results/crc32/screen_seed20260729_mc2000000/xrun.log,False,True,True
257,BF0129_SA0,BF0129_SA1,0,BL00129,BS010992,cv32e40p_ff_one|g1240|B2,execute_wb,in_i[9],hierarchy_boundary,3,3_4,g1240,OAI221_X1,B2,combinational_input,execute_wb|hierarchy_boundary|3_4,NOT_RUN,PENDING,,/raid/spring2026/fwu44/research/fault2assertion/faults/cv32e40p/branchfault/BF0129_SA0/results/crc32/screen_seed20260729_mc2000000,/raid/spring2026/fwu44/research/fault2assertion/faults/cv32e40p/branchfault/BF0129_SA0/results/crc32/screen_seed20260729_mc2000000/xrun.log,False,True,True
258,BF0129_SA1,BF0129_SA0,1,BL00129,BS010992,cv32e40p_ff_one|g1240|B2,execute_wb,in_i[9],hierarchy_boundary,3,3_4,g1240,OAI221_X1,B2,combinational_input,execute_wb|hierarchy_boundary|3_4,NOT_RUN,PENDING,,/raid/spring2026/fwu44/research/fault2assertion/faults/cv32e40p/branchfault/BF0129_SA1/results/crc32/screen_seed20260729_mc2000000,/raid/spring2026/fwu44/research/fault2assertion/faults/cv32e40p/branchfault/BF0129_SA1/results/crc32/screen_seed20260729_mc2000000/xrun.log,False,True,True
259,BF0130_SA0,BF0130_SA1,0,BL00130,BS010998,cv32e40p_ff_one|g1256|A1,execute_wb,n_11,combinational_output,5,5_8,g1256,OR3_X1,A1,combinational_input,execute_wb|combinational_output|5_8,NOT_RUN,PENDING,,/raid/spring2026/fwu44/research/fault2assertion/faults/cv32e40p/branchfault/BF0130_SA0/results/crc32/screen_seed20260729_mc2000000,/raid/spring2026/fwu44/research/fault2assertion/faults/cv32e40p/branchfault/BF0130_SA0/results/crc32/screen_seed20260729_mc2000000/xrun.log,False,True,True
260,BF0130_SA1,BF0130_SA0,1,BL00130,BS010998,cv32e40p_ff_one|g1256|A1,execute_wb,n_11,combinational_output,5,5_8,g1256,OR3_X1,A1,combinational_input,execute_wb|combinational_output|5_8,NOT_RUN,PENDING,,/raid/spring2026/fwu44/research/fault2assertion/faults/cv32e40p/branchfault/BF0130_SA1/results/crc32/screen_seed20260729_mc2000000,/raid/spring2026/fwu44/research/fault2assertion/faults/cv32e40p/branchfault/BF0130_SA1/results/crc32/screen_seed20260729_mc2000000/xrun.log,False,True,True
261,BF0131_SA0,BF0131_SA1,0,BL00131,BS011010,cv32e40p_ff_one|g1238|A2,execute_wb,n_20,combinational_output,3,3_4,g1238,NOR2_X1,A2,combinational_input,execute_wb|combinational_output|3_4,NOT_RUN,PENDING,,/raid/spring2026/fwu44/research/fault2assertion/faults/cv32e40p/branchfault/BF0131_SA0/results/crc32/screen_seed20260729_mc2000000,/raid/spring2026/fwu44/research/fault2assertion/faults/cv32e40p/branchfault/BF0131_SA0/results/crc32/screen_seed20260729_mc2000000/xrun.log,False,True,True
262,BF0131_SA1,BF0131_SA0,1,BL00131,BS011010,cv32e40p_ff_one|g1238|A2,execute_wb,n_20,combinational_output,3,3_4,g1238,NOR2_X1,A2,combinational_input,execute_wb|combinational_output|3_4,NOT_RUN,PENDING,,/raid/spring2026/fwu44/research/fault2assertion/faults/cv32e40p/branchfault/BF0131_SA1/results/crc32/screen_seed20260729_mc2000000,/raid/spring2026/fwu44/research/fault2assertion/faults/cv32e40p/branchfault/BF0131_SA1/results/crc32/screen_seed20260729_mc2000000/xrun.log,False,True,True
263,BF0132_SA0,BF0132_SA1,0,BL00132,BS011030,cv32e40p_ff_one|g1262|A2,execute_wb,n_39,combinational_output,3,3_4,g1262,NAND3_X1,A2,combinational_input,execute_wb|combinational_output|3_4,NOT_RUN,PENDING,,/raid/spring2026/fwu44/research/fault2assertion/faults/cv32e40p/branchfault/BF0132_SA0/results/crc32/screen_seed20260729_mc2000000,/raid/spring2026/fwu44/research/fault2assertion/faults/cv32e40p/branchfault/BF0132_SA0/results/crc32/screen_seed20260729_mc2000000/xrun.log,False,True,True
264,BF0132_SA1,BF0132_SA0,1,BL00132,BS011030,cv32e40p_ff_one|g1262|A2,execute_wb,n_39,combinational_output,3,3_4,g1262,NAND3_X1,A2,combinational_input,execute_wb|combinational_output|3_4,NOT_RUN,PENDING,,/raid/spring2026/fwu44/research/fault2assertion/faults/cv32e40p/branchfault/BF0132_SA1/results/crc32/screen_seed20260729_mc2000000,/raid/spring2026/fwu44/research/fault2assertion/faults/cv32e40p/branchfault/BF0132_SA1/results/crc32/screen_seed20260729_mc2000000/xrun.log,False,True,True
265,BF0133_SA0,BF0133_SA1,0,BL00133,BS011068,cv32e40p_id_stage_COREV_PULP0_COREV_CLUSTER0_N_HWLP2_PULP_SECURE0_USE_PMP0_A_EXTENSION0_APU0_FPU0_FPU_ADDMUL_LAT0_FPU_OTHERS_LAT0_ZFINX0_APU_NARGS_CPU3_APU_WOP_CPU6_APU_NDSFLAGS_CPU15_APU_NUSFLAGS_CPU5_DEBUG_TRIGGER_EN1|g16010|A,execute_wb,\regfile_alu_waddr_ex_o[3]_3588,sequential_output,2,2,g16010,XNOR2_X1,A,combinational_input,execute_wb|sequential_output|2,NOT_RUN,PENDING,,/raid/spring2026/fwu44/research/fault2assertion/faults/cv32e40p/branchfault/BF0133_SA0/results/crc32/screen_seed20260729_mc2000000,/raid/spring2026/fwu44/research/fault2assertion/faults/cv32e40p/branchfault/BF0133_SA0/results/crc32/screen_seed20260729_mc2000000/xrun.log,False,True,True
266,BF0133_SA1,BF0133_SA0,1,BL00133,BS011068,cv32e40p_id_stage_COREV_PULP0_COREV_CLUSTER0_N_HWLP2_PULP_SECURE0_USE_PMP0_A_EXTENSION0_APU0_FPU0_FPU_ADDMUL_LAT0_FPU_OTHERS_LAT0_ZFINX0_APU_NARGS_CPU3_APU_WOP_CPU6_APU_NDSFLAGS_CPU15_APU_NUSFLAGS_CPU5_DEBUG_TRIGGER_EN1|g16010|A,execute_wb,\regfile_alu_waddr_ex_o[3]_3588,sequential_output,2,2,g16010,XNOR2_X1,A,combinational_input,execute_wb|sequential_output|2,NOT_RUN,PENDING,,/raid/spring2026/fwu44/research/fault2assertion/faults/cv32e40p/branchfault/BF0133_SA1/results/crc32/screen_seed20260729_mc2000000,/raid/spring2026/fwu44/research/fault2assertion/faults/cv32e40p/branchfault/BF0133_SA1/results/crc32/screen_seed20260729_mc2000000/xrun.log,False,True,True
267,BF0134_SA0,BF0134_SA1,0,BL00134,BS011177,cv32e40p_mult|\csa_tree_add_111_42_groupi/g8255|B2,execute_wb,\csa_tree_add_111_42_groupi/n_102,combinational_output,17,gt_8,\csa_tree_add_111_42_groupi/g8255,OAI221_X1,B2,combinational_input,execute_wb|combinational_output|gt_8,NOT_RUN,PENDING,,/raid/spring2026/fwu44/research/fault2assertion/faults/cv32e40p/branchfault/BF0134_SA0/results/crc32/screen_seed20260729_mc2000000,/raid/spring2026/fwu44/research/fault2assertion/faults/cv32e40p/branchfault/BF0134_SA0/results/crc32/screen_seed20260729_mc2000000/xrun.log,False,True,True
268,BF0134_SA1,BF0134_SA0,1,BL00134,BS011177,cv32e40p_mult|\csa_tree_add_111_42_groupi/g8255|B2,execute_wb,\csa_tree_add_111_42_groupi/n_102,combinational_output,17,gt_8,\csa_tree_add_111_42_groupi/g8255,OAI221_X1,B2,combinational_input,execute_wb|combinational_output|gt_8,NOT_RUN,PENDING,,/raid/spring2026/fwu44/research/fault2assertion/faults/cv32e40p/branchfault/BF0134_SA1/results/crc32/screen_seed20260729_mc2000000,/raid/spring2026/fwu44/research/fault2assertion/faults/cv32e40p/branchfault/BF0134_SA1/results/crc32/screen_seed20260729_mc2000000/xrun.log,False,True,True
269,BF0135_SA0,BF0135_SA1,0,BL00135,BS011283,cv32e40p_mult|\csa_tree_add_111_42_groupi/g8255|C1,execute_wb,\csa_tree_add_111_42_groupi/n_114,combinational_output,15,gt_8,\csa_tree_add_111_42_groupi/g8255,OAI221_X1,C1,combinational_input,execute_wb|combinational_output|gt_8,NOT_RUN,PENDING,,/raid/spring2026/fwu44/research/fault2assertion/faults/cv32e40p/branchfault/BF0135_SA0/results/crc32/screen_seed20260729_mc2000000,/raid/spring2026/fwu44/research/fault2assertion/faults/cv32e40p/branchfault/BF0135_SA0/results/crc32/screen_seed20260729_mc2000000/xrun.log,False,True,True
270,BF0135_SA1,BF0135_SA0,1,BL00135,BS011283,cv32e40p_mult|\csa_tree_add_111_42_groupi/g8255|C1,execute_wb,\csa_tree_add_111_42_groupi/n_114,combinational_output,15,gt_8,\csa_tree_add_111_42_groupi/g8255,OAI221_X1,C1,combinational_input,execute_wb|combinational_output|gt_8,NOT_RUN,PENDING,,/raid/spring2026/fwu44/research/fault2assertion/faults/cv32e40p/branchfault/BF0135_SA1/results/crc32/screen_seed20260729_mc2000000,/raid/spring2026/fwu44/research/fault2assertion/faults/cv32e40p/branchfault/BF0135_SA1/results/crc32/screen_seed20260729_mc2000000/xrun.log,False,True,True
271,BF0136_SA0,BF0136_SA1,0,BL00136,BS011374,cv32e40p_mult|\csa_tree_add_111_42_groupi/g8518|A1,execute_wb,\csa_tree_add_111_42_groupi/n_133,combinational_output,2,2,\csa_tree_add_111_42_groupi/g8518,NAND2_X1,A1,combinational_input,execute_wb|combinational_output|2,NOT_RUN,PENDING,,/raid/spring2026/fwu44/research/fault2assertion/faults/cv32e40p/branchfault/BF0136_SA0/results/crc32/screen_seed20260729_mc2000000,/raid/spring2026/fwu44/research/fault2assertion/faults/cv32e40p/branchfault/BF0136_SA0/results/crc32/screen_seed20260729_mc2000000/xrun.log,False,True,True
272,BF0136_SA1,BF0136_SA0,1,BL00136,BS011374,cv32e40p_mult|\csa_tree_add_111_42_groupi/g8518|A1,execute_wb,\csa_tree_add_111_42_groupi/n_133,combinational_output,2,2,\csa_tree_add_111_42_groupi/g8518,NAND2_X1,A1,combinational_input,execute_wb|combinational_output|2,NOT_RUN,PENDING,,/raid/spring2026/fwu44/research/fault2assertion/faults/cv32e40p/branchfault/BF0136_SA1/results/crc32/screen_seed20260729_mc2000000,/raid/spring2026/fwu44/research/fault2assertion/faults/cv32e40p/branchfault/BF0136_SA1/results/crc32/screen_seed20260729_mc2000000/xrun.log,False,True,True
273,BF0137_SA0,BF0137_SA1,0,BL00137,BS011443,cv32e40p_mult|\csa_tree_add_111_42_groupi/g8143|C2,execute_wb,\csa_tree_add_111_42_groupi/n_23,combinational_output,9,gt_8,\csa_tree_add_111_42_groupi/g8143,OAI221_X1,C2,combinational_input,execute_wb|combinational_output|gt_8,NOT_RUN,PENDING,,/raid/spring2026/fwu44/research/fault2assertion/faults/cv32e40p/branchfault/BF0137_SA0/results/crc32/screen_seed20260729_mc2000000,/raid/spring2026/fwu44/research/fault2assertion/faults/cv32e40p/branchfault/BF0137_SA0/results/crc32/screen_seed20260729_mc2000000/xrun.log,False,True,True
274,BF0137_SA1,BF0137_SA0,1,BL00137,BS011443,cv32e40p_mult|\csa_tree_add_111_42_groupi/g8143|C2,execute_wb,\csa_tree_add_111_42_groupi/n_23,combinational_output,9,gt_8,\csa_tree_add_111_42_groupi/g8143,OAI221_X1,C2,combinational_input,execute_wb|combinational_output|gt_8,NOT_RUN,PENDING,,/raid/spring2026/fwu44/research/fault2assertion/faults/cv32e40p/branchfault/BF0137_SA1/results/crc32/screen_seed20260729_mc2000000,/raid/spring2026/fwu44/research/fault2assertion/faults/cv32e40p/branchfault/BF0137_SA1/results/crc32/screen_seed20260729_mc2000000/xrun.log,False,True,True
275,BF0138_SA0,BF0138_SA1,0,BL00138,BS011457,cv32e40p_mult|\csa_tree_add_111_42_groupi/g8241|C2,execute_wb,\csa_tree_add_111_42_groupi/n_24,combinational_output,9,gt_8,\csa_tree_add_111_42_groupi/g8241,OAI222_X1,C2,combinational_input,execute_wb|combinational_output|gt_8,NOT_RUN,PENDING,,/raid/spring2026/fwu44/research/fault2assertion/faults/cv32e40p/branchfault/BF0138_SA0/results/crc32/screen_seed20260729_mc2000000,/raid/spring2026/fwu44/research/fault2assertion/faults/cv32e40p/branchfault/BF0138_SA0/results/crc32/screen_seed20260729_mc2000000/xrun.log,False,True,True
276,BF0138_SA1,BF0138_SA0,1,BL00138,BS011457,cv32e40p_mult|\csa_tree_add_111_42_groupi/g8241|C2,execute_wb,\csa_tree_add_111_42_groupi/n_24,combinational_output,9,gt_8,\csa_tree_add_111_42_groupi/g8241,OAI222_X1,C2,combinational_input,execute_wb|combinational_output|gt_8,NOT_RUN,PENDING,,/raid/spring2026/fwu44/research/fault2assertion/faults/cv32e40p/branchfault/BF0138_SA1/results/crc32/screen_seed20260729_mc2000000,/raid/spring2026/fwu44/research/fault2assertion/faults/cv32e40p/branchfault/BF0138_SA1/results/crc32/screen_seed20260729_mc2000000/xrun.log,False,True,True
277,BF0139_SA0,BF0139_SA1,0,BL00139,BS011492,cv32e40p_mult|\csa_tree_add_111_42_groupi/g8281|C2,execute_wb,\csa_tree_add_111_42_groupi/n_27,combinational_output,9,gt_8,\csa_tree_add_111_42_groupi/g8281,OAI222_X1,C2,combinational_input,execute_wb|combinational_output|gt_8,NOT_RUN,PENDING,,/raid/spring2026/fwu44/research/fault2assertion/faults/cv32e40p/branchfault/BF0139_SA0/results/crc32/screen_seed20260729_mc2000000,/raid/spring2026/fwu44/research/fault2assertion/faults/cv32e40p/branchfault/BF0139_SA0/results/crc32/screen_seed20260729_mc2000000/xrun.log,False,True,True
278,BF0139_SA1,BF0139_SA0,1,BL00139,BS011492,cv32e40p_mult|\csa_tree_add_111_42_groupi/g8281|C2,execute_wb,\csa_tree_add_111_42_groupi/n_27,combinational_output,9,gt_8,\csa_tree_add_111_42_groupi/g8281,OAI222_X1,C2,combinational_input,execute_wb|combinational_output|gt_8,NOT_RUN,PENDING,,/raid/spring2026/fwu44/research/fault2assertion/faults/cv32e40p/branchfault/BF0139_SA1/results/crc32/screen_seed20260729_mc2000000,/raid/spring2026/fwu44/research/fault2assertion/faults/cv32e40p/branchfault/BF0139_SA1/results/crc32/screen_seed20260729_mc2000000/xrun.log,False,True,True
279,BF0140_SA0,BF0140_SA1,0,BL00140,BS011503,cv32e40p_mult|\csa_tree_add_111_42_groupi/g8591|A1,execute_wb,\csa_tree_add_111_42_groupi/n_28,combinational_output,9,gt_8,\csa_tree_add_111_42_groupi/g8591,AOI22_X1,A1,combinational_input,execute_wb|combinational_output|gt_8,NOT_RUN,PENDING,,/raid/spring2026/fwu44/research/fault2assertion/faults/cv32e40p/branchfault/BF0140_SA0/results/crc32/screen_seed20260729_mc2000000,/raid/spring2026/fwu44/research/fault2assertion/faults/cv32e40p/branchfault/BF0140_SA0/results/crc32/screen_seed20260729_mc2000000/xrun.log,False,True,True
280,BF0140_SA1,BF0140_SA0,1,BL00140,BS011503,cv32e40p_mult|\csa_tree_add_111_42_groupi/g8591|A1,execute_wb,\csa_tree_add_111_42_groupi/n_28,combinational_output,9,gt_8,\csa_tree_add_111_42_groupi/g8591,AOI22_X1,A1,combinational_input,execute_wb|combinational_output|gt_8,NOT_RUN,PENDING,,/raid/spring2026/fwu44/research/fault2assertion/faults/cv32e40p/branchfault/BF0140_SA1/results/crc32/screen_seed20260729_mc2000000,/raid/spring2026/fwu44/research/fault2assertion/faults/cv32e40p/branchfault/BF0140_SA1/results/crc32/screen_seed20260729_mc2000000/xrun.log,False,True,True
281,BF0141_SA0,BF0141_SA1,0,BL00141,BS011544,cv32e40p_mult|\csa_tree_add_111_42_groupi/g8578|B1,execute_wb,\csa_tree_add_111_42_groupi/n_32,combinational_output,9,gt_8,\csa_tree_add_111_42_groupi/g8578,OAI22_X1,B1,combinational_input,execute_wb|combinational_output|gt_8,NOT_RUN,PENDING,,/raid/spring2026/fwu44/research/fault2assertion/faults/cv32e40p/branchfault/BF0141_SA0/results/crc32/screen_seed20260729_mc2000000,/raid/spring2026/fwu44/research/fault2assertion/faults/cv32e40p/branchfault/BF0141_SA0/results/crc32/screen_seed20260729_mc2000000/xrun.log,False,True,True
282,BF0141_SA1,BF0141_SA0,1,BL00141,BS011544,cv32e40p_mult|\csa_tree_add_111_42_groupi/g8578|B1,execute_wb,\csa_tree_add_111_42_groupi/n_32,combinational_output,9,gt_8,\csa_tree_add_111_42_groupi/g8578,OAI22_X1,B1,combinational_input,execute_wb|combinational_output|gt_8,NOT_RUN,PENDING,,/raid/spring2026/fwu44/research/fault2assertion/faults/cv32e40p/branchfault/BF0141_SA1/results/crc32/screen_seed20260729_mc2000000,/raid/spring2026/fwu44/research/fault2assertion/faults/cv32e40p/branchfault/BF0141_SA1/results/crc32/screen_seed20260729_mc2000000/xrun.log,False,True,True
283,BF0142_SA0,BF0142_SA1,0,BL00142,BS011669,cv32e40p_mult|\csa_tree_add_111_42_groupi/g8164|B1,execute_wb,\csa_tree_add_111_42_groupi/n_553,combinational_output,5,5_8,\csa_tree_add_111_42_groupi/g8164,OAI221_X1,B1,combinational_input,execute_wb|combinational_output|5_8,NOT_RUN,PENDING,,/raid/spring2026/fwu44/research/fault2assertion/faults/cv32e40p/branchfault/BF0142_SA0/results/crc32/screen_seed20260729_mc2000000,/raid/spring2026/fwu44/research/fault2assertion/faults/cv32e40p/branchfault/BF0142_SA0/results/crc32/screen_seed20260729_mc2000000/xrun.log,False,True,True
284,BF0142_SA1,BF0142_SA0,1,BL00142,BS011669,cv32e40p_mult|\csa_tree_add_111_42_groupi/g8164|B1,execute_wb,\csa_tree_add_111_42_groupi/n_553,combinational_output,5,5_8,\csa_tree_add_111_42_groupi/g8164,OAI221_X1,B1,combinational_input,execute_wb|combinational_output|5_8,NOT_RUN,PENDING,,/raid/spring2026/fwu44/research/fault2assertion/faults/cv32e40p/branchfault/BF0142_SA1/results/crc32/screen_seed20260729_mc2000000,/raid/spring2026/fwu44/research/fault2assertion/faults/cv32e40p/branchfault/BF0142_SA1/results/crc32/screen_seed20260729_mc2000000/xrun.log,False,True,True
285,BF0143_SA0,BF0143_SA1,0,BL00143,BS011703,cv32e40p_mult|\csa_tree_add_111_42_groupi/g8598|A,execute_wb,\csa_tree_add_111_42_groupi/n_63,combinational_output,2,2,\csa_tree_add_111_42_groupi/g8598,INV_X1,A,combinational_input,execute_wb|combinational_output|2,NOT_RUN,PENDING,,/raid/spring2026/fwu44/research/fault2assertion/faults/cv32e40p/branchfault/BF0143_SA0/results/crc32/screen_seed20260729_mc2000000,/raid/spring2026/fwu44/research/fault2assertion/faults/cv32e40p/branchfault/BF0143_SA0/results/crc32/screen_seed20260729_mc2000000/xrun.log,False,True,True
286,BF0143_SA1,BF0143_SA0,1,BL00143,BS011703,cv32e40p_mult|\csa_tree_add_111_42_groupi/g8598|A,execute_wb,\csa_tree_add_111_42_groupi/n_63,combinational_output,2,2,\csa_tree_add_111_42_groupi/g8598,INV_X1,A,combinational_input,execute_wb|combinational_output|2,NOT_RUN,PENDING,,/raid/spring2026/fwu44/research/fault2assertion/faults/cv32e40p/branchfault/BF0143_SA1/results/crc32/screen_seed20260729_mc2000000,/raid/spring2026/fwu44/research/fault2assertion/faults/cv32e40p/branchfault/BF0143_SA1/results/crc32/screen_seed20260729_mc2000000/xrun.log,False,True,True
287,BF0144_SA0,BF0144_SA1,0,BL00144,BS012158,cv32e40p_mult|\csa_tree_add_228_5_groupi/g12811|A1,execute_wb,\csa_tree_add_228_5_groupi/n_151,combinational_output,15,gt_8,\csa_tree_add_228_5_groupi/g12811,OAI22_X1,A1,combinational_input,execute_wb|combinational_output|gt_8,NOT_RUN,PENDING,,/raid/spring2026/fwu44/research/fault2assertion/faults/cv32e40p/branchfault/BF0144_SA0/results/crc32/screen_seed20260729_mc2000000,/raid/spring2026/fwu44/research/fault2assertion/faults/cv32e40p/branchfault/BF0144_SA0/results/crc32/screen_seed20260729_mc2000000/xrun.log,False,True,True
288,BF0144_SA1,BF0144_SA0,1,BL00144,BS012158,cv32e40p_mult|\csa_tree_add_228_5_groupi/g12811|A1,execute_wb,\csa_tree_add_228_5_groupi/n_151,combinational_output,15,gt_8,\csa_tree_add_228_5_groupi/g12811,OAI22_X1,A1,combinational_input,execute_wb|combinational_output|gt_8,NOT_RUN,PENDING,,/raid/spring2026/fwu44/research/fault2assertion/faults/cv32e40p/branchfault/BF0144_SA1/results/crc32/screen_seed20260729_mc2000000,/raid/spring2026/fwu44/research/fault2assertion/faults/cv32e40p/branchfault/BF0144_SA1/results/crc32/screen_seed20260729_mc2000000/xrun.log,False,True,True
289,BF0145_SA0,BF0145_SA1,0,BL00145,BS012181,cv32e40p_mult|\csa_tree_add_228_5_groupi/g12220|B1,execute_wb,\csa_tree_add_228_5_groupi/n_154,combinational_output,23,gt_8,\csa_tree_add_228_5_groupi/g12220,AOI221_X1,B1,combinational_input,execute_wb|combinational_output|gt_8,NOT_RUN,PENDING,,/raid/spring2026/fwu44/research/fault2assertion/faults/cv32e40p/branchfault/BF0145_SA0/results/crc32/screen_seed20260729_mc2000000,/raid/spring2026/fwu44/research/fault2assertion/faults/cv32e40p/branchfault/BF0145_SA0/results/crc32/screen_seed20260729_mc2000000/xrun.log,False,True,True
290,BF0145_SA1,BF0145_SA0,1,BL00145,BS012181,cv32e40p_mult|\csa_tree_add_228_5_groupi/g12220|B1,execute_wb,\csa_tree_add_228_5_groupi/n_154,combinational_output,23,gt_8,\csa_tree_add_228_5_groupi/g12220,AOI221_X1,B1,combinational_input,execute_wb|combinational_output|gt_8,NOT_RUN,PENDING,,/raid/spring2026/fwu44/research/fault2assertion/faults/cv32e40p/branchfault/BF0145_SA1/results/crc32/screen_seed20260729_mc2000000,/raid/spring2026/fwu44/research/fault2assertion/faults/cv32e40p/branchfault/BF0145_SA1/results/crc32/screen_seed20260729_mc2000000/xrun.log,False,True,True
291,BF0146_SA0,BF0146_SA1,0,BL00146,BS012299,cv32e40p_mult|\csa_tree_add_228_5_groupi/g12832|A1,execute_wb,\csa_tree_add_228_5_groupi/n_159,combinational_output,18,gt_8,\csa_tree_add_228_5_groupi/g12832,OAI22_X1,A1,combinational_input,execute_wb|combinational_output|gt_8,NOT_RUN,PENDING,,/raid/spring2026/fwu44/research/fault2assertion/faults/cv32e40p/branchfault/BF0146_SA0/results/crc32/screen_seed20260729_mc2000000,/raid/spring2026/fwu44/research/fault2assertion/faults/cv32e40p/branchfault/BF0146_SA0/results/crc32/screen_seed20260729_mc2000000/xrun.log,False,True,True
292,BF0146_SA1,BF0146_SA0,1,BL00146,BS012299,cv32e40p_mult|\csa_tree_add_228_5_groupi/g12832|A1,execute_wb,\csa_tree_add_228_5_groupi/n_159,combinational_output,18,gt_8,\csa_tree_add_228_5_groupi/g12832,OAI22_X1,A1,combinational_input,execute_wb|combinational_output|gt_8,NOT_RUN,PENDING,,/raid/spring2026/fwu44/research/fault2assertion/faults/cv32e40p/branchfault/BF0146_SA1/results/crc32/screen_seed20260729_mc2000000,/raid/spring2026/fwu44/research/fault2assertion/faults/cv32e40p/branchfault/BF0146_SA1/results/crc32/screen_seed20260729_mc2000000/xrun.log,False,True,True
293,BF0147_SA0,BF0147_SA1,0,BL00147,BS012326,cv32e40p_mult|\csa_tree_add_228_5_groupi/g12846|A1,execute_wb,\csa_tree_add_228_5_groupi/n_164,combinational_output,6,5_8,\csa_tree_add_228_5_groupi/g12846,AOI22_X1,A1,combinational_input,execute_wb|combinational_output|5_8,NOT_RUN,PENDING,,/raid/spring2026/fwu44/research/fault2assertion/faults/cv32e40p/branchfault/BF0147_SA0/results/crc32/screen_seed20260729_mc2000000,/raid/spring2026/fwu44/research/fault2assertion/faults/cv32e40p/branchfault/BF0147_SA0/results/crc32/screen_seed20260729_mc2000000/xrun.log,False,True,True
294,BF0147_SA1,BF0147_SA0,1,BL00147,BS012326,cv32e40p_mult|\csa_tree_add_228_5_groupi/g12846|A1,execute_wb,\csa_tree_add_228_5_groupi/n_164,combinational_output,6,5_8,\csa_tree_add_228_5_groupi/g12846,AOI22_X1,A1,combinational_input,execute_wb|combinational_output|5_8,NOT_RUN,PENDING,,/raid/spring2026/fwu44/research/fault2assertion/faults/cv32e40p/branchfault/BF0147_SA1/results/crc32/screen_seed20260729_mc2000000,/raid/spring2026/fwu44/research/fault2assertion/faults/cv32e40p/branchfault/BF0147_SA1/results/crc32/screen_seed20260729_mc2000000/xrun.log,False,True,True
295,BF0148_SA0,BF0148_SA1,0,BL00148,BS012407,cv32e40p_mult|\csa_tree_add_228_5_groupi/g12387|C2,execute_wb,\csa_tree_add_228_5_groupi/n_179,combinational_output,14,gt_8,\csa_tree_add_228_5_groupi/g12387,AOI221_X1,C2,combinational_input,execute_wb|combinational_output|gt_8,NOT_RUN,PENDING,,/raid/spring2026/fwu44/research/fault2assertion/faults/cv32e40p/branchfault/BF0148_SA0/results/crc32/screen_seed20260729_mc2000000,/raid/spring2026/fwu44/research/fault2assertion/faults/cv32e40p/branchfault/BF0148_SA0/results/crc32/screen_seed20260729_mc2000000/xrun.log,False,True,True
296,BF0148_SA1,BF0148_SA0,1,BL00148,BS012407,cv32e40p_mult|\csa_tree_add_228_5_groupi/g12387|C2,execute_wb,\csa_tree_add_228_5_groupi/n_179,combinational_output,14,gt_8,\csa_tree_add_228_5_groupi/g12387,AOI221_X1,C2,combinational_input,execute_wb|combinational_output|gt_8,NOT_RUN,PENDING,,/raid/spring2026/fwu44/research/fault2assertion/faults/cv32e40p/branchfault/BF0148_SA1/results/crc32/screen_seed20260729_mc2000000,/raid/spring2026/fwu44/research/fault2assertion/faults/cv32e40p/branchfault/BF0148_SA1/results/crc32/screen_seed20260729_mc2000000/xrun.log,False,True,True
297,BF0149_SA0,BF0149_SA1,0,BL00149,BS012482,cv32e40p_mult|\csa_tree_add_228_5_groupi/g12389|C2,execute_wb,\csa_tree_add_228_5_groupi/n_183,combinational_output,14,gt_8,\csa_tree_add_228_5_groupi/g12389,AOI221_X1,C2,combinational_input,execute_wb|combinational_output|gt_8,NOT_RUN,PENDING,,/raid/spring2026/fwu44/research/fault2assertion/faults/cv32e40p/branchfault/BF0149_SA0/results/crc32/screen_seed20260729_mc2000000,/raid/spring2026/fwu44/research/fault2assertion/faults/cv32e40p/branchfault/BF0149_SA0/results/crc32/screen_seed20260729_mc2000000/xrun.log,False,True,True
298,BF0149_SA1,BF0149_SA0,1,BL00149,BS012482,cv32e40p_mult|\csa_tree_add_228_5_groupi/g12389|C2,execute_wb,\csa_tree_add_228_5_groupi/n_183,combinational_output,14,gt_8,\csa_tree_add_228_5_groupi/g12389,AOI221_X1,C2,combinational_input,execute_wb|combinational_output|gt_8,NOT_RUN,PENDING,,/raid/spring2026/fwu44/research/fault2assertion/faults/cv32e40p/branchfault/BF0149_SA1/results/crc32/screen_seed20260729_mc2000000,/raid/spring2026/fwu44/research/fault2assertion/faults/cv32e40p/branchfault/BF0149_SA1/results/crc32/screen_seed20260729_mc2000000/xrun.log,False,True,True
299,BF0150_SA0,BF0150_SA1,0,BL00150,BS012596,cv32e40p_mult|\csa_tree_add_228_5_groupi/g12671|B1,execute_wb,\csa_tree_add_228_5_groupi/n_226,combinational_output,25,gt_8,\csa_tree_add_228_5_groupi/g12671,OAI22_X1,B1,combinational_input,execute_wb|combinational_output|gt_8,NOT_RUN,PENDING,,/raid/spring2026/fwu44/research/fault2assertion/faults/cv32e40p/branchfault/BF0150_SA0/results/crc32/screen_seed20260729_mc2000000,/raid/spring2026/fwu44/research/fault2assertion/faults/cv32e40p/branchfault/BF0150_SA0/results/crc32/screen_seed20260729_mc2000000/xrun.log,False,True,True
300,BF0150_SA1,BF0150_SA0,1,BL00150,BS012596,cv32e40p_mult|\csa_tree_add_228_5_groupi/g12671|B1,execute_wb,\csa_tree_add_228_5_groupi/n_226,combinational_output,25,gt_8,\csa_tree_add_228_5_groupi/g12671,OAI22_X1,B1,combinational_input,execute_wb|combinational_output|gt_8,NOT_RUN,PENDING,,/raid/spring2026/fwu44/research/fault2assertion/faults/cv32e40p/branchfault/BF0150_SA1/results/crc32/screen_seed20260729_mc2000000,/raid/spring2026/fwu44/research/fault2assertion/faults/cv32e40p/branchfault/BF0150_SA1/results/crc32/screen_seed20260729_mc2000000/xrun.log,False,True,True
301,BF0151_SA0,BF0151_SA1,0,BL00151,BS012949,cv32e40p_mult|\csa_tree_add_228_5_groupi/g12705|B1,execute_wb,\csa_tree_add_228_5_groupi/n_53,combinational_output,15,gt_8,\csa_tree_add_228_5_groupi/g12705,OAI22_X1,B1,combinational_input,execute_wb|combinational_output|gt_8,NOT_RUN,PENDING,,/raid/spring2026/fwu44/research/fault2assertion/faults/cv32e40p/branchfault/BF0151_SA0/results/crc32/screen_seed20260729_mc2000000,/raid/spring2026/fwu44/research/fault2assertion/faults/cv32e40p/branchfault/BF0151_SA0/results/crc32/screen_seed20260729_mc2000000/xrun.log,False,True,True
302,BF0151_SA1,BF0151_SA0,1,BL00151,BS012949,cv32e40p_mult|\csa_tree_add_228_5_groupi/g12705|B1,execute_wb,\csa_tree_add_228_5_groupi/n_53,combinational_output,15,gt_8,\csa_tree_add_228_5_groupi/g12705,OAI22_X1,B1,combinational_input,execute_wb|combinational_output|gt_8,NOT_RUN,PENDING,,/raid/spring2026/fwu44/research/fault2assertion/faults/cv32e40p/branchfault/BF0151_SA1/results/crc32/screen_seed20260729_mc2000000,/raid/spring2026/fwu44/research/fault2assertion/faults/cv32e40p/branchfault/BF0151_SA1/results/crc32/screen_seed20260729_mc2000000/xrun.log,False,True,True
303,BF0152_SA0,BF0152_SA1,0,BL00152,BS013162,cv32e40p_mult|\csa_tree_add_228_5_groupi/g12389|C1,execute_wb,\csa_tree_add_228_5_groupi/n_712,combinational_output,7,5_8,\csa_tree_add_228_5_groupi/g12389,AOI221_X1,C1,combinational_input,execute_wb|combinational_output|5_8,NOT_RUN,PENDING,,/raid/spring2026/fwu44/research/fault2assertion/faults/cv32e40p/branchfault/BF0152_SA0/results/crc32/screen_seed20260729_mc2000000,/raid/spring2026/fwu44/research/fault2assertion/faults/cv32e40p/branchfault/BF0152_SA0/results/crc32/screen_seed20260729_mc2000000/xrun.log,False,True,True
304,BF0152_SA1,BF0152_SA0,1,BL00152,BS013162,cv32e40p_mult|\csa_tree_add_228_5_groupi/g12389|C1,execute_wb,\csa_tree_add_228_5_groupi/n_712,combinational_output,7,5_8,\csa_tree_add_228_5_groupi/g12389,AOI221_X1,C1,combinational_input,execute_wb|combinational_output|5_8,NOT_RUN,PENDING,,/raid/spring2026/fwu44/research/fault2assertion/faults/cv32e40p/branchfault/BF0152_SA1/results/crc32/screen_seed20260729_mc2000000,/raid/spring2026/fwu44/research/fault2assertion/faults/cv32e40p/branchfault/BF0152_SA1/results/crc32/screen_seed20260729_mc2000000/xrun.log,False,True,True
305,BF0153_SA0,BF0153_SA1,0,BL00153,BS013376,cv32e40p_mult|\csa_tree_add_111_42_groupi/g8394|B,execute_wb,n_1332,combinational_output,24,gt_8,\csa_tree_add_111_42_groupi/g8394,XNOR2_X1,B,combinational_input,execute_wb|combinational_output|gt_8,NOT_RUN,PENDING,,/raid/spring2026/fwu44/research/fault2assertion/faults/cv32e40p/branchfault/BF0153_SA0/results/crc32/screen_seed20260729_mc2000000,/raid/spring2026/fwu44/research/fault2assertion/faults/cv32e40p/branchfault/BF0153_SA0/results/crc32/screen_seed20260729_mc2000000/xrun.log,False,True,True
306,BF0153_SA1,BF0153_SA0,1,BL00153,BS013376,cv32e40p_mult|\csa_tree_add_111_42_groupi/g8394|B,execute_wb,n_1332,combinational_output,24,gt_8,\csa_tree_add_111_42_groupi/g8394,XNOR2_X1,B,combinational_input,execute_wb|combinational_output|gt_8,NOT_RUN,PENDING,,/raid/spring2026/fwu44/research/fault2assertion/faults/cv32e40p/branchfault/BF0153_SA1/results/crc32/screen_seed20260729_mc2000000,/raid/spring2026/fwu44/research/fault2assertion/faults/cv32e40p/branchfault/BF0153_SA1/results/crc32/screen_seed20260729_mc2000000/xrun.log,False,True,True
307,BF0154_SA0,BF0154_SA1,0,BL00154,BS013514,cv32e40p_mult|\csa_tree_add_228_5_groupi/g12624|B,execute_wb,n_1342,combinational_output,35,gt_8,\csa_tree_add_228_5_groupi/g12624,XOR2_X1,B,combinational_input,execute_wb|combinational_output|gt_8,NOT_RUN,PENDING,,/raid/spring2026/fwu44/research/fault2assertion/faults/cv32e40p/branchfault/BF0154_SA0/results/crc32/screen_seed20260729_mc2000000,/raid/spring2026/fwu44/research/fault2assertion/faults/cv32e40p/branchfault/BF0154_SA0/results/crc32/screen_seed20260729_mc2000000/xrun.log,False,True,True
308,BF0154_SA1,BF0154_SA0,1,BL00154,BS013514,cv32e40p_mult|\csa_tree_add_228_5_groupi/g12624|B,execute_wb,n_1342,combinational_output,35,gt_8,\csa_tree_add_228_5_groupi/g12624,XOR2_X1,B,combinational_input,execute_wb|combinational_output|gt_8,NOT_RUN,PENDING,,/raid/spring2026/fwu44/research/fault2assertion/faults/cv32e40p/branchfault/BF0154_SA1/results/crc32/screen_seed20260729_mc2000000,/raid/spring2026/fwu44/research/fault2assertion/faults/cv32e40p/branchfault/BF0154_SA1/results/crc32/screen_seed20260729_mc2000000/xrun.log,False,True,True
309,BF0155_SA0,BF0155_SA1,0,BL00155,BS013562,cv32e40p_mult|\csa_tree_add_228_5_groupi/g12298|C2,execute_wb,n_1346,combinational_output,28,gt_8,\csa_tree_add_228_5_groupi/g12298,AOI221_X1,C2,combinational_input,execute_wb|combinational_output|gt_8,NOT_RUN,PENDING,,/raid/spring2026/fwu44/research/fault2assertion/faults/cv32e40p/branchfault/BF0155_SA0/results/crc32/screen_seed20260729_mc2000000,/raid/spring2026/fwu44/research/fault2assertion/faults/cv32e40p/branchfault/BF0155_SA0/results/crc32/screen_seed20260729_mc2000000/xrun.log,False,True,True
310,BF0155_SA1,BF0155_SA0,1,BL00155,BS013562,cv32e40p_mult|\csa_tree_add_228_5_groupi/g12298|C2,execute_wb,n_1346,combinational_output,28,gt_8,\csa_tree_add_228_5_groupi/g12298,AOI221_X1,C2,combinational_input,execute_wb|combinational_output|gt_8,NOT_RUN,PENDING,,/raid/spring2026/fwu44/research/fault2assertion/faults/cv32e40p/branchfault/BF0155_SA1/results/crc32/screen_seed20260729_mc2000000,/raid/spring2026/fwu44/research/fault2assertion/faults/cv32e40p/branchfault/BF0155_SA1/results/crc32/screen_seed20260729_mc2000000/xrun.log,False,True,True
311,BF0156_SA0,BF0156_SA1,0,BL00156,BS013838,cv32e40p_mult|\csa_tree_add_111_42_groupi/g8510|A2,execute_wb,n_155,combinational_output,16,gt_8,\csa_tree_add_111_42_groupi/g8510,AOI22_X1,A2,combinational_input,execute_wb|combinational_output|gt_8,NOT_RUN,PENDING,,/raid/spring2026/fwu44/research/fault2assertion/faults/cv32e40p/branchfault/BF0156_SA0/results/crc32/screen_seed20260729_mc2000000,/raid/spring2026/fwu44/research/fault2assertion/faults/cv32e40p/branchfault/BF0156_SA0/results/crc32/screen_seed20260729_mc2000000/xrun.log,False,True,True
312,BF0156_SA1,BF0156_SA0,1,BL00156,BS013838,cv32e40p_mult|\csa_tree_add_111_42_groupi/g8510|A2,execute_wb,n_155,combinational_output,16,gt_8,\csa_tree_add_111_42_groupi/g8510,AOI22_X1,A2,combinational_input,execute_wb|combinational_output|gt_8,NOT_RUN,PENDING,,/raid/spring2026/fwu44/research/fault2assertion/faults/cv32e40p/branchfault/BF0156_SA1/results/crc32/screen_seed20260729_mc2000000,/raid/spring2026/fwu44/research/fault2assertion/faults/cv32e40p/branchfault/BF0156_SA1/results/crc32/screen_seed20260729_mc2000000/xrun.log,False,True,True
313,BF0157_SA0,BF0157_SA1,0,BL00157,BS014211,cv32e40p_mult|\csa_tree_add_228_5_groupi/g12657|C2,execute_wb,op_a_i[0],hierarchy_boundary,29,gt_8,\csa_tree_add_228_5_groupi/g12657,AOI222_X1,C2,combinational_input,execute_wb|hierarchy_boundary|gt_8,NOT_RUN,PENDING,,/raid/spring2026/fwu44/research/fault2assertion/faults/cv32e40p/branchfault/BF0157_SA0/results/crc32/screen_seed20260729_mc2000000,/raid/spring2026/fwu44/research/fault2assertion/faults/cv32e40p/branchfault/BF0157_SA0/results/crc32/screen_seed20260729_mc2000000/xrun.log,False,True,True
314,BF0157_SA1,BF0157_SA0,1,BL00157,BS014211,cv32e40p_mult|\csa_tree_add_228_5_groupi/g12657|C2,execute_wb,op_a_i[0],hierarchy_boundary,29,gt_8,\csa_tree_add_228_5_groupi/g12657,AOI222_X1,C2,combinational_input,execute_wb|hierarchy_boundary|gt_8,NOT_RUN,PENDING,,/raid/spring2026/fwu44/research/fault2assertion/faults/cv32e40p/branchfault/BF0157_SA1/results/crc32/screen_seed20260729_mc2000000,/raid/spring2026/fwu44/research/fault2assertion/faults/cv32e40p/branchfault/BF0157_SA1/results/crc32/screen_seed20260729_mc2000000/xrun.log,False,True,True
315,BF0158_SA0,BF0158_SA1,0,BL00158,BS014268,cv32e40p_mult|g1888|B,execute_wb,op_a_i[12],hierarchy_boundary,11,gt_8,g1888,MUX2_X1,B,combinational_input,execute_wb|hierarchy_boundary|gt_8,NOT_RUN,PENDING,,/raid/spring2026/fwu44/research/fault2assertion/faults/cv32e40p/branchfault/BF0158_SA0/results/crc32/screen_seed20260729_mc2000000,/raid/spring2026/fwu44/research/fault2assertion/faults/cv32e40p/branchfault/BF0158_SA0/results/crc32/screen_seed20260729_mc2000000/xrun.log,False,True,True
316,BF0158_SA1,BF0158_SA0,1,BL00158,BS014268,cv32e40p_mult|g1888|B,execute_wb,op_a_i[12],hierarchy_boundary,11,gt_8,g1888,MUX2_X1,B,combinational_input,execute_wb|hierarchy_boundary|gt_8,NOT_RUN,PENDING,,/raid/spring2026/fwu44/research/fault2assertion/faults/cv32e40p/branchfault/BF0158_SA1/results/crc32/screen_seed20260729_mc2000000,/raid/spring2026/fwu44/research/fault2assertion/faults/cv32e40p/branchfault/BF0158_SA1/results/crc32/screen_seed20260729_mc2000000/xrun.log,False,True,True
317,BF0159_SA0,BF0159_SA1,0,BL00159,BS014272,cv32e40p_mult|\csa_tree_add_228_5_groupi/g12339|B2,execute_wb,op_a_i[13],hierarchy_boundary,11,gt_8,\csa_tree_add_228_5_groupi/g12339,AOI221_X1,B2,combinational_input,execute_wb|hierarchy_boundary|gt_8,NOT_RUN,PENDING,,/raid/spring2026/fwu44/research/fault2assertion/faults/cv32e40p/branchfault/BF0159_SA0/results/crc32/screen_seed20260729_mc2000000,/raid/spring2026/fwu44/research/fault2assertion/faults/cv32e40p/branchfault/BF0159_SA0/results/crc32/screen_seed20260729_mc2000000/xrun.log,False,True,True
318,BF0159_SA1,BF0159_SA0,1,BL00159,BS014272,cv32e40p_mult|\csa_tree_add_228_5_groupi/g12339|B2,execute_wb,op_a_i[13],hierarchy_boundary,11,gt_8,\csa_tree_add_228_5_groupi/g12339,AOI221_X1,B2,combinational_input,execute_wb|hierarchy_boundary|gt_8,NOT_RUN,PENDING,,/raid/spring2026/fwu44/research/fault2assertion/faults/cv32e40p/branchfault/BF0159_SA1/results/crc32/screen_seed20260729_mc2000000,/raid/spring2026/fwu44/research/fault2assertion/faults/cv32e40p/branchfault/BF0159_SA1/results/crc32/screen_seed20260729_mc2000000/xrun.log,False,True,True
319,BF0160_SA0,BF0160_SA1,0,BL00160,BS014316,cv32e40p_mult|\csa_tree_add_228_5_groupi/g12270|B,execute_wb,op_a_i[17],hierarchy_boundary,9,gt_8,\csa_tree_add_228_5_groupi/g12270,FA_X1,B,arithmetic_input,execute_wb|hierarchy_boundary|gt_8,NOT_RUN,PENDING,,/raid/spring2026/fwu44/research/fault2assertion/faults/cv32e40p/branchfault/BF0160_SA0/results/crc32/screen_seed20260729_mc2000000,/raid/spring2026/fwu44/research/fault2assertion/faults/cv32e40p/branchfault/BF0160_SA0/results/crc32/screen_seed20260729_mc2000000/xrun.log,False,True,True
320,BF0160_SA1,BF0160_SA0,1,BL00160,BS014316,cv32e40p_mult|\csa_tree_add_228_5_groupi/g12270|B,execute_wb,op_a_i[17],hierarchy_boundary,9,gt_8,\csa_tree_add_228_5_groupi/g12270,FA_X1,B,arithmetic_input,execute_wb|hierarchy_boundary|gt_8,NOT_RUN,PENDING,,/raid/spring2026/fwu44/research/fault2assertion/faults/cv32e40p/branchfault/BF0160_SA1/results/crc32/screen_seed20260729_mc2000000,/raid/spring2026/fwu44/research/fault2assertion/faults/cv32e40p/branchfault/BF0160_SA1/results/crc32/screen_seed20260729_mc2000000/xrun.log,False,True,True
321,BF0161_SA0,BF0161_SA1,0,BL00161,BS014367,cv32e40p_mult|\csa_tree_add_228_5_groupi/g12217|B,execute_wb,op_a_i[20],hierarchy_boundary,8,5_8,\csa_tree_add_228_5_groupi/g12217,FA_X1,B,arithmetic_input,execute_wb|hierarchy_boundary|5_8,NOT_RUN,PENDING,,/raid/spring2026/fwu44/research/fault2assertion/faults/cv32e40p/branchfault/BF0161_SA0/results/crc32/screen_seed20260729_mc2000000,/raid/spring2026/fwu44/research/fault2assertion/faults/cv32e40p/branchfault/BF0161_SA0/results/crc32/screen_seed20260729_mc2000000/xrun.log,False,True,True
322,BF0161_SA1,BF0161_SA0,1,BL00161,BS014367,cv32e40p_mult|\csa_tree_add_228_5_groupi/g12217|B,execute_wb,op_a_i[20],hierarchy_boundary,8,5_8,\csa_tree_add_228_5_groupi/g12217,FA_X1,B,arithmetic_input,execute_wb|hierarchy_boundary|5_8,NOT_RUN,PENDING,,/raid/spring2026/fwu44/research/fault2assertion/faults/cv32e40p/branchfault/BF0161_SA1/results/crc32/screen_seed20260729_mc2000000,/raid/spring2026/fwu44/research/fault2assertion/faults/cv32e40p/branchfault/BF0161_SA1/results/crc32/screen_seed20260729_mc2000000/xrun.log,False,True,True
323,BF0162_SA0,BF0162_SA1,0,BL00162,BS014421,cv32e40p_mult|\csa_tree_add_228_5_groupi/g12099|B2,execute_wb,op_a_i[28],hierarchy_boundary,6,5_8,\csa_tree_add_228_5_groupi/g12099,AOI221_X1,B2,combinational_input,execute_wb|hierarchy_boundary|5_8,NOT_RUN,PENDING,,/raid/spring2026/fwu44/research/fault2assertion/faults/cv32e40p/branchfault/BF0162_SA0/results/crc32/screen_seed20260729_mc2000000,/raid/spring2026/fwu44/research/fault2assertion/faults/cv32e40p/branchfault/BF0162_SA0/results/crc32/screen_seed20260729_mc2000000/xrun.log,False,True,True
324,BF0162_SA1,BF0162_SA0,1,BL00162,BS014421,cv32e40p_mult|\csa_tree_add_228_5_groupi/g12099|B2,execute_wb,op_a_i[28],hierarchy_boundary,6,5_8,\csa_tree_add_228_5_groupi/g12099,AOI221_X1,B2,combinational_input,execute_wb|hierarchy_boundary|5_8,NOT_RUN,PENDING,,/raid/spring2026/fwu44/research/fault2assertion/faults/cv32e40p/branchfault/BF0162_SA1/results/crc32/screen_seed20260729_mc2000000,/raid/spring2026/fwu44/research/fault2assertion/faults/cv32e40p/branchfault/BF0162_SA1/results/crc32/screen_seed20260729_mc2000000/xrun.log,False,True,True
325,BF0163_SA0,BF0163_SA1,0,BL00163,BS014455,cv32e40p_mult|\csa_tree_add_228_5_groupi/g12939|B,execute_wb,op_a_i[31],hierarchy_boundary,3,3_4,\csa_tree_add_228_5_groupi/g12939,XOR2_X1,B,combinational_input,execute_wb|hierarchy_boundary|3_4,NOT_RUN,PENDING,,/raid/spring2026/fwu44/research/fault2assertion/faults/cv32e40p/branchfault/BF0163_SA0/results/crc32/screen_seed20260729_mc2000000,/raid/spring2026/fwu44/research/fault2assertion/faults/cv32e40p/branchfault/BF0163_SA0/results/crc32/screen_seed20260729_mc2000000/xrun.log,False,True,True
326,BF0163_SA1,BF0163_SA0,1,BL00163,BS014455,cv32e40p_mult|\csa_tree_add_228_5_groupi/g12939|B,execute_wb,op_a_i[31],hierarchy_boundary,3,3_4,\csa_tree_add_228_5_groupi/g12939,XOR2_X1,B,combinational_input,execute_wb|hierarchy_boundary|3_4,NOT_RUN,PENDING,,/raid/spring2026/fwu44/research/fault2assertion/faults/cv32e40p/branchfault/BF0163_SA1/results/crc32/screen_seed20260729_mc2000000,/raid/spring2026/fwu44/research/fault2assertion/faults/cv32e40p/branchfault/BF0163_SA1/results/crc32/screen_seed20260729_mc2000000/xrun.log,False,True,True
327,BF0164_SA0,BF0164_SA1,0,BL00164,BS014714,cv32e40p_mult|\csa_tree_add_228_5_groupi/g12925|A2,execute_wb,op_b_i[23],hierarchy_boundary,18,gt_8,\csa_tree_add_228_5_groupi/g12925,NAND4_X1,A2,combinational_input,execute_wb|hierarchy_boundary|gt_8,NOT_RUN,PENDING,,/raid/spring2026/fwu44/research/fault2assertion/faults/cv32e40p/branchfault/BF0164_SA0/results/crc32/screen_seed20260729_mc2000000,/raid/spring2026/fwu44/research/fault2assertion/faults/cv32e40p/branchfault/BF0164_SA0/results/crc32/screen_seed20260729_mc2000000/xrun.log,False,True,True
328,BF0164_SA1,BF0164_SA0,1,BL00164,BS014714,cv32e40p_mult|\csa_tree_add_228_5_groupi/g12925|A2,execute_wb,op_b_i[23],hierarchy_boundary,18,gt_8,\csa_tree_add_228_5_groupi/g12925,NAND4_X1,A2,combinational_input,execute_wb|hierarchy_boundary|gt_8,NOT_RUN,PENDING,,/raid/spring2026/fwu44/research/fault2assertion/faults/cv32e40p/branchfault/BF0164_SA1/results/crc32/screen_seed20260729_mc2000000,/raid/spring2026/fwu44/research/fault2assertion/faults/cv32e40p/branchfault/BF0164_SA1/results/crc32/screen_seed20260729_mc2000000/xrun.log,False,True,True
329,BF0165_SA0,BF0165_SA1,0,BL00165,BS014748,cv32e40p_mult|\csa_tree_add_228_5_groupi/g13017|A,execute_wb,op_b_i[27],hierarchy_boundary,5,5_8,\csa_tree_add_228_5_groupi/g13017,INV_X1,A,combinational_input,execute_wb|hierarchy_boundary|5_8,NOT_RUN,PENDING,,/raid/spring2026/fwu44/research/fault2assertion/faults/cv32e40p/branchfault/BF0165_SA0/results/crc32/screen_seed20260729_mc2000000,/raid/spring2026/fwu44/research/fault2assertion/faults/cv32e40p/branchfault/BF0165_SA0/results/crc32/screen_seed20260729_mc2000000/xrun.log,False,True,True
330,BF0165_SA1,BF0165_SA0,1,BL00165,BS014748,cv32e40p_mult|\csa_tree_add_228_5_groupi/g13017|A,execute_wb,op_b_i[27],hierarchy_boundary,5,5_8,\csa_tree_add_228_5_groupi/g13017,INV_X1,A,combinational_input,execute_wb|hierarchy_boundary|5_8,NOT_RUN,PENDING,,/raid/spring2026/fwu44/research/fault2assertion/faults/cv32e40p/branchfault/BF0165_SA1/results/crc32/screen_seed20260729_mc2000000,/raid/spring2026/fwu44/research/fault2assertion/faults/cv32e40p/branchfault/BF0165_SA1/results/crc32/screen_seed20260729_mc2000000/xrun.log,False,True,True
331,BF0166_SA0,BF0166_SA1,0,BL00166,BS014811,cv32e40p_mult|\csa_tree_add_228_5_groupi/g12513|B,execute_wb,op_b_i[5],hierarchy_boundary,35,gt_8,\csa_tree_add_228_5_groupi/g12513,XNOR2_X1,B,combinational_input,execute_wb|hierarchy_boundary|gt_8,NOT_RUN,PENDING,,/raid/spring2026/fwu44/research/fault2assertion/faults/cv32e40p/branchfault/BF0166_SA0/results/crc32/screen_seed20260729_mc2000000,/raid/spring2026/fwu44/research/fault2assertion/faults/cv32e40p/branchfault/BF0166_SA0/results/crc32/screen_seed20260729_mc2000000/xrun.log,False,True,True
332,BF0166_SA1,BF0166_SA0,1,BL00166,BS014811,cv32e40p_mult|\csa_tree_add_228_5_groupi/g12513|B,execute_wb,op_b_i[5],hierarchy_boundary,35,gt_8,\csa_tree_add_228_5_groupi/g12513,XNOR2_X1,B,combinational_input,execute_wb|hierarchy_boundary|gt_8,NOT_RUN,PENDING,,/raid/spring2026/fwu44/research/fault2assertion/faults/cv32e40p/branchfault/BF0166_SA1/results/crc32/screen_seed20260729_mc2000000,/raid/spring2026/fwu44/research/fault2assertion/faults/cv32e40p/branchfault/BF0166_SA1/results/crc32/screen_seed20260729_mc2000000/xrun.log,False,True,True
333,BF0167_SA0,BF0167_SA1,0,BL00167,BS014919,cv32e40p_mult|\csa_tree_add_228_5_groupi/g12580|A,execute_wb,op_c_i[27],hierarchy_boundary,2,2,\csa_tree_add_228_5_groupi/g12580,FA_X1,A,arithmetic_input,execute_wb|hierarchy_boundary|2,NOT_RUN,PENDING,,/raid/spring2026/fwu44/research/fault2assertion/faults/cv32e40p/branchfault/BF0167_SA0/results/crc32/screen_seed20260729_mc2000000,/raid/spring2026/fwu44/research/fault2assertion/faults/cv32e40p/branchfault/BF0167_SA0/results/crc32/screen_seed20260729_mc2000000/xrun.log,False,True,True
334,BF0167_SA1,BF0167_SA0,1,BL00167,BS014919,cv32e40p_mult|\csa_tree_add_228_5_groupi/g12580|A,execute_wb,op_c_i[27],hierarchy_boundary,2,2,\csa_tree_add_228_5_groupi/g12580,FA_X1,A,arithmetic_input,execute_wb|hierarchy_boundary|2,NOT_RUN,PENDING,,/raid/spring2026/fwu44/research/fault2assertion/faults/cv32e40p/branchfault/BF0167_SA1/results/crc32/screen_seed20260729_mc2000000,/raid/spring2026/fwu44/research/fault2assertion/faults/cv32e40p/branchfault/BF0167_SA1/results/crc32/screen_seed20260729_mc2000000/xrun.log,False,True,True
335,BF0168_SA0,BF0168_SA1,0,BL00168,BS014991,cv32e40p_mult|\csa_tree_add_111_42_groupi/g8351|B,execute_wb,short_op_b[16],combinational_output,20,gt_8,\csa_tree_add_111_42_groupi/g8351,XNOR2_X1,B,combinational_input,execute_wb|combinational_output|gt_8,NOT_RUN,PENDING,,/raid/spring2026/fwu44/research/fault2assertion/faults/cv32e40p/branchfault/BF0168_SA0/results/crc32/screen_seed20260729_mc2000000,/raid/spring2026/fwu44/research/fault2assertion/faults/cv32e40p/branchfault/BF0168_SA0/results/crc32/screen_seed20260729_mc2000000/xrun.log,False,True,True
336,BF0168_SA1,BF0168_SA0,1,BL00168,BS014991,cv32e40p_mult|\csa_tree_add_111_42_groupi/g8351|B,execute_wb,short_op_b[16],combinational_output,20,gt_8,\csa_tree_add_111_42_groupi/g8351,XNOR2_X1,B,combinational_input,execute_wb|combinational_output|gt_8,NOT_RUN,PENDING,,/raid/spring2026/fwu44/research/fault2assertion/faults/cv32e40p/branchfault/BF0168_SA1/results/crc32/screen_seed20260729_mc2000000,/raid/spring2026/fwu44/research/fault2assertion/faults/cv32e40p/branchfault/BF0168_SA1/results/crc32/screen_seed20260729_mc2000000/xrun.log,False,True,True
337,BF0169_SA0,BF0169_SA1,0,BL00169,BS015006,cv32e40p_mult|\csa_tree_add_111_42_groupi/g8373|B,execute_wb,short_op_b[16],combinational_output,20,gt_8,\csa_tree_add_111_42_groupi/g8373,XNOR2_X1,B,combinational_input,execute_wb|combinational_output|gt_8,NOT_RUN,PENDING,,/raid/spring2026/fwu44/research/fault2assertion/faults/cv32e40p/branchfault/BF0169_SA0/results/crc32/screen_seed20260729_mc2000000,/raid/spring2026/fwu44/research/fault2assertion/faults/cv32e40p/branchfault/BF0169_SA0/results/crc32/screen_seed20260729_mc2000000/xrun.log,False,True,True
338,BF0169_SA1,BF0169_SA0,1,BL00169,BS015006,cv32e40p_mult|\csa_tree_add_111_42_groupi/g8373|B,execute_wb,short_op_b[16],combinational_output,20,gt_8,\csa_tree_add_111_42_groupi/g8373,XNOR2_X1,B,combinational_input,execute_wb|combinational_output|gt_8,NOT_RUN,PENDING,,/raid/spring2026/fwu44/research/fault2assertion/faults/cv32e40p/branchfault/BF0169_SA1/results/crc32/screen_seed20260729_mc2000000,/raid/spring2026/fwu44/research/fault2assertion/faults/cv32e40p/branchfault/BF0169_SA1/results/crc32/screen_seed20260729_mc2000000/xrun.log,False,True,True
339,BF0170_SA0,BF0170_SA1,0,BL00170,BS015026,cv32e40p_prefetch_controller_PULP_OBI0_COREV_PULP0_DEPTH2|g1565|A2,execute_wb,branch_i,hierarchy_boundary,37,gt_8,g1565,OR2_X1,A2,combinational_input,execute_wb|hierarchy_boundary|gt_8,NOT_RUN,PENDING,,/raid/spring2026/fwu44/research/fault2assertion/faults/cv32e40p/branchfault/BF0170_SA0/results/crc32/screen_seed20260729_mc2000000,/raid/spring2026/fwu44/research/fault2assertion/faults/cv32e40p/branchfault/BF0170_SA0/results/crc32/screen_seed20260729_mc2000000/xrun.log,False,True,True
340,BF0170_SA1,BF0170_SA0,1,BL00170,BS015026,cv32e40p_prefetch_controller_PULP_OBI0_COREV_PULP0_DEPTH2|g1565|A2,execute_wb,branch_i,hierarchy_boundary,37,gt_8,g1565,OR2_X1,A2,combinational_input,execute_wb|hierarchy_boundary|gt_8,NOT_RUN,PENDING,,/raid/spring2026/fwu44/research/fault2assertion/faults/cv32e40p/branchfault/BF0170_SA1/results/crc32/screen_seed20260729_mc2000000,/raid/spring2026/fwu44/research/fault2assertion/faults/cv32e40p/branchfault/BF0170_SA1/results/crc32/screen_seed20260729_mc2000000/xrun.log,False,True,True
341,BF0171_SA0,BF0171_SA1,0,BL00171,BS015133,cv32e40p_alu|g28110|A,id_control_regfile,operand_a_i[16],hierarchy_boundary,9,gt_8,g28110,INV_X1,A,combinational_input,id_control_regfile|hierarchy_boundary|gt_8,NOT_RUN,PENDING,,/raid/spring2026/fwu44/research/fault2assertion/faults/cv32e40p/branchfault/BF0171_SA0/results/crc32/screen_seed20260729_mc2000000,/raid/spring2026/fwu44/research/fault2assertion/faults/cv32e40p/branchfault/BF0171_SA0/results/crc32/screen_seed20260729_mc2000000/xrun.log,False,True,True
342,BF0171_SA1,BF0171_SA0,1,BL00171,BS015133,cv32e40p_alu|g28110|A,id_control_regfile,operand_a_i[16],hierarchy_boundary,9,gt_8,g28110,INV_X1,A,combinational_input,id_control_regfile|hierarchy_boundary|gt_8,NOT_RUN,PENDING,,/raid/spring2026/fwu44/research/fault2assertion/faults/cv32e40p/branchfault/BF0171_SA1/results/crc32/screen_seed20260729_mc2000000,/raid/spring2026/fwu44/research/fault2assertion/faults/cv32e40p/branchfault/BF0171_SA1/results/crc32/screen_seed20260729_mc2000000/xrun.log,False,True,True
343,BF0172_SA0,BF0172_SA1,0,BL00172,BS015177,cv32e40p_alu|g16413|B2,id_control_regfile,operand_a_i[20],hierarchy_boundary,10,gt_8,g16413,OAI221_X1,B2,combinational_input,id_control_regfile|hierarchy_boundary|gt_8,NOT_RUN,PENDING,,/raid/spring2026/fwu44/research/fault2assertion/faults/cv32e40p/branchfault/BF0172_SA0/results/crc32/screen_seed20260729_mc2000000,/raid/spring2026/fwu44/research/fault2assertion/faults/cv32e40p/branchfault/BF0172_SA0/results/crc32/screen_seed20260729_mc2000000/xrun.log,False,True,True
344,BF0172_SA1,BF0172_SA0,1,BL00172,BS015177,cv32e40p_alu|g16413|B2,id_control_regfile,operand_a_i[20],hierarchy_boundary,10,gt_8,g16413,OAI221_X1,B2,combinational_input,id_control_regfile|hierarchy_boundary|gt_8,NOT_RUN,PENDING,,/raid/spring2026/fwu44/research/fault2assertion/faults/cv32e40p/branchfault/BF0172_SA1/results/crc32/screen_seed20260729_mc2000000,/raid/spring2026/fwu44/research/fault2assertion/faults/cv32e40p/branchfault/BF0172_SA1/results/crc32/screen_seed20260729_mc2000000/xrun.log,False,True,True
345,BF0173_SA0,BF0173_SA1,0,BL00173,BS015263,cv32e40p_alu|g27934|A2,id_control_regfile,operand_a_i[29],hierarchy_boundary,8,5_8,g27934,AND2_X1,A2,combinational_input,id_control_regfile|hierarchy_boundary|5_8,NOT_RUN,PENDING,,/raid/spring2026/fwu44/research/fault2assertion/faults/cv32e40p/branchfault/BF0173_SA0/results/crc32/screen_seed20260729_mc2000000,/raid/spring2026/fwu44/research/fault2assertion/faults/cv32e40p/branchfault/BF0173_SA0/results/crc32/screen_seed20260729_mc2000000/xrun.log,False,True,True
346,BF0173_SA1,BF0173_SA0,1,BL00173,BS015263,cv32e40p_alu|g27934|A2,id_control_regfile,operand_a_i[29],hierarchy_boundary,8,5_8,g27934,AND2_X1,A2,combinational_input,id_control_regfile|hierarchy_boundary|5_8,NOT_RUN,PENDING,,/raid/spring2026/fwu44/research/fault2assertion/faults/cv32e40p/branchfault/BF0173_SA1/results/crc32/screen_seed20260729_mc2000000,/raid/spring2026/fwu44/research/fault2assertion/faults/cv32e40p/branchfault/BF0173_SA1/results/crc32/screen_seed20260729_mc2000000/xrun.log,False,True,True
347,BF0174_SA0,BF0174_SA1,0,BL00174,BS015383,cv32e40p_alu|g27617|B2,id_control_regfile,operand_b_i[11],hierarchy_boundary,6,5_8,g27617,AOI221_X1,B2,combinational_input,id_control_regfile|hierarchy_boundary|5_8,NOT_RUN,PENDING,,/raid/spring2026/fwu44/research/fault2assertion/faults/cv32e40p/branchfault/BF0174_SA0/results/crc32/screen_seed20260729_mc2000000,/raid/spring2026/fwu44/research/fault2assertion/faults/cv32e40p/branchfault/BF0174_SA0/results/crc32/screen_seed20260729_mc2000000/xrun.log,False,True,True
348,BF0174_SA1,BF0174_SA0,1,BL00174,BS015383,cv32e40p_alu|g27617|B2,id_control_regfile,operand_b_i[11],hierarchy_boundary,6,5_8,g27617,AOI221_X1,B2,combinational_input,id_control_regfile|hierarchy_boundary|5_8,NOT_RUN,PENDING,,/raid/spring2026/fwu44/research/fault2assertion/faults/cv32e40p/branchfault/BF0174_SA1/results/crc32/screen_seed20260729_mc2000000,/raid/spring2026/fwu44/research/fault2assertion/faults/cv32e40p/branchfault/BF0174_SA1/results/crc32/screen_seed20260729_mc2000000/xrun.log,False,True,True
349,BF0175_SA0,BF0175_SA1,0,BL00175,BS015452,cv32e40p_alu|g28084|A2,id_control_regfile,operand_b_i[21],hierarchy_boundary,5,5_8,g28084,NOR2_X1,A2,combinational_input,id_control_regfile|hierarchy_boundary|5_8,NOT_RUN,PENDING,,/raid/spring2026/fwu44/research/fault2assertion/faults/cv32e40p/branchfault/BF0175_SA0/results/crc32/screen_seed20260729_mc2000000,/raid/spring2026/fwu44/research/fault2assertion/faults/cv32e40p/branchfault/BF0175_SA0/results/crc32/screen_seed20260729_mc2000000/xrun.log,False,True,True
350,BF0175_SA1,BF0175_SA0,1,BL00175,BS015452,cv32e40p_alu|g28084|A2,id_control_regfile,operand_b_i[21],hierarchy_boundary,5,5_8,g28084,NOR2_X1,A2,combinational_input,id_control_regfile|hierarchy_boundary|5_8,NOT_RUN,PENDING,,/raid/spring2026/fwu44/research/fault2assertion/faults/cv32e40p/branchfault/BF0175_SA1/results/crc32/screen_seed20260729_mc2000000,/raid/spring2026/fwu44/research/fault2assertion/faults/cv32e40p/branchfault/BF0175_SA1/results/crc32/screen_seed20260729_mc2000000/xrun.log,False,True,True
351,BF0176_SA0,BF0176_SA1,0,BL00176,BS015490,cv32e40p_alu|g28106|A,id_control_regfile,operand_b_i[28],hierarchy_boundary,4,3_4,g28106,INV_X1,A,combinational_input,id_control_regfile|hierarchy_boundary|3_4,NOT_RUN,PENDING,,/raid/spring2026/fwu44/research/fault2assertion/faults/cv32e40p/branchfault/BF0176_SA0/results/crc32/screen_seed20260729_mc2000000,/raid/spring2026/fwu44/research/fault2assertion/faults/cv32e40p/branchfault/BF0176_SA0/results/crc32/screen_seed20260729_mc2000000/xrun.log,False,True,True
352,BF0176_SA1,BF0176_SA0,1,BL00176,BS015490,cv32e40p_alu|g28106|A,id_control_regfile,operand_b_i[28],hierarchy_boundary,4,3_4,g28106,INV_X1,A,combinational_input,id_control_regfile|hierarchy_boundary|3_4,NOT_RUN,PENDING,,/raid/spring2026/fwu44/research/fault2assertion/faults/cv32e40p/branchfault/BF0176_SA1/results/crc32/screen_seed20260729_mc2000000,/raid/spring2026/fwu44/research/fault2assertion/faults/cv32e40p/branchfault/BF0176_SA1/results/crc32/screen_seed20260729_mc2000000/xrun.log,False,True,True
353,BF0177_SA0,BF0177_SA1,0,BL00177,BS015575,cv32e40p_controller_COREV_CLUSTER0_COREV_PULP0_FPU0|g10602|A3,id_control_regfile,ctrl_fsm_cs[1],sequential_output,9,gt_8,g10602,NOR3_X1,A3,combinational_input,id_control_regfile|sequential_output|gt_8,NOT_RUN,PENDING,,/raid/spring2026/fwu44/research/fault2assertion/faults/cv32e40p/branchfault/BF0177_SA0/results/crc32/screen_seed20260729_mc2000000,/raid/spring2026/fwu44/research/fault2assertion/faults/cv32e40p/branchfault/BF0177_SA0/results/crc32/screen_seed20260729_mc2000000/xrun.log,False,True,True
354,BF0177_SA1,BF0177_SA0,1,BL00177,BS015575,cv32e40p_controller_COREV_CLUSTER0_COREV_PULP0_FPU0|g10602|A3,id_control_regfile,ctrl_fsm_cs[1],sequential_output,9,gt_8,g10602,NOR3_X1,A3,combinational_input,id_control_regfile|sequential_output|gt_8,NOT_RUN,PENDING,,/raid/spring2026/fwu44/research/fault2assertion/faults/cv32e40p/branchfault/BF0177_SA1/results/crc32/screen_seed20260729_mc2000000,/raid/spring2026/fwu44/research/fault2assertion/faults/cv32e40p/branchfault/BF0177_SA1/results/crc32/screen_seed20260729_mc2000000/xrun.log,False,True,True
355,BF0178_SA0,BF0178_SA1,0,BL00178,BS015590,cv32e40p_controller_COREV_CLUSTER0_COREV_PULP0_FPU0|g10569|A3,id_control_regfile,ctrl_fsm_cs[2],sequential_output,11,gt_8,g10569,NOR3_X1,A3,combinational_input,id_control_regfile|sequential_output|gt_8,NOT_RUN,PENDING,,/raid/spring2026/fwu44/research/fault2assertion/faults/cv32e40p/branchfault/BF0178_SA0/results/crc32/screen_seed20260729_mc2000000,/raid/spring2026/fwu44/research/fault2assertion/faults/cv32e40p/branchfault/BF0178_SA0/results/crc32/screen_seed20260729_mc2000000/xrun.log,False,True,True
356,BF0178_SA1,BF0178_SA0,1,BL00178,BS015590,cv32e40p_controller_COREV_CLUSTER0_COREV_PULP0_FPU0|g10569|A3,id_control_regfile,ctrl_fsm_cs[2],sequential_output,11,gt_8,g10569,NOR3_X1,A3,combinational_input,id_control_regfile|sequential_output|gt_8,NOT_RUN,PENDING,,/raid/spring2026/fwu44/research/fault2assertion/faults/cv32e40p/branchfault/BF0178_SA1/results/crc32/screen_seed20260729_mc2000000,/raid/spring2026/fwu44/research/fault2assertion/faults/cv32e40p/branchfault/BF0178_SA1/results/crc32/screen_seed20260729_mc2000000/xrun.log,False,True,True
357,BF0179_SA0,BF0179_SA1,0,BL00179,BS015632,cv32e40p_controller_COREV_CLUSTER0_COREV_PULP0_FPU0|g10561|A1,id_control_regfile,id_ready_i,hierarchy_boundary,4,3_4,g10561,NOR2_X1,A1,combinational_input,id_control_regfile|hierarchy_boundary|3_4,NOT_RUN,PENDING,,/raid/spring2026/fwu44/research/fault2assertion/faults/cv32e40p/branchfault/BF0179_SA0/results/crc32/screen_seed20260729_mc2000000,/raid/spring2026/fwu44/research/fault2assertion/faults/cv32e40p/branchfault/BF0179_SA0/results/crc32/screen_seed20260729_mc2000000/xrun.log,False,True,True
358,BF0179_SA1,BF0179_SA0,1,BL00179,BS015632,cv32e40p_controller_COREV_CLUSTER0_COREV_PULP0_FPU0|g10561|A1,id_control_regfile,id_ready_i,hierarchy_boundary,4,3_4,g10561,NOR2_X1,A1,combinational_input,id_control_regfile|hierarchy_boundary|3_4,NOT_RUN,PENDING,,/raid/spring2026/fwu44/research/fault2assertion/faults/cv32e40p/branchfault/BF0179_SA1/results/crc32/screen_seed20260729_mc2000000,/raid/spring2026/fwu44/research/fault2assertion/faults/cv32e40p/branchfault/BF0179_SA1/results/crc32/screen_seed20260729_mc2000000/xrun.log,False,True,True
359,BF0180_SA0,BF0180_SA1,0,BL00180,BS015645,cv32e40p_controller_COREV_CLUSTER0_COREV_PULP0_FPU0|g9891|A3,id_control_regfile,illegal_insn_q,sequential_output,8,5_8,g9891,NOR3_X1,A3,combinational_input,id_control_regfile|sequential_output|5_8,NOT_RUN,PENDING,,/raid/spring2026/fwu44/research/fault2assertion/faults/cv32e40p/branchfault/BF0180_SA0/results/crc32/screen_seed20260729_mc2000000,/raid/spring2026/fwu44/research/fault2assertion/faults/cv32e40p/branchfault/BF0180_SA0/results/crc32/screen_seed20260729_mc2000000/xrun.log,False,True,True
360,BF0180_SA1,BF0180_SA0,1,BL00180,BS015645,cv32e40p_controller_COREV_CLUSTER0_COREV_PULP0_FPU0|g9891|A3,id_control_regfile,illegal_insn_q,sequential_output,8,5_8,g9891,NOR3_X1,A3,combinational_input,id_control_regfile|sequential_output|5_8,NOT_RUN,PENDING,,/raid/spring2026/fwu44/research/fault2assertion/faults/cv32e40p/branchfault/BF0180_SA1/results/crc32/screen_seed20260729_mc2000000,/raid/spring2026/fwu44/research/fault2assertion/faults/cv32e40p/branchfault/BF0180_SA1/results/crc32/screen_seed20260729_mc2000000/xrun.log,False,True,True
361,BF0181_SA0,BF0181_SA1,0,BL00181,BS015649,cv32e40p_controller_COREV_CLUSTER0_COREV_PULP0_FPU0|g9972|A2,id_control_regfile,illegal_insn_q,sequential_output,8,5_8,g9972,NOR2_X1,A2,combinational_input,id_control_regfile|sequential_output|5_8,NOT_RUN,PENDING,,/raid/spring2026/fwu44/research/fault2assertion/faults/cv32e40p/branchfault/BF0181_SA0/results/crc32/screen_seed20260729_mc2000000,/raid/spring2026/fwu44/research/fault2assertion/faults/cv32e40p/branchfault/BF0181_SA0/results/crc32/screen_seed20260729_mc2000000/xrun.log,False,True,True
362,BF0181_SA1,BF0181_SA0,1,BL00181,BS015649,cv32e40p_controller_COREV_CLUSTER0_COREV_PULP0_FPU0|g9972|A2,id_control_regfile,illegal_insn_q,sequential_output,8,5_8,g9972,NOR2_X1,A2,combinational_input,id_control_regfile|sequential_output|5_8,NOT_RUN,PENDING,,/raid/spring2026/fwu44/research/fault2assertion/faults/cv32e40p/branchfault/BF0181_SA1/results/crc32/screen_seed20260729_mc2000000,/raid/spring2026/fwu44/research/fault2assertion/faults/cv32e40p/branchfault/BF0181_SA1/results/crc32/screen_seed20260729_mc2000000/xrun.log,False,True,True
363,BF0182_SA0,BF0182_SA1,0,BL00182,BS015731,cv32e40p_controller_COREV_CLUSTER0_COREV_PULP0_FPU0|g10041|A1,id_control_regfile,n_170,combinational_output,5,5_8,g10041,NAND2_X1,A1,combinational_input,id_control_regfile|combinational_output|5_8,NOT_RUN,PENDING,,/raid/spring2026/fwu44/research/fault2assertion/faults/cv32e40p/branchfault/BF0182_SA0/results/crc32/screen_seed20260729_mc2000000,/raid/spring2026/fwu44/research/fault2assertion/faults/cv32e40p/branchfault/BF0182_SA0/results/crc32/screen_seed20260729_mc2000000/xrun.log,False,True,True
364,BF0182_SA1,BF0182_SA0,1,BL00182,BS015731,cv32e40p_controller_COREV_CLUSTER0_COREV_PULP0_FPU0|g10041|A1,id_control_regfile,n_170,combinational_output,5,5_8,g10041,NAND2_X1,A1,combinational_input,id_control_regfile|combinational_output|5_8,NOT_RUN,PENDING,,/raid/spring2026/fwu44/research/fault2assertion/faults/cv32e40p/branchfault/BF0182_SA1/results/crc32/screen_seed20260729_mc2000000,/raid/spring2026/fwu44/research/fault2assertion/faults/cv32e40p/branchfault/BF0182_SA1/results/crc32/screen_seed20260729_mc2000000/xrun.log,False,True,True
365,BF0183_SA0,BF0183_SA1,0,BL00183,BS015853,cv32e40p_controller_COREV_CLUSTER0_COREV_PULP0_FPU0|g10566|A,id_control_regfile,n_273,combinational_output,2,2,g10566,OAI221_X1,A,combinational_input,id_control_regfile|combinational_output|2,NOT_RUN,PENDING,,/raid/spring2026/fwu44/research/fault2assertion/faults/cv32e40p/branchfault/BF0183_SA0/results/crc32/screen_seed20260729_mc2000000,/raid/spring2026/fwu44/research/fault2assertion/faults/cv32e40p/branchfault/BF0183_SA0/results/crc32/screen_seed20260729_mc2000000/xrun.log,False,True,True
366,BF0183_SA1,BF0183_SA0,1,BL00183,BS015853,cv32e40p_controller_COREV_CLUSTER0_COREV_PULP0_FPU0|g10566|A,id_control_regfile,n_273,combinational_output,2,2,g10566,OAI221_X1,A,combinational_input,id_control_regfile|combinational_output|2,NOT_RUN,PENDING,,/raid/spring2026/fwu44/research/fault2assertion/faults/cv32e40p/branchfault/BF0183_SA1/results/crc32/screen_seed20260729_mc2000000,/raid/spring2026/fwu44/research/fault2assertion/faults/cv32e40p/branchfault/BF0183_SA1/results/crc32/screen_seed20260729_mc2000000/xrun.log,False,True,True
367,BF0184_SA0,BF0184_SA1,0,BL00184,BS015890,cv32e40p_controller_COREV_CLUSTER0_COREV_PULP0_FPU0|g9989|A2,id_control_regfile,n_287,combinational_output,4,3_4,g9989,NOR2_X1,A2,combinational_input,id_control_regfile|combinational_output|3_4,NOT_RUN,PENDING,,/raid/spring2026/fwu44/research/fault2assertion/faults/cv32e40p/branchfault/BF0184_SA0/results/crc32/screen_seed20260729_mc2000000,/raid/spring2026/fwu44/research/fault2assertion/faults/cv32e40p/branchfault/BF0184_SA0/results/crc32/screen_seed20260729_mc2000000/xrun.log,False,True,True
368,BF0184_SA1,BF0184_SA0,1,BL00184,BS015890,cv32e40p_controller_COREV_CLUSTER0_COREV_PULP0_FPU0|g9989|A2,id_control_regfile,n_287,combinational_output,4,3_4,g9989,NOR2_X1,A2,combinational_input,id_control_regfile|combinational_output|3_4,NOT_RUN,PENDING,,/raid/spring2026/fwu44/research/fault2assertion/faults/cv32e40p/branchfault/BF0184_SA1/results/crc32/screen_seed20260729_mc2000000,/raid/spring2026/fwu44/research/fault2assertion/faults/cv32e40p/branchfault/BF0184_SA1/results/crc32/screen_seed20260729_mc2000000/xrun.log,False,True,True
369,BF0185_SA0,BF0185_SA1,0,BL00185,BS015958,cv32e40p_controller_COREV_CLUSTER0_COREV_PULP0_FPU0|g9892|A2,id_control_regfile,n_301,combinational_output,3,3_4,g9892,NAND2_X1,A2,combinational_input,id_control_regfile|combinational_output|3_4,NOT_RUN,PENDING,,/raid/spring2026/fwu44/research/fault2assertion/faults/cv32e40p/branchfault/BF0185_SA0/results/crc32/screen_seed20260729_mc2000000,/raid/spring2026/fwu44/research/fault2assertion/faults/cv32e40p/branchfault/BF0185_SA0/results/crc32/screen_seed20260729_mc2000000/xrun.log,False,True,True
370,BF0185_SA1,BF0185_SA0,1,BL00185,BS015958,cv32e40p_controller_COREV_CLUSTER0_COREV_PULP0_FPU0|g9892|A2,id_control_regfile,n_301,combinational_output,3,3_4,g9892,NAND2_X1,A2,combinational_input,id_control_regfile|combinational_output|3_4,NOT_RUN,PENDING,,/raid/spring2026/fwu44/research/fault2assertion/faults/cv32e40p/branchfault/BF0185_SA1/results/crc32/screen_seed20260729_mc2000000,/raid/spring2026/fwu44/research/fault2assertion/faults/cv32e40p/branchfault/BF0185_SA1/results/crc32/screen_seed20260729_mc2000000/xrun.log,False,True,True
371,BF0186_SA0,BF0186_SA1,0,BL00186,BS015978,cv32e40p_controller_COREV_CLUSTER0_COREV_PULP0_FPU0|g9986|A1,id_control_regfile,n_306,combinational_output,5,5_8,g9986,NOR2_X1,A1,combinational_input,id_control_regfile|combinational_output|5_8,NOT_RUN,PENDING,,/raid/spring2026/fwu44/research/fault2assertion/faults/cv32e40p/branchfault/BF0186_SA0/results/crc32/screen_seed20260729_mc2000000,/raid/spring2026/fwu44/research/fault2assertion/faults/cv32e40p/branchfault/BF0186_SA0/results/crc32/screen_seed20260729_mc2000000/xrun.log,False,True,True
372,BF0186_SA1,BF0186_SA0,1,BL00186,BS015978,cv32e40p_controller_COREV_CLUSTER0_COREV_PULP0_FPU0|g9986|A1,id_control_regfile,n_306,combinational_output,5,5_8,g9986,NOR2_X1,A1,combinational_input,id_control_regfile|combinational_output|5_8,NOT_RUN,PENDING,,/raid/spring2026/fwu44/research/fault2assertion/faults/cv32e40p/branchfault/BF0186_SA1/results/crc32/screen_seed20260729_mc2000000,/raid/spring2026/fwu44/research/fault2assertion/faults/cv32e40p/branchfault/BF0186_SA1/results/crc32/screen_seed20260729_mc2000000/xrun.log,False,True,True
373,BF0187_SA0,BF0187_SA1,0,BL00187,BS015982,cv32e40p_controller_COREV_CLUSTER0_COREV_PULP0_FPU0|g9918|A2,id_control_regfile,n_307,combinational_output,2,2,g9918,OR2_X1,A2,combinational_input,id_control_regfile|combinational_output|2,NOT_RUN,PENDING,,/raid/spring2026/fwu44/research/fault2assertion/faults/cv32e40p/branchfault/BF0187_SA0/results/crc32/screen_seed20260729_mc2000000,/raid/spring2026/fwu44/research/fault2assertion/faults/cv32e40p/branchfault/BF0187_SA0/results/crc32/screen_seed20260729_mc2000000/xrun.log,False,True,True
374,BF0187_SA1,BF0187_SA0,1,BL00187,BS015982,cv32e40p_controller_COREV_CLUSTER0_COREV_PULP0_FPU0|g9918|A2,id_control_regfile,n_307,combinational_output,2,2,g9918,OR2_X1,A2,combinational_input,id_control_regfile|combinational_output|2,NOT_RUN,PENDING,,/raid/spring2026/fwu44/research/fault2assertion/faults/cv32e40p/branchfault/BF0187_SA1/results/crc32/screen_seed20260729_mc2000000,/raid/spring2026/fwu44/research/fault2assertion/faults/cv32e40p/branchfault/BF0187_SA1/results/crc32/screen_seed20260729_mc2000000/xrun.log,False,True,True
375,BF0188_SA0,BF0188_SA1,0,BL00188,BS016004,cv32e40p_controller_COREV_CLUSTER0_COREV_PULP0_FPU0|g10529|B,id_control_regfile,n_5,combinational_output,2,2,g10529,OAI211_X1,B,combinational_input,id_control_regfile|combinational_output|2,NOT_RUN,PENDING,,/raid/spring2026/fwu44/research/fault2assertion/faults/cv32e40p/branchfault/BF0188_SA0/results/crc32/screen_seed20260729_mc2000000,/raid/spring2026/fwu44/research/fault2assertion/faults/cv32e40p/branchfault/BF0188_SA0/results/crc32/screen_seed20260729_mc2000000/xrun.log,False,True,True
376,BF0188_SA1,BF0188_SA0,1,BL00188,BS016004,cv32e40p_controller_COREV_CLUSTER0_COREV_PULP0_FPU0|g10529|B,id_control_regfile,n_5,combinational_output,2,2,g10529,OAI211_X1,B,combinational_input,id_control_regfile|combinational_output|2,NOT_RUN,PENDING,,/raid/spring2026/fwu44/research/fault2assertion/faults/cv32e40p/branchfault/BF0188_SA1/results/crc32/screen_seed20260729_mc2000000,/raid/spring2026/fwu44/research/fault2assertion/faults/cv32e40p/branchfault/BF0188_SA1/results/crc32/screen_seed20260729_mc2000000/xrun.log,False,True,True
377,BF0189_SA0,BF0189_SA1,0,BL00189,BS016033,cv32e40p_controller_COREV_CLUSTER0_COREV_PULP0_FPU0|g10534|B,id_control_regfile,n_96,combinational_output,2,2,g10534,AOI211_X1,B,combinational_input,id_control_regfile|combinational_output|2,NOT_RUN,PENDING,,/raid/spring2026/fwu44/research/fault2assertion/faults/cv32e40p/branchfault/BF0189_SA0/results/crc32/screen_seed20260729_mc2000000,/raid/spring2026/fwu44/research/fault2assertion/faults/cv32e40p/branchfault/BF0189_SA0/results/crc32/screen_seed20260729_mc2000000/xrun.log,False,True,True
378,BF0189_SA1,BF0189_SA0,1,BL00189,BS016033,cv32e40p_controller_COREV_CLUSTER0_COREV_PULP0_FPU0|g10534|B,id_control_regfile,n_96,combinational_output,2,2,g10534,AOI211_X1,B,combinational_input,id_control_regfile|combinational_output|2,NOT_RUN,PENDING,,/raid/spring2026/fwu44/research/fault2assertion/faults/cv32e40p/branchfault/BF0189_SA1/results/crc32/screen_seed20260729_mc2000000,/raid/spring2026/fwu44/research/fault2assertion/faults/cv32e40p/branchfault/BF0189_SA1/results/crc32/screen_seed20260729_mc2000000/xrun.log,False,True,True
379,BF0190_SA0,BF0190_SA1,0,BL00190,BS016079,cv32e40p_id_stage_COREV_PULP0_COREV_CLUSTER0_N_HWLP2_PULP_SECURE0_USE_PMP0_A_EXTENSION0_APU0_FPU0_FPU_ADDMUL_LAT0_FPU_OTHERS_LAT0_ZFINX0_APU_NARGS_CPU3_APU_WOP_CPU6_APU_NDSFLAGS_CPU15_APU_NUSFLAGS_CPU5_DEBUG_TRIGGER_EN1|g16340|S,id_control_regfile,ctrl_transfer_target_mux_sel[0],hierarchy_boundary,34,gt_8,g16340,MUX2_X1,S,mux_select,id_control_regfile|hierarchy_boundary|gt_8,NOT_RUN,PENDING,,/raid/spring2026/fwu44/research/fault2assertion/faults/cv32e40p/branchfault/BF0190_SA0/results/crc32/screen_seed20260729_mc2000000,/raid/spring2026/fwu44/research/fault2assertion/faults/cv32e40p/branchfault/BF0190_SA0/results/crc32/screen_seed20260729_mc2000000/xrun.log,False,True,True
380,BF0190_SA1,BF0190_SA0,1,BL00190,BS016079,cv32e40p_id_stage_COREV_PULP0_COREV_CLUSTER0_N_HWLP2_PULP_SECURE0_USE_PMP0_A_EXTENSION0_APU0_FPU0_FPU_ADDMUL_LAT0_FPU_OTHERS_LAT0_ZFINX0_APU_NARGS_CPU3_APU_WOP_CPU6_APU_NDSFLAGS_CPU15_APU_NUSFLAGS_CPU5_DEBUG_TRIGGER_EN1|g16340|S,id_control_regfile,ctrl_transfer_target_mux_sel[0],hierarchy_boundary,34,gt_8,g16340,MUX2_X1,S,mux_select,id_control_regfile|hierarchy_boundary|gt_8,NOT_RUN,PENDING,,/raid/spring2026/fwu44/research/fault2assertion/faults/cv32e40p/branchfault/BF0190_SA1/results/crc32/screen_seed20260729_mc2000000,/raid/spring2026/fwu44/research/fault2assertion/faults/cv32e40p/branchfault/BF0190_SA1/results/crc32/screen_seed20260729_mc2000000/xrun.log,False,True,True
381,BF0191_SA0,BF0191_SA1,0,BL00191,BS016096,cv32e40p_id_stage_COREV_PULP0_COREV_CLUSTER0_N_HWLP2_PULP_SECURE0_USE_PMP0_A_EXTENSION0_APU0_FPU0_FPU_ADDMUL_LAT0_FPU_OTHERS_LAT0_ZFINX0_APU_NARGS_CPU3_APU_WOP_CPU6_APU_NDSFLAGS_CPU15_APU_NUSFLAGS_CPU5_DEBUG_TRIGGER_EN1|g28151|A2,id_control_regfile,operand_a_fw_mux_sel[0],hierarchy_boundary,2,2,g28151,AND2_X2,A2,combinational_input,id_control_regfile|hierarchy_boundary|2,NOT_RUN,PENDING,,/raid/spring2026/fwu44/research/fault2assertion/faults/cv32e40p/branchfault/BF0191_SA0/results/crc32/screen_seed20260729_mc2000000,/raid/spring2026/fwu44/research/fault2assertion/faults/cv32e40p/branchfault/BF0191_SA0/results/crc32/screen_seed20260729_mc2000000/xrun.log,False,True,True
382,BF0191_SA1,BF0191_SA0,1,BL00191,BS016096,cv32e40p_id_stage_COREV_PULP0_COREV_CLUSTER0_N_HWLP2_PULP_SECURE0_USE_PMP0_A_EXTENSION0_APU0_FPU0_FPU_ADDMUL_LAT0_FPU_OTHERS_LAT0_ZFINX0_APU_NARGS_CPU3_APU_WOP_CPU6_APU_NDSFLAGS_CPU15_APU_NUSFLAGS_CPU5_DEBUG_TRIGGER_EN1|g28151|A2,id_control_regfile,operand_a_fw_mux_sel[0],hierarchy_boundary,2,2,g28151,AND2_X2,A2,combinational_input,id_control_regfile|hierarchy_boundary|2,NOT_RUN,PENDING,,/raid/spring2026/fwu44/research/fault2assertion/faults/cv32e40p/branchfault/BF0191_SA1/results/crc32/screen_seed20260729_mc2000000,/raid/spring2026/fwu44/research/fault2assertion/faults/cv32e40p/branchfault/BF0191_SA1/results/crc32/screen_seed20260729_mc2000000/xrun.log,False,True,True
383,BF0192_SA0,BF0192_SA1,0,BL00192,BS016196,cv32e40p_id_stage_COREV_PULP0_COREV_CLUSTER0_N_HWLP2_PULP_SECURE0_USE_PMP0_A_EXTENSION0_APU0_FPU0_FPU_ADDMUL_LAT0_FPU_OTHERS_LAT0_ZFINX0_APU_NARGS_CPU3_APU_WOP_CPU6_APU_NDSFLAGS_CPU15_APU_NUSFLAGS_CPU5_DEBUG_TRIGGER_EN1|g28136|A1,id_control_regfile,regfile_alu_wdata_fw_i[8],hierarchy_boundary,3,3_4,g28136,NAND2_X1,A1,combinational_input,id_control_regfile|hierarchy_boundary|3_4,NOT_RUN,PENDING,,/raid/spring2026/fwu44/research/fault2assertion/faults/cv32e40p/branchfault/BF0192_SA0/results/crc32/screen_seed20260729_mc2000000,/raid/spring2026/fwu44/research/fault2assertion/faults/cv32e40p/branchfault/BF0192_SA0/results/crc32/screen_seed20260729_mc2000000/xrun.log,False,True,True
384,BF0192_SA1,BF0192_SA0,1,BL00192,BS016196,cv32e40p_id_stage_COREV_PULP0_COREV_CLUSTER0_N_HWLP2_PULP_SECURE0_USE_PMP0_A_EXTENSION0_APU0_FPU0_FPU_ADDMUL_LAT0_FPU_OTHERS_LAT0_ZFINX0_APU_NARGS_CPU3_APU_WOP_CPU6_APU_NDSFLAGS_CPU15_APU_NUSFLAGS_CPU5_DEBUG_TRIGGER_EN1|g28136|A1,id_control_regfile,regfile_alu_wdata_fw_i[8],hierarchy_boundary,3,3_4,g28136,NAND2_X1,A1,combinational_input,id_control_regfile|hierarchy_boundary|3_4,NOT_RUN,PENDING,,/raid/spring2026/fwu44/research/fault2assertion/faults/cv32e40p/branchfault/BF0192_SA1/results/crc32/screen_seed20260729_mc2000000,/raid/spring2026/fwu44/research/fault2assertion/faults/cv32e40p/branchfault/BF0192_SA1/results/crc32/screen_seed20260729_mc2000000/xrun.log,False,True,True
385,BF0193_SA0,BF0193_SA1,0,BL00193,BS016302,cv32e40p_id_stage_COREV_PULP0_COREV_CLUSTER0_N_HWLP2_PULP_SECURE0_USE_PMP0_A_EXTENSION0_APU0_FPU0_FPU_ADDMUL_LAT0_FPU_OTHERS_LAT0_ZFINX0_APU_NARGS_CPU3_APU_WOP_CPU6_APU_NDSFLAGS_CPU15_APU_NUSFLAGS_CPU5_DEBUG_TRIGGER_EN1|g27838|A1,id_control_regfile,regfile_wdata_wb_i[18],hierarchy_boundary,2,2,g27838,AOI222_X1,A1,combinational_input,id_control_regfile|hierarchy_boundary|2,NOT_RUN,PENDING,,/raid/spring2026/fwu44/research/fault2assertion/faults/cv32e40p/branchfault/BF0193_SA0/results/crc32/screen_seed20260729_mc2000000,/raid/spring2026/fwu44/research/fault2assertion/faults/cv32e40p/branchfault/BF0193_SA0/results/crc32/screen_seed20260729_mc2000000/xrun.log,False,True,True
386,BF0193_SA1,BF0193_SA0,1,BL00193,BS016302,cv32e40p_id_stage_COREV_PULP0_COREV_CLUSTER0_N_HWLP2_PULP_SECURE0_USE_PMP0_A_EXTENSION0_APU0_FPU0_FPU_ADDMUL_LAT0_FPU_OTHERS_LAT0_ZFINX0_APU_NARGS_CPU3_APU_WOP_CPU6_APU_NDSFLAGS_CPU15_APU_NUSFLAGS_CPU5_DEBUG_TRIGGER_EN1|g27838|A1,id_control_regfile,regfile_wdata_wb_i[18],hierarchy_boundary,2,2,g27838,AOI222_X1,A1,combinational_input,id_control_regfile|hierarchy_boundary|2,NOT_RUN,PENDING,,/raid/spring2026/fwu44/research/fault2assertion/faults/cv32e40p/branchfault/BF0193_SA1/results/crc32/screen_seed20260729_mc2000000,/raid/spring2026/fwu44/research/fault2assertion/faults/cv32e40p/branchfault/BF0193_SA1/results/crc32/screen_seed20260729_mc2000000/xrun.log,False,True,True
387,BF0194_SA0,BF0194_SA1,0,BL00194,BS016313,cv32e40p_id_stage_COREV_PULP0_COREV_CLUSTER0_N_HWLP2_PULP_SECURE0_USE_PMP0_A_EXTENSION0_APU0_FPU0_FPU_ADDMUL_LAT0_FPU_OTHERS_LAT0_ZFINX0_APU_NARGS_CPU3_APU_WOP_CPU6_APU_NDSFLAGS_CPU15_APU_NUSFLAGS_CPU5_DEBUG_TRIGGER_EN1|g27852|A1,id_control_regfile,regfile_wdata_wb_i[22],hierarchy_boundary,2,2,g27852,AOI222_X1,A1,combinational_input,id_control_regfile|hierarchy_boundary|2,NOT_RUN,PENDING,,/raid/spring2026/fwu44/research/fault2assertion/faults/cv32e40p/branchfault/BF0194_SA0/results/crc32/screen_seed20260729_mc2000000,/raid/spring2026/fwu44/research/fault2assertion/faults/cv32e40p/branchfault/BF0194_SA0/results/crc32/screen_seed20260729_mc2000000/xrun.log,False,True,True
388,BF0194_SA1,BF0194_SA0,1,BL00194,BS016313,cv32e40p_id_stage_COREV_PULP0_COREV_CLUSTER0_N_HWLP2_PULP_SECURE0_USE_PMP0_A_EXTENSION0_APU0_FPU0_FPU_ADDMUL_LAT0_FPU_OTHERS_LAT0_ZFINX0_APU_NARGS_CPU3_APU_WOP_CPU6_APU_NDSFLAGS_CPU15_APU_NUSFLAGS_CPU5_DEBUG_TRIGGER_EN1|g27852|A1,id_control_regfile,regfile_wdata_wb_i[22],hierarchy_boundary,2,2,g27852,AOI222_X1,A1,combinational_input,id_control_regfile|hierarchy_boundary|2,NOT_RUN,PENDING,,/raid/spring2026/fwu44/research/fault2assertion/faults/cv32e40p/branchfault/BF0194_SA1/results/crc32/screen_seed20260729_mc2000000,/raid/spring2026/fwu44/research/fault2assertion/faults/cv32e40p/branchfault/BF0194_SA1/results/crc32/screen_seed20260729_mc2000000/xrun.log,False,True,True
389,BF0195_SA0,BF0195_SA1,0,BL00195,BS016334,cv32e40p_id_stage_COREV_PULP0_COREV_CLUSTER0_N_HWLP2_PULP_SECURE0_USE_PMP0_A_EXTENSION0_APU0_FPU0_FPU_ADDMUL_LAT0_FPU_OTHERS_LAT0_ZFINX0_APU_NARGS_CPU3_APU_WOP_CPU6_APU_NDSFLAGS_CPU15_APU_NUSFLAGS_CPU5_DEBUG_TRIGGER_EN1|g27873|A1,id_control_regfile,regfile_wdata_wb_i[3],hierarchy_boundary,2,2,g27873,AOI222_X1,A1,combinational_input,id_control_regfile|hierarchy_boundary|2,NOT_RUN,PENDING,,/raid/spring2026/fwu44/research/fault2assertion/faults/cv32e40p/branchfault/BF0195_SA0/results/crc32/screen_seed20260729_mc2000000,/raid/spring2026/fwu44/research/fault2assertion/faults/cv32e40p/branchfault/BF0195_SA0/results/crc32/screen_seed20260729_mc2000000/xrun.log,False,True,True
390,BF0195_SA1,BF0195_SA0,1,BL00195,BS016334,cv32e40p_id_stage_COREV_PULP0_COREV_CLUSTER0_N_HWLP2_PULP_SECURE0_USE_PMP0_A_EXTENSION0_APU0_FPU0_FPU_ADDMUL_LAT0_FPU_OTHERS_LAT0_ZFINX0_APU_NARGS_CPU3_APU_WOP_CPU6_APU_NDSFLAGS_CPU15_APU_NUSFLAGS_CPU5_DEBUG_TRIGGER_EN1|g27873|A1,id_control_regfile,regfile_wdata_wb_i[3],hierarchy_boundary,2,2,g27873,AOI222_X1,A1,combinational_input,id_control_regfile|hierarchy_boundary|2,NOT_RUN,PENDING,,/raid/spring2026/fwu44/research/fault2assertion/faults/cv32e40p/branchfault/BF0195_SA1/results/crc32/screen_seed20260729_mc2000000,/raid/spring2026/fwu44/research/fault2assertion/faults/cv32e40p/branchfault/BF0195_SA1/results/crc32/screen_seed20260729_mc2000000/xrun.log,False,True,True
391,BF0196_SA0,BF0196_SA1,0,BL00196,BS016459,cv32e40p_register_file_ADDR_WIDTH6_DATA_WIDTH32_FPU0_ZFINX0|g66994|B2,id_control_regfile,\mem[10] [31],sequential_output,3,3_4,g66994,AOI22_X1,B2,combinational_input,id_control_regfile|sequential_output|3_4,NOT_RUN,PENDING,,/raid/spring2026/fwu44/research/fault2assertion/faults/cv32e40p/branchfault/BF0196_SA0/results/crc32/screen_seed20260729_mc2000000,/raid/spring2026/fwu44/research/fault2assertion/faults/cv32e40p/branchfault/BF0196_SA0/results/crc32/screen_seed20260729_mc2000000/xrun.log,False,True,True
392,BF0196_SA1,BF0196_SA0,1,BL00196,BS016459,cv32e40p_register_file_ADDR_WIDTH6_DATA_WIDTH32_FPU0_ZFINX0|g66994|B2,id_control_regfile,\mem[10] [31],sequential_output,3,3_4,g66994,AOI22_X1,B2,combinational_input,id_control_regfile|sequential_output|3_4,NOT_RUN,PENDING,,/raid/spring2026/fwu44/research/fault2assertion/faults/cv32e40p/branchfault/BF0196_SA1/results/crc32/screen_seed20260729_mc2000000,/raid/spring2026/fwu44/research/fault2assertion/faults/cv32e40p/branchfault/BF0196_SA1/results/crc32/screen_seed20260729_mc2000000/xrun.log,False,True,True
393,BF0197_SA0,BF0197_SA1,0,BL00197,BS016577,cv32e40p_register_file_ADDR_WIDTH6_DATA_WIDTH32_FPU0_ZFINX0|g65382|A2,id_control_regfile,\mem[12] [22],sequential_output,3,3_4,g65382,AOI22_X1,A2,combinational_input,id_control_regfile|sequential_output|3_4,NOT_RUN,PENDING,,/raid/spring2026/fwu44/research/fault2assertion/faults/cv32e40p/branchfault/BF0197_SA0/results/crc32/screen_seed20260729_mc2000000,/raid/spring2026/fwu44/research/fault2assertion/faults/cv32e40p/branchfault/BF0197_SA0/results/crc32/screen_seed20260729_mc2000000/xrun.log,False,True,True
394,BF0197_SA1,BF0197_SA0,1,BL00197,BS016577,cv32e40p_register_file_ADDR_WIDTH6_DATA_WIDTH32_FPU0_ZFINX0|g65382|A2,id_control_regfile,\mem[12] [22],sequential_output,3,3_4,g65382,AOI22_X1,A2,combinational_input,id_control_regfile|sequential_output|3_4,NOT_RUN,PENDING,,/raid/spring2026/fwu44/research/fault2assertion/faults/cv32e40p/branchfault/BF0197_SA1/results/crc32/screen_seed20260729_mc2000000,/raid/spring2026/fwu44/research/fault2assertion/faults/cv32e40p/branchfault/BF0197_SA1/results/crc32/screen_seed20260729_mc2000000/xrun.log,False,True,True
395,BF0198_SA0,BF0198_SA1,0,BL00198,BS016633,cv32e40p_register_file_ADDR_WIDTH6_DATA_WIDTH32_FPU0_ZFINX0|g67060|A2,id_control_regfile,\mem[13] [14],sequential_output,2,2,g67060,AOI22_X1,A2,combinational_input,id_control_regfile|sequential_output|2,NOT_RUN,PENDING,,/raid/spring2026/fwu44/research/fault2assertion/faults/cv32e40p/branchfault/BF0198_SA0/results/crc32/screen_seed20260729_mc2000000,/raid/spring2026/fwu44/research/fault2assertion/faults/cv32e40p/branchfault/BF0198_SA0/results/crc32/screen_seed20260729_mc2000000/xrun.log,False,True,True
396,BF0198_SA1,BF0198_SA0,1,BL00198,BS016633,cv32e40p_register_file_ADDR_WIDTH6_DATA_WIDTH32_FPU0_ZFINX0|g67060|A2,id_control_regfile,\mem[13] [14],sequential_output,2,2,g67060,AOI22_X1,A2,combinational_input,id_control_regfile|sequential_output|2,NOT_RUN,PENDING,,/raid/spring2026/fwu44/research/fault2assertion/faults/cv32e40p/branchfault/BF0198_SA1/results/crc32/screen_seed20260729_mc2000000,/raid/spring2026/fwu44/research/fault2assertion/faults/cv32e40p/branchfault/BF0198_SA1/results/crc32/screen_seed20260729_mc2000000/xrun.log,False,True,True
397,BF0199_SA0,BF0199_SA1,0,BL00199,BS016738,cv32e40p_register_file_ADDR_WIDTH6_DATA_WIDTH32_FPU0_ZFINX0|g66923|B2,id_control_regfile,\mem[14] [26],sequential_output,3,3_4,g66923,AOI22_X1,B2,combinational_input,id_control_regfile|sequential_output|3_4,NOT_RUN,PENDING,,/raid/spring2026/fwu44/research/fault2assertion/faults/cv32e40p/branchfault/BF0199_SA0/results/crc32/screen_seed20260729_mc2000000,/raid/spring2026/fwu44/research/fault2assertion/faults/cv32e40p/branchfault/BF0199_SA0/results/crc32/screen_seed20260729_mc2000000/xrun.log,False,True,True
398,BF0199_SA1,BF0199_SA0,1,BL00199,BS016738,cv32e40p_register_file_ADDR_WIDTH6_DATA_WIDTH32_FPU0_ZFINX0|g66923|B2,id_control_regfile,\mem[14] [26],sequential_output,3,3_4,g66923,AOI22_X1,B2,combinational_input,id_control_regfile|sequential_output|3_4,NOT_RUN,PENDING,,/raid/spring2026/fwu44/research/fault2assertion/faults/cv32e40p/branchfault/BF0199_SA1/results/crc32/screen_seed20260729_mc2000000,/raid/spring2026/fwu44/research/fault2assertion/faults/cv32e40p/branchfault/BF0199_SA1/results/crc32/screen_seed20260729_mc2000000/xrun.log,False,True,True
399,BF0200_SA0,BF0200_SA1,0,BL00200,BS016796,cv32e40p_register_file_ADDR_WIDTH6_DATA_WIDTH32_FPU0_ZFINX0|g3749|A2,id_control_regfile,\mem[15] [21],sequential_output,2,2,g3749,AOI22_X1,A2,combinational_input,id_control_regfile|sequential_output|2,NOT_RUN,PENDING,,/raid/spring2026/fwu44/research/fault2assertion/faults/cv32e40p/branchfault/BF0200_SA0/results/crc32/screen_seed20260729_mc2000000,/raid/spring2026/fwu44/research/fault2assertion/faults/cv32e40p/branchfault/BF0200_SA0/results/crc32/screen_seed20260729_mc2000000/xrun.log,False,True,True
400,BF0200_SA1,BF0200_SA0,1,BL00200,BS016796,cv32e40p_register_file_ADDR_WIDTH6_DATA_WIDTH32_FPU0_ZFINX0|g3749|A2,id_control_regfile,\mem[15] [21],sequential_output,2,2,g3749,AOI22_X1,A2,combinational_input,id_control_regfile|sequential_output|2,NOT_RUN,PENDING,,/raid/spring2026/fwu44/research/fault2assertion/faults/cv32e40p/branchfault/BF0200_SA1/results/crc32/screen_seed20260729_mc2000000,/raid/spring2026/fwu44/research/fault2assertion/faults/cv32e40p/branchfault/BF0200_SA1/results/crc32/screen_seed20260729_mc2000000/xrun.log,False,True,True
401,BF0201_SA0,BF0201_SA1,0,BL00201,BS016888,cv32e40p_register_file_ADDR_WIDTH6_DATA_WIDTH32_FPU0_ZFINX0|g65200|A2,id_control_regfile,\mem[16] [27],sequential_output,3,3_4,g65200,AOI22_X1,A2,combinational_input,id_control_regfile|sequential_output|3_4,NOT_RUN,PENDING,,/raid/spring2026/fwu44/research/fault2assertion/faults/cv32e40p/branchfault/BF0201_SA0/results/crc32/screen_seed20260729_mc2000000,/raid/spring2026/fwu44/research/fault2assertion/faults/cv32e40p/branchfault/BF0201_SA0/results/crc32/screen_seed20260729_mc2000000/xrun.log,False,True,True
402,BF0201_SA1,BF0201_SA0,1,BL00201,BS016888,cv32e40p_register_file_ADDR_WIDTH6_DATA_WIDTH32_FPU0_ZFINX0|g65200|A2,id_control_regfile,\mem[16] [27],sequential_output,3,3_4,g65200,AOI22_X1,A2,combinational_input,id_control_regfile|sequential_output|3_4,NOT_RUN,PENDING,,/raid/spring2026/fwu44/research/fault2assertion/faults/cv32e40p/branchfault/BF0201_SA1/results/crc32/screen_seed20260729_mc2000000,/raid/spring2026/fwu44/research/fault2assertion/faults/cv32e40p/branchfault/BF0201_SA1/results/crc32/screen_seed20260729_mc2000000/xrun.log,False,True,True
403,BF0202_SA0,BF0202_SA1,0,BL00202,BS016917,cv32e40p_register_file_ADDR_WIDTH6_DATA_WIDTH32_FPU0_ZFINX0|g66665|B2,id_control_regfile,\mem[16] [9],sequential_output,2,2,g66665,AOI22_X1,B2,combinational_input,id_control_regfile|sequential_output|2,NOT_RUN,PENDING,,/raid/spring2026/fwu44/research/fault2assertion/faults/cv32e40p/branchfault/BF0202_SA0/results/crc32/screen_seed20260729_mc2000000,/raid/spring2026/fwu44/research/fault2assertion/faults/cv32e40p/branchfault/BF0202_SA0/results/crc32/screen_seed20260729_mc2000000/xrun.log,False,True,True
404,BF0202_SA1,BF0202_SA0,1,BL00202,BS016917,cv32e40p_register_file_ADDR_WIDTH6_DATA_WIDTH32_FPU0_ZFINX0|g66665|B2,id_control_regfile,\mem[16] [9],sequential_output,2,2,g66665,AOI22_X1,B2,combinational_input,id_control_regfile|sequential_output|2,NOT_RUN,PENDING,,/raid/spring2026/fwu44/research/fault2assertion/faults/cv32e40p/branchfault/BF0202_SA1/results/crc32/screen_seed20260729_mc2000000,/raid/spring2026/fwu44/research/fault2assertion/faults/cv32e40p/branchfault/BF0202_SA1/results/crc32/screen_seed20260729_mc2000000/xrun.log,False,True,True
405,BF0203_SA0,BF0203_SA1,0,BL00203,BS016937,cv32e40p_register_file_ADDR_WIDTH6_DATA_WIDTH32_FPU0_ZFINX0|g66705|A2,id_control_regfile,\mem[17] [18],sequential_output,2,2,g66705,AOI22_X1,A2,combinational_input,id_control_regfile|sequential_output|2,NOT_RUN,PENDING,,/raid/spring2026/fwu44/research/fault2assertion/faults/cv32e40p/branchfault/BF0203_SA0/results/crc32/screen_seed20260729_mc2000000,/raid/spring2026/fwu44/research/fault2assertion/faults/cv32e40p/branchfault/BF0203_SA0/results/crc32/screen_seed20260729_mc2000000/xrun.log,False,True,True
406,BF0203_SA1,BF0203_SA0,1,BL00203,BS016937,cv32e40p_register_file_ADDR_WIDTH6_DATA_WIDTH32_FPU0_ZFINX0|g66705|A2,id_control_regfile,\mem[17] [18],sequential_output,2,2,g66705,AOI22_X1,A2,combinational_input,id_control_regfile|sequential_output|2,NOT_RUN,PENDING,,/raid/spring2026/fwu44/research/fault2assertion/faults/cv32e40p/branchfault/BF0203_SA1/results/crc32/screen_seed20260729_mc2000000,/raid/spring2026/fwu44/research/fault2assertion/faults/cv32e40p/branchfault/BF0203_SA1/results/crc32/screen_seed20260729_mc2000000/xrun.log,False,True,True
407,BF0204_SA0,BF0204_SA1,0,BL00204,BS017109,cv32e40p_register_file_ADDR_WIDTH6_DATA_WIDTH32_FPU0_ZFINX0|g3650|A2,id_control_regfile,\mem[19] [27],sequential_output,3,3_4,g3650,AOI22_X1,A2,combinational_input,id_control_regfile|sequential_output|3_4,NOT_RUN,PENDING,,/raid/spring2026/fwu44/research/fault2assertion/faults/cv32e40p/branchfault/BF0204_SA0/results/crc32/screen_seed20260729_mc2000000,/raid/spring2026/fwu44/research/fault2assertion/faults/cv32e40p/branchfault/BF0204_SA0/results/crc32/screen_seed20260729_mc2000000/xrun.log,False,True,True
408,BF0204_SA1,BF0204_SA0,1,BL00204,BS017109,cv32e40p_register_file_ADDR_WIDTH6_DATA_WIDTH32_FPU0_ZFINX0|g3650|A2,id_control_regfile,\mem[19] [27],sequential_output,3,3_4,g3650,AOI22_X1,A2,combinational_input,id_control_regfile|sequential_output|3_4,NOT_RUN,PENDING,,/raid/spring2026/fwu44/research/fault2assertion/faults/cv32e40p/branchfault/BF0204_SA1/results/crc32/screen_seed20260729_mc2000000,/raid/spring2026/fwu44/research/fault2assertion/faults/cv32e40p/branchfault/BF0204_SA1/results/crc32/screen_seed20260729_mc2000000/xrun.log,False,True,True
409,BF0205_SA0,BF0205_SA1,0,BL00205,BS017174,cv32e40p_register_file_ADDR_WIDTH6_DATA_WIDTH32_FPU0_ZFINX0|g66651|B2,id_control_regfile,\mem[1] [23],sequential_output,3,3_4,g66651,AOI222_X1,B2,combinational_input,id_control_regfile|sequential_output|3_4,NOT_RUN,PENDING,,/raid/spring2026/fwu44/research/fault2assertion/faults/cv32e40p/branchfault/BF0205_SA0/results/crc32/screen_seed20260729_mc2000000,/raid/spring2026/fwu44/research/fault2assertion/faults/cv32e40p/branchfault/BF0205_SA0/results/crc32/screen_seed20260729_mc2000000/xrun.log,False,True,True
410,BF0205_SA1,BF0205_SA0,1,BL00205,BS017174,cv32e40p_register_file_ADDR_WIDTH6_DATA_WIDTH32_FPU0_ZFINX0|g66651|B2,id_control_regfile,\mem[1] [23],sequential_output,3,3_4,g66651,AOI222_X1,B2,combinational_input,id_control_regfile|sequential_output|3_4,NOT_RUN,PENDING,,/raid/spring2026/fwu44/research/fault2assertion/faults/cv32e40p/branchfault/BF0205_SA1/results/crc32/screen_seed20260729_mc2000000,/raid/spring2026/fwu44/research/fault2assertion/faults/cv32e40p/branchfault/BF0205_SA1/results/crc32/screen_seed20260729_mc2000000/xrun.log,False,True,True
411,BF0206_SA0,BF0206_SA1,0,BL00206,BS017236,cv32e40p_register_file_ADDR_WIDTH6_DATA_WIDTH32_FPU0_ZFINX0|g66692|B2,id_control_regfile,\mem[20] [19],sequential_output,2,2,g66692,AOI22_X1,B2,combinational_input,id_control_regfile|sequential_output|2,NOT_RUN,PENDING,,/raid/spring2026/fwu44/research/fault2assertion/faults/cv32e40p/branchfault/BF0206_SA0/results/crc32/screen_seed20260729_mc2000000,/raid/spring2026/fwu44/research/fault2assertion/faults/cv32e40p/branchfault/BF0206_SA0/results/crc32/screen_seed20260729_mc2000000/xrun.log,False,True,True
412,BF0206_SA1,BF0206_SA0,1,BL00206,BS017236,cv32e40p_register_file_ADDR_WIDTH6_DATA_WIDTH32_FPU0_ZFINX0|g66692|B2,id_control_regfile,\mem[20] [19],sequential_output,2,2,g66692,AOI22_X1,B2,combinational_input,id_control_regfile|sequential_output|2,NOT_RUN,PENDING,,/raid/spring2026/fwu44/research/fault2assertion/faults/cv32e40p/branchfault/BF0206_SA1/results/crc32/screen_seed20260729_mc2000000,/raid/spring2026/fwu44/research/fault2assertion/faults/cv32e40p/branchfault/BF0206_SA1/results/crc32/screen_seed20260729_mc2000000/xrun.log,False,True,True
413,BF0207_SA0,BF0207_SA1,0,BL00207,BS017342,cv32e40p_register_file_ADDR_WIDTH6_DATA_WIDTH32_FPU0_ZFINX0|g66723|A2,id_control_regfile,\mem[21] [2],sequential_output,2,2,g66723,AOI22_X1,A2,combinational_input,id_control_regfile|sequential_output|2,NOT_RUN,PENDING,,/raid/spring2026/fwu44/research/fault2assertion/faults/cv32e40p/branchfault/BF0207_SA0/results/crc32/screen_seed20260729_mc2000000,/raid/spring2026/fwu44/research/fault2assertion/faults/cv32e40p/branchfault/BF0207_SA0/results/crc32/screen_seed20260729_mc2000000/xrun.log,False,True,True
414,BF0207_SA1,BF0207_SA0,1,BL00207,BS017342,cv32e40p_register_file_ADDR_WIDTH6_DATA_WIDTH32_FPU0_ZFINX0|g66723|A2,id_control_regfile,\mem[21] [2],sequential_output,2,2,g66723,AOI22_X1,A2,combinational_input,id_control_regfile|sequential_output|2,NOT_RUN,PENDING,,/raid/spring2026/fwu44/research/fault2assertion/faults/cv32e40p/branchfault/BF0207_SA1/results/crc32/screen_seed20260729_mc2000000,/raid/spring2026/fwu44/research/fault2assertion/faults/cv32e40p/branchfault/BF0207_SA1/results/crc32/screen_seed20260729_mc2000000/xrun.log,False,True,True
415,BF0208_SA0,BF0208_SA1,0,BL00208,BS017387,cv32e40p_register_file_ADDR_WIDTH6_DATA_WIDTH32_FPU0_ZFINX0|g3768|B2,id_control_regfile,\mem[22] [20],sequential_output,2,2,g3768,AOI22_X1,B2,combinational_input,id_control_regfile|sequential_output|2,NOT_RUN,PENDING,,/raid/spring2026/fwu44/research/fault2assertion/faults/cv32e40p/branchfault/BF0208_SA0/results/crc32/screen_seed20260729_mc2000000,/raid/spring2026/fwu44/research/fault2assertion/faults/cv32e40p/branchfault/BF0208_SA0/results/crc32/screen_seed20260729_mc2000000/xrun.log,False,True,True
416,BF0208_SA1,BF0208_SA0,1,BL00208,BS017387,cv32e40p_register_file_ADDR_WIDTH6_DATA_WIDTH32_FPU0_ZFINX0|g3768|B2,id_control_regfile,\mem[22] [20],sequential_output,2,2,g3768,AOI22_X1,B2,combinational_input,id_control_regfile|sequential_output|2,NOT_RUN,PENDING,,/raid/spring2026/fwu44/research/fault2assertion/faults/cv32e40p/branchfault/BF0208_SA1/results/crc32/screen_seed20260729_mc2000000,/raid/spring2026/fwu44/research/fault2assertion/faults/cv32e40p/branchfault/BF0208_SA1/results/crc32/screen_seed20260729_mc2000000/xrun.log,False,True,True
417,BF0209_SA0,BF0209_SA1,0,BL00209,BS017409,cv32e40p_register_file_ADDR_WIDTH6_DATA_WIDTH32_FPU0_ZFINX0|g3627|B2,id_control_regfile,\mem[22] [28],sequential_output,3,3_4,g3627,AOI22_X1,B2,combinational_input,id_control_regfile|sequential_output|3_4,NOT_RUN,PENDING,,/raid/spring2026/fwu44/research/fault2assertion/faults/cv32e40p/branchfault/BF0209_SA0/results/crc32/screen_seed20260729_mc2000000,/raid/spring2026/fwu44/research/fault2assertion/faults/cv32e40p/branchfault/BF0209_SA0/results/crc32/screen_seed20260729_mc2000000/xrun.log,False,True,True
418,BF0209_SA1,BF0209_SA0,1,BL00209,BS017409,cv32e40p_register_file_ADDR_WIDTH6_DATA_WIDTH32_FPU0_ZFINX0|g3627|B2,id_control_regfile,\mem[22] [28],sequential_output,3,3_4,g3627,AOI22_X1,B2,combinational_input,id_control_regfile|sequential_output|3_4,NOT_RUN,PENDING,,/raid/spring2026/fwu44/research/fault2assertion/faults/cv32e40p/branchfault/BF0209_SA1/results/crc32/screen_seed20260729_mc2000000,/raid/spring2026/fwu44/research/fault2assertion/faults/cv32e40p/branchfault/BF0209_SA1/results/crc32/screen_seed20260729_mc2000000/xrun.log,False,True,True
419,BF0210_SA0,BF0210_SA1,0,BL00210,BS017453,cv32e40p_register_file_ADDR_WIDTH6_DATA_WIDTH32_FPU0_ZFINX0|g3835|A2,id_control_regfile,\mem[23] [17],sequential_output,2,2,g3835,AOI22_X1,A2,combinational_input,id_control_regfile|sequential_output|2,NOT_RUN,PENDING,,/raid/spring2026/fwu44/research/fault2assertion/faults/cv32e40p/branchfault/BF0210_SA0/results/crc32/screen_seed20260729_mc2000000,/raid/spring2026/fwu44/research/fault2assertion/faults/cv32e40p/branchfault/BF0210_SA0/results/crc32/screen_seed20260729_mc2000000/xrun.log,False,True,True
420,BF0210_SA1,BF0210_SA0,1,BL00210,BS017453,cv32e40p_register_file_ADDR_WIDTH6_DATA_WIDTH32_FPU0_ZFINX0|g3835|A2,id_control_regfile,\mem[23] [17],sequential_output,2,2,g3835,AOI22_X1,A2,combinational_input,id_control_regfile|sequential_output|2,NOT_RUN,PENDING,,/raid/spring2026/fwu44/research/fault2assertion/faults/cv32e40p/branchfault/BF0210_SA1/results/crc32/screen_seed20260729_mc2000000,/raid/spring2026/fwu44/research/fault2assertion/faults/cv32e40p/branchfault/BF0210_SA1/results/crc32/screen_seed20260729_mc2000000/xrun.log,False,True,True
421,BF0211_SA0,BF0211_SA1,0,BL00211,BS017706,cv32e40p_register_file_ADDR_WIDTH6_DATA_WIDTH32_FPU0_ZFINX0|g65339|A2,id_control_regfile,\mem[26] [28],sequential_output,3,3_4,g65339,AOI22_X1,A2,combinational_input,id_control_regfile|sequential_output|3_4,NOT_RUN,PENDING,,/raid/spring2026/fwu44/research/fault2assertion/faults/cv32e40p/branchfault/BF0211_SA0/results/crc32/screen_seed20260729_mc2000000,/raid/spring2026/fwu44/research/fault2assertion/faults/cv32e40p/branchfault/BF0211_SA0/results/crc32/screen_seed20260729_mc2000000/xrun.log,False,True,True
422,BF0211_SA1,BF0211_SA0,1,BL00211,BS017706,cv32e40p_register_file_ADDR_WIDTH6_DATA_WIDTH32_FPU0_ZFINX0|g65339|A2,id_control_regfile,\mem[26] [28],sequential_output,3,3_4,g65339,AOI22_X1,A2,combinational_input,id_control_regfile|sequential_output|3_4,NOT_RUN,PENDING,,/raid/spring2026/fwu44/research/fault2assertion/faults/cv32e40p/branchfault/BF0211_SA1/results/crc32/screen_seed20260729_mc2000000,/raid/spring2026/fwu44/research/fault2assertion/faults/cv32e40p/branchfault/BF0211_SA1/results/crc32/screen_seed20260729_mc2000000/xrun.log,False,True,True
423,BF0212_SA0,BF0212_SA1,0,BL00212,BS018023,cv32e40p_register_file_ADDR_WIDTH6_DATA_WIDTH32_FPU0_ZFINX0|g66636|A2,id_control_regfile,\mem[2] [6],sequential_output,2,2,g66636,AOI222_X1,A2,combinational_input,id_control_regfile|sequential_output|2,NOT_RUN,PENDING,,/raid/spring2026/fwu44/research/fault2assertion/faults/cv32e40p/branchfault/BF0212_SA0/results/crc32/screen_seed20260729_mc2000000,/raid/spring2026/fwu44/research/fault2assertion/faults/cv32e40p/branchfault/BF0212_SA0/results/crc32/screen_seed20260729_mc2000000/xrun.log,False,True,True
424,BF0212_SA1,BF0212_SA0,1,BL00212,BS018023,cv32e40p_register_file_ADDR_WIDTH6_DATA_WIDTH32_FPU0_ZFINX0|g66636|A2,id_control_regfile,\mem[2] [6],sequential_output,2,2,g66636,AOI222_X1,A2,combinational_input,id_control_regfile|sequential_output|2,NOT_RUN,PENDING,,/raid/spring2026/fwu44/research/fault2assertion/faults/cv32e40p/branchfault/BF0212_SA1/results/crc32/screen_seed20260729_mc2000000,/raid/spring2026/fwu44/research/fault2assertion/faults/cv32e40p/branchfault/BF0212_SA1/results/crc32/screen_seed20260729_mc2000000/xrun.log,False,True,True
425,BF0213_SA0,BF0213_SA1,0,BL00213,BS018028,cv32e40p_register_file_ADDR_WIDTH6_DATA_WIDTH32_FPU0_ZFINX0|g3570|B2,id_control_regfile,\mem[2] [9],sequential_output,2,2,g3570,AOI222_X1,B2,combinational_input,id_control_regfile|sequential_output|2,NOT_RUN,PENDING,,/raid/spring2026/fwu44/research/fault2assertion/faults/cv32e40p/branchfault/BF0213_SA0/results/crc32/screen_seed20260729_mc2000000,/raid/spring2026/fwu44/research/fault2assertion/faults/cv32e40p/branchfault/BF0213_SA0/results/crc32/screen_seed20260729_mc2000000/xrun.log,False,True,True
426,BF0213_SA1,BF0213_SA0,1,BL00213,BS018028,cv32e40p_register_file_ADDR_WIDTH6_DATA_WIDTH32_FPU0_ZFINX0|g3570|B2,id_control_regfile,\mem[2] [9],sequential_output,2,2,g3570,AOI222_X1,B2,combinational_input,id_control_regfile|sequential_output|2,NOT_RUN,PENDING,,/raid/spring2026/fwu44/research/fault2assertion/faults/cv32e40p/branchfault/BF0213_SA1/results/crc32/screen_seed20260729_mc2000000,/raid/spring2026/fwu44/research/fault2assertion/faults/cv32e40p/branchfault/BF0213_SA1/results/crc32/screen_seed20260729_mc2000000/xrun.log,False,True,True
427,BF0214_SA0,BF0214_SA1,0,BL00214,BS018084,cv32e40p_register_file_ADDR_WIDTH6_DATA_WIDTH32_FPU0_ZFINX0|g3622|B2,id_control_regfile,\mem[30] [30],sequential_output,3,3_4,g3622,AOI22_X1,B2,combinational_input,id_control_regfile|sequential_output|3_4,NOT_RUN,PENDING,,/raid/spring2026/fwu44/research/fault2assertion/faults/cv32e40p/branchfault/BF0214_SA0/results/crc32/screen_seed20260729_mc2000000,/raid/spring2026/fwu44/research/fault2assertion/faults/cv32e40p/branchfault/BF0214_SA0/results/crc32/screen_seed20260729_mc2000000/xrun.log,False,True,True
428,BF0214_SA1,BF0214_SA0,1,BL00214,BS018084,cv32e40p_register_file_ADDR_WIDTH6_DATA_WIDTH32_FPU0_ZFINX0|g3622|B2,id_control_regfile,\mem[30] [30],sequential_output,3,3_4,g3622,AOI22_X1,B2,combinational_input,id_control_regfile|sequential_output|3_4,NOT_RUN,PENDING,,/raid/spring2026/fwu44/research/fault2assertion/faults/cv32e40p/branchfault/BF0214_SA1/results/crc32/screen_seed20260729_mc2000000,/raid/spring2026/fwu44/research/fault2assertion/faults/cv32e40p/branchfault/BF0214_SA1/results/crc32/screen_seed20260729_mc2000000/xrun.log,False,True,True
429,BF0215_SA0,BF0215_SA1,0,BL00215,BS018348,cv32e40p_register_file_ADDR_WIDTH6_DATA_WIDTH32_FPU0_ZFINX0|g67027|A2,id_control_regfile,\mem[5] [19],sequential_output,2,2,g67027,AOI22_X1,A2,combinational_input,id_control_regfile|sequential_output|2,NOT_RUN,PENDING,,/raid/spring2026/fwu44/research/fault2assertion/faults/cv32e40p/branchfault/BF0215_SA0/results/crc32/screen_seed20260729_mc2000000,/raid/spring2026/fwu44/research/fault2assertion/faults/cv32e40p/branchfault/BF0215_SA0/results/crc32/screen_seed20260729_mc2000000/xrun.log,False,True,True
430,BF0215_SA1,BF0215_SA0,1,BL00215,BS018348,cv32e40p_register_file_ADDR_WIDTH6_DATA_WIDTH32_FPU0_ZFINX0|g67027|A2,id_control_regfile,\mem[5] [19],sequential_output,2,2,g67027,AOI22_X1,A2,combinational_input,id_control_regfile|sequential_output|2,NOT_RUN,PENDING,,/raid/spring2026/fwu44/research/fault2assertion/faults/cv32e40p/branchfault/BF0215_SA1/results/crc32/screen_seed20260729_mc2000000,/raid/spring2026/fwu44/research/fault2assertion/faults/cv32e40p/branchfault/BF0215_SA1/results/crc32/screen_seed20260729_mc2000000/xrun.log,False,True,True
431,BF0216_SA0,BF0216_SA1,0,BL00216,BS018392,cv32e40p_register_file_ADDR_WIDTH6_DATA_WIDTH32_FPU0_ZFINX0|g67032|A2,id_control_regfile,\mem[5] [5],sequential_output,2,2,g67032,AOI22_X1,A2,combinational_input,id_control_regfile|sequential_output|2,NOT_RUN,PENDING,,/raid/spring2026/fwu44/research/fault2assertion/faults/cv32e40p/branchfault/BF0216_SA0/results/crc32/screen_seed20260729_mc2000000,/raid/spring2026/fwu44/research/fault2assertion/faults/cv32e40p/branchfault/BF0216_SA0/results/crc32/screen_seed20260729_mc2000000/xrun.log,False,True,True
432,BF0216_SA1,BF0216_SA0,1,BL00216,BS018392,cv32e40p_register_file_ADDR_WIDTH6_DATA_WIDTH32_FPU0_ZFINX0|g67032|A2,id_control_regfile,\mem[5] [5],sequential_output,2,2,g67032,AOI22_X1,A2,combinational_input,id_control_regfile|sequential_output|2,NOT_RUN,PENDING,,/raid/spring2026/fwu44/research/fault2assertion/faults/cv32e40p/branchfault/BF0216_SA1/results/crc32/screen_seed20260729_mc2000000,/raid/spring2026/fwu44/research/fault2assertion/faults/cv32e40p/branchfault/BF0216_SA1/results/crc32/screen_seed20260729_mc2000000/xrun.log,False,True,True
433,BF0217_SA0,BF0217_SA1,0,BL00217,BS018576,cv32e40p_register_file_ADDR_WIDTH6_DATA_WIDTH32_FPU0_ZFINX0|g67109|B2,id_control_regfile,\mem[8] [21],sequential_output,2,2,g67109,AOI22_X1,B2,combinational_input,id_control_regfile|sequential_output|2,NOT_RUN,PENDING,,/raid/spring2026/fwu44/research/fault2assertion/faults/cv32e40p/branchfault/BF0217_SA0/results/crc32/screen_seed20260729_mc2000000,/raid/spring2026/fwu44/research/fault2assertion/faults/cv32e40p/branchfault/BF0217_SA0/results/crc32/screen_seed20260729_mc2000000/xrun.log,False,True,True
434,BF0217_SA1,BF0217_SA0,1,BL00217,BS018576,cv32e40p_register_file_ADDR_WIDTH6_DATA_WIDTH32_FPU0_ZFINX0|g67109|B2,id_control_regfile,\mem[8] [21],sequential_output,2,2,g67109,AOI22_X1,B2,combinational_input,id_control_regfile|sequential_output|2,NOT_RUN,PENDING,,/raid/spring2026/fwu44/research/fault2assertion/faults/cv32e40p/branchfault/BF0217_SA1/results/crc32/screen_seed20260729_mc2000000,/raid/spring2026/fwu44/research/fault2assertion/faults/cv32e40p/branchfault/BF0217_SA1/results/crc32/screen_seed20260729_mc2000000/xrun.log,False,True,True
435,BF0218_SA0,BF0218_SA1,0,BL00218,BS018739,cv32e40p_register_file_ADDR_WIDTH6_DATA_WIDTH32_FPU0_ZFINX0|g64657|A1,id_control_regfile,n_10,combinational_output,31,gt_8,g64657,OAI222_X1,A1,combinational_input,id_control_regfile|combinational_output|gt_8,NOT_RUN,PENDING,,/raid/spring2026/fwu44/research/fault2assertion/faults/cv32e40p/branchfault/BF0218_SA0/results/crc32/screen_seed20260729_mc2000000,/raid/spring2026/fwu44/research/fault2assertion/faults/cv32e40p/branchfault/BF0218_SA0/results/crc32/screen_seed20260729_mc2000000/xrun.log,False,True,True
436,BF0218_SA1,BF0218_SA0,1,BL00218,BS018739,cv32e40p_register_file_ADDR_WIDTH6_DATA_WIDTH32_FPU0_ZFINX0|g64657|A1,id_control_regfile,n_10,combinational_output,31,gt_8,g64657,OAI222_X1,A1,combinational_input,id_control_regfile|combinational_output|gt_8,NOT_RUN,PENDING,,/raid/spring2026/fwu44/research/fault2assertion/faults/cv32e40p/branchfault/BF0218_SA1/results/crc32/screen_seed20260729_mc2000000,/raid/spring2026/fwu44/research/fault2assertion/faults/cv32e40p/branchfault/BF0218_SA1/results/crc32/screen_seed20260729_mc2000000/xrun.log,False,True,True
437,BF0219_SA0,BF0219_SA1,0,BL00219,BS018771,cv32e40p_register_file_ADDR_WIDTH6_DATA_WIDTH32_FPU0_ZFINX0|g65551|A1,id_control_regfile,n_109,combinational_output,7,5_8,g65551,NAND2_X1,A1,combinational_input,id_control_regfile|combinational_output|5_8,NOT_RUN,PENDING,,/raid/spring2026/fwu44/research/fault2assertion/faults/cv32e40p/branchfault/BF0219_SA0/results/crc32/screen_seed20260729_mc2000000,/raid/spring2026/fwu44/research/fault2assertion/faults/cv32e40p/branchfault/BF0219_SA0/results/crc32/screen_seed20260729_mc2000000/xrun.log,False,True,True
438,BF0219_SA1,BF0219_SA0,1,BL00219,BS018771,cv32e40p_register_file_ADDR_WIDTH6_DATA_WIDTH32_FPU0_ZFINX0|g65551|A1,id_control_regfile,n_109,combinational_output,7,5_8,g65551,NAND2_X1,A1,combinational_input,id_control_regfile|combinational_output|5_8,NOT_RUN,PENDING,,/raid/spring2026/fwu44/research/fault2assertion/faults/cv32e40p/branchfault/BF0219_SA1/results/crc32/screen_seed20260729_mc2000000,/raid/spring2026/fwu44/research/fault2assertion/faults/cv32e40p/branchfault/BF0219_SA1/results/crc32/screen_seed20260729_mc2000000/xrun.log,False,True,True
439,BF0220_SA0,BF0220_SA1,0,BL00220,BS018990,cv32e40p_register_file_ADDR_WIDTH6_DATA_WIDTH32_FPU0_ZFINX0|g65180|B2,id_control_regfile,n_129,combinational_output,11,gt_8,g65180,AOI22_X1,B2,combinational_input,id_control_regfile|combinational_output|gt_8,NOT_RUN,PENDING,,/raid/spring2026/fwu44/research/fault2assertion/faults/cv32e40p/branchfault/BF0220_SA0/results/crc32/screen_seed20260729_mc2000000,/raid/spring2026/fwu44/research/fault2assertion/faults/cv32e40p/branchfault/BF0220_SA0/results/crc32/screen_seed20260729_mc2000000/xrun.log,False,True,True
440,BF0220_SA1,BF0220_SA0,1,BL00220,BS018990,cv32e40p_register_file_ADDR_WIDTH6_DATA_WIDTH32_FPU0_ZFINX0|g65180|B2,id_control_regfile,n_129,combinational_output,11,gt_8,g65180,AOI22_X1,B2,combinational_input,id_control_regfile|combinational_output|gt_8,NOT_RUN,PENDING,,/raid/spring2026/fwu44/research/fault2assertion/faults/cv32e40p/branchfault/BF0220_SA1/results/crc32/screen_seed20260729_mc2000000,/raid/spring2026/fwu44/research/fault2assertion/faults/cv32e40p/branchfault/BF0220_SA1/results/crc32/screen_seed20260729_mc2000000/xrun.log,False,True,True
441,BF0221_SA0,BF0221_SA1,0,BL00221,BS019058,cv32e40p_register_file_ADDR_WIDTH6_DATA_WIDTH32_FPU0_ZFINX0|g65125|C2,id_control_regfile,n_132,combinational_output,24,gt_8,g65125,OAI222_X1,C2,combinational_input,id_control_regfile|combinational_output|gt_8,NOT_RUN,PENDING,,/raid/spring2026/fwu44/research/fault2assertion/faults/cv32e40p/branchfault/BF0221_SA0/results/crc32/screen_seed20260729_mc2000000,/raid/spring2026/fwu44/research/fault2assertion/faults/cv32e40p/branchfault/BF0221_SA0/results/crc32/screen_seed20260729_mc2000000/xrun.log,False,True,True
442,BF0221_SA1,BF0221_SA0,1,BL00221,BS019058,cv32e40p_register_file_ADDR_WIDTH6_DATA_WIDTH32_FPU0_ZFINX0|g65125|C2,id_control_regfile,n_132,combinational_output,24,gt_8,g65125,OAI222_X1,C2,combinational_input,id_control_regfile|combinational_output|gt_8,NOT_RUN,PENDING,,/raid/spring2026/fwu44/research/fault2assertion/faults/cv32e40p/branchfault/BF0221_SA1/results/crc32/screen_seed20260729_mc2000000,/raid/spring2026/fwu44/research/fault2assertion/faults/cv32e40p/branchfault/BF0221_SA1/results/crc32/screen_seed20260729_mc2000000/xrun.log,False,True,True
443,BF0222_SA0,BF0222_SA1,0,BL00222,BS019125,cv32e40p_register_file_ADDR_WIDTH6_DATA_WIDTH32_FPU0_ZFINX0|g64604|B1,id_control_regfile,n_14,combinational_output,31,gt_8,g64604,OAI21_X1,B1,combinational_input,id_control_regfile|combinational_output|gt_8,NOT_RUN,PENDING,,/raid/spring2026/fwu44/research/fault2assertion/faults/cv32e40p/branchfault/BF0222_SA0/results/crc32/screen_seed20260729_mc2000000,/raid/spring2026/fwu44/research/fault2assertion/faults/cv32e40p/branchfault/BF0222_SA0/results/crc32/screen_seed20260729_mc2000000/xrun.log,False,True,True
444,BF0222_SA1,BF0222_SA0,1,BL00222,BS019125,cv32e40p_register_file_ADDR_WIDTH6_DATA_WIDTH32_FPU0_ZFINX0|g64604|B1,id_control_regfile,n_14,combinational_output,31,gt_8,g64604,OAI21_X1,B1,combinational_input,id_control_regfile|combinational_output|gt_8,NOT_RUN,PENDING,,/raid/spring2026/fwu44/research/fault2assertion/faults/cv32e40p/branchfault/BF0222_SA1/results/crc32/screen_seed20260729_mc2000000,/raid/spring2026/fwu44/research/fault2assertion/faults/cv32e40p/branchfault/BF0222_SA1/results/crc32/screen_seed20260729_mc2000000/xrun.log,False,True,True
445,BF0223_SA0,BF0223_SA1,0,BL00223,BS019177,cv32e40p_register_file_ADDR_WIDTH6_DATA_WIDTH32_FPU0_ZFINX0|g64588|C2,id_control_regfile,n_143,combinational_output,24,gt_8,g64588,OAI222_X1,C2,combinational_input,id_control_regfile|combinational_output|gt_8,NOT_RUN,PENDING,,/raid/spring2026/fwu44/research/fault2assertion/faults/cv32e40p/branchfault/BF0223_SA0/results/crc32/screen_seed20260729_mc2000000,/raid/spring2026/fwu44/research/fault2assertion/faults/cv32e40p/branchfault/BF0223_SA0/results/crc32/screen_seed20260729_mc2000000/xrun.log,False,True,True
446,BF0223_SA1,BF0223_SA0,1,BL00223,BS019177,cv32e40p_register_file_ADDR_WIDTH6_DATA_WIDTH32_FPU0_ZFINX0|g64588|C2,id_control_regfile,n_143,combinational_output,24,gt_8,g64588,OAI222_X1,C2,combinational_input,id_control_regfile|combinational_output|gt_8,NOT_RUN,PENDING,,/raid/spring2026/fwu44/research/fault2assertion/faults/cv32e40p/branchfault/BF0223_SA1/results/crc32/screen_seed20260729_mc2000000,/raid/spring2026/fwu44/research/fault2assertion/faults/cv32e40p/branchfault/BF0223_SA1/results/crc32/screen_seed20260729_mc2000000/xrun.log,False,True,True
447,BF0224_SA0,BF0224_SA1,0,BL00224,BS019230,cv32e40p_register_file_ADDR_WIDTH6_DATA_WIDTH32_FPU0_ZFINX0|g65266|B2,id_control_regfile,n_149,combinational_output,11,gt_8,g65266,AOI22_X1,B2,combinational_input,id_control_regfile|combinational_output|gt_8,NOT_RUN,PENDING,,/raid/spring2026/fwu44/research/fault2assertion/faults/cv32e40p/branchfault/BF0224_SA0/results/crc32/screen_seed20260729_mc2000000,/raid/spring2026/fwu44/research/fault2assertion/faults/cv32e40p/branchfault/BF0224_SA0/results/crc32/screen_seed20260729_mc2000000/xrun.log,False,True,True
448,BF0224_SA1,BF0224_SA0,1,BL00224,BS019230,cv32e40p_register_file_ADDR_WIDTH6_DATA_WIDTH32_FPU0_ZFINX0|g65266|B2,id_control_regfile,n_149,combinational_output,11,gt_8,g65266,AOI22_X1,B2,combinational_input,id_control_regfile|combinational_output|gt_8,NOT_RUN,PENDING,,/raid/spring2026/fwu44/research/fault2assertion/faults/cv32e40p/branchfault/BF0224_SA1/results/crc32/screen_seed20260729_mc2000000,/raid/spring2026/fwu44/research/fault2assertion/faults/cv32e40p/branchfault/BF0224_SA1/results/crc32/screen_seed20260729_mc2000000/xrun.log,False,True,True
449,BF0225_SA0,BF0225_SA1,0,BL00225,BS019310,cv32e40p_register_file_ADDR_WIDTH6_DATA_WIDTH32_FPU0_ZFINX0|g64481|C2,id_control_regfile,n_154,combinational_output,24,gt_8,g64481,OAI222_X1,C2,combinational_input,id_control_regfile|combinational_output|gt_8,NOT_RUN,PENDING,,/raid/spring2026/fwu44/research/fault2assertion/faults/cv32e40p/branchfault/BF0225_SA0/results/crc32/screen_seed20260729_mc2000000,/raid/spring2026/fwu44/research/fault2assertion/faults/cv32e40p/branchfault/BF0225_SA0/results/crc32/screen_seed20260729_mc2000000/xrun.log,False,True,True
450,BF0225_SA1,BF0225_SA0,1,BL00225,BS019310,cv32e40p_register_file_ADDR_WIDTH6_DATA_WIDTH32_FPU0_ZFINX0|g64481|C2,id_control_regfile,n_154,combinational_output,24,gt_8,g64481,OAI222_X1,C2,combinational_input,id_control_regfile|combinational_output|gt_8,NOT_RUN,PENDING,,/raid/spring2026/fwu44/research/fault2assertion/faults/cv32e40p/branchfault/BF0225_SA1/results/crc32/screen_seed20260729_mc2000000,/raid/spring2026/fwu44/research/fault2assertion/faults/cv32e40p/branchfault/BF0225_SA1/results/crc32/screen_seed20260729_mc2000000/xrun.log,False,True,True
451,BF0226_SA0,BF0226_SA1,0,BL00226,BS019316,cv32e40p_register_file_ADDR_WIDTH6_DATA_WIDTH32_FPU0_ZFINX0|g64646|C2,id_control_regfile,n_154,combinational_output,24,gt_8,g64646,OAI222_X1,C2,combinational_input,id_control_regfile|combinational_output|gt_8,NOT_RUN,PENDING,,/raid/spring2026/fwu44/research/fault2assertion/faults/cv32e40p/branchfault/BF0226_SA0/results/crc32/screen_seed20260729_mc2000000,/raid/spring2026/fwu44/research/fault2assertion/faults/cv32e40p/branchfault/BF0226_SA0/results/crc32/screen_seed20260729_mc2000000/xrun.log,False,True,True
452,BF0226_SA1,BF0226_SA0,1,BL00226,BS019316,cv32e40p_register_file_ADDR_WIDTH6_DATA_WIDTH32_FPU0_ZFINX0|g64646|C2,id_control_regfile,n_154,combinational_output,24,gt_8,g64646,OAI222_X1,C2,combinational_input,id_control_regfile|combinational_output|gt_8,NOT_RUN,PENDING,,/raid/spring2026/fwu44/research/fault2assertion/faults/cv32e40p/branchfault/BF0226_SA1/results/crc32/screen_seed20260729_mc2000000,/raid/spring2026/fwu44/research/fault2assertion/faults/cv32e40p/branchfault/BF0226_SA1/results/crc32/screen_seed20260729_mc2000000/xrun.log,False,True,True
453,BF0227_SA0,BF0227_SA1,0,BL00227,BS019356,cv32e40p_register_file_ADDR_WIDTH6_DATA_WIDTH32_FPU0_ZFINX0|g65514|A2,id_control_regfile,n_157,combinational_output,12,gt_8,g65514,OR2_X2,A2,combinational_input,id_control_regfile|combinational_output|gt_8,NOT_RUN,PENDING,,/raid/spring2026/fwu44/research/fault2assertion/faults/cv32e40p/branchfault/BF0227_SA0/results/crc32/screen_seed20260729_mc2000000,/raid/spring2026/fwu44/research/fault2assertion/faults/cv32e40p/branchfault/BF0227_SA0/results/crc32/screen_seed20260729_mc2000000/xrun.log,False,True,True
454,BF0227_SA1,BF0227_SA0,1,BL00227,BS019356,cv32e40p_register_file_ADDR_WIDTH6_DATA_WIDTH32_FPU0_ZFINX0|g65514|A2,id_control_regfile,n_157,combinational_output,12,gt_8,g65514,OR2_X2,A2,combinational_input,id_control_regfile|combinational_output|gt_8,NOT_RUN,PENDING,,/raid/spring2026/fwu44/research/fault2assertion/faults/cv32e40p/branchfault/BF0227_SA1/results/crc32/screen_seed20260729_mc2000000,/raid/spring2026/fwu44/research/fault2assertion/faults/cv32e40p/branchfault/BF0227_SA1/results/crc32/screen_seed20260729_mc2000000/xrun.log,False,True,True
455,BF0228_SA0,BF0228_SA1,0,BL00228,BS019456,cv32e40p_register_file_ADDR_WIDTH6_DATA_WIDTH32_FPU0_ZFINX0|g65316|B2,id_control_regfile,n_163,combinational_output,12,gt_8,g65316,AOI22_X1,B2,combinational_input,id_control_regfile|combinational_output|gt_8,NOT_RUN,PENDING,,/raid/spring2026/fwu44/research/fault2assertion/faults/cv32e40p/branchfault/BF0228_SA0/results/crc32/screen_seed20260729_mc2000000,/raid/spring2026/fwu44/research/fault2assertion/faults/cv32e40p/branchfault/BF0228_SA0/results/crc32/screen_seed20260729_mc2000000/xrun.log,False,True,True
456,BF0228_SA1,BF0228_SA0,1,BL00228,BS019456,cv32e40p_register_file_ADDR_WIDTH6_DATA_WIDTH32_FPU0_ZFINX0|g65316|B2,id_control_regfile,n_163,combinational_output,12,gt_8,g65316,AOI22_X1,B2,combinational_input,id_control_regfile|combinational_output|gt_8,NOT_RUN,PENDING,,/raid/spring2026/fwu44/research/fault2assertion/faults/cv32e40p/branchfault/BF0228_SA1/results/crc32/screen_seed20260729_mc2000000,/raid/spring2026/fwu44/research/fault2assertion/faults/cv32e40p/branchfault/BF0228_SA1/results/crc32/screen_seed20260729_mc2000000/xrun.log,False,True,True
457,BF0229_SA0,BF0229_SA1,0,BL00229,BS019962,cv32e40p_register_file_ADDR_WIDTH6_DATA_WIDTH32_FPU0_ZFINX0|g64279|B2,id_control_regfile,n_215,combinational_output,32,gt_8,g64279,OAI21_X1,B2,combinational_input,id_control_regfile|combinational_output|gt_8,NOT_RUN,PENDING,,/raid/spring2026/fwu44/research/fault2assertion/faults/cv32e40p/branchfault/BF0229_SA0/results/crc32/screen_seed20260729_mc2000000,/raid/spring2026/fwu44/research/fault2assertion/faults/cv32e40p/branchfault/BF0229_SA0/results/crc32/screen_seed20260729_mc2000000/xrun.log,False,True,True
458,BF0229_SA1,BF0229_SA0,1,BL00229,BS019962,cv32e40p_register_file_ADDR_WIDTH6_DATA_WIDTH32_FPU0_ZFINX0|g64279|B2,id_control_regfile,n_215,combinational_output,32,gt_8,g64279,OAI21_X1,B2,combinational_input,id_control_regfile|combinational_output|gt_8,NOT_RUN,PENDING,,/raid/spring2026/fwu44/research/fault2assertion/faults/cv32e40p/branchfault/BF0229_SA1/results/crc32/screen_seed20260729_mc2000000,/raid/spring2026/fwu44/research/fault2assertion/faults/cv32e40p/branchfault/BF0229_SA1/results/crc32/screen_seed20260729_mc2000000/xrun.log,False,True,True
459,BF0230_SA0,BF0230_SA1,0,BL00230,BS020052,cv32e40p_register_file_ADDR_WIDTH6_DATA_WIDTH32_FPU0_ZFINX0|g65020|A2,id_control_regfile,n_217,combinational_output,32,gt_8,g65020,OAI222_X1,A2,combinational_input,id_control_regfile|combinational_output|gt_8,NOT_RUN,PENDING,,/raid/spring2026/fwu44/research/fault2assertion/faults/cv32e40p/branchfault/BF0230_SA0/results/crc32/screen_seed20260729_mc2000000,/raid/spring2026/fwu44/research/fault2assertion/faults/cv32e40p/branchfault/BF0230_SA0/results/crc32/screen_seed20260729_mc2000000/xrun.log,False,True,True
460,BF0230_SA1,BF0230_SA0,1,BL00230,BS020052,cv32e40p_register_file_ADDR_WIDTH6_DATA_WIDTH32_FPU0_ZFINX0|g65020|A2,id_control_regfile,n_217,combinational_output,32,gt_8,g65020,OAI222_X1,A2,combinational_input,id_control_regfile|combinational_output|gt_8,NOT_RUN,PENDING,,/raid/spring2026/fwu44/research/fault2assertion/faults/cv32e40p/branchfault/BF0230_SA1/results/crc32/screen_seed20260729_mc2000000,/raid/spring2026/fwu44/research/fault2assertion/faults/cv32e40p/branchfault/BF0230_SA1/results/crc32/screen_seed20260729_mc2000000/xrun.log,False,True,True
461,BF0231_SA0,BF0231_SA1,0,BL00231,BS020204,cv32e40p_register_file_ADDR_WIDTH6_DATA_WIDTH32_FPU0_ZFINX0|g64754|A2,id_control_regfile,n_221,combinational_output,32,gt_8,g64754,OAI222_X1,A2,combinational_input,id_control_regfile|combinational_output|gt_8,NOT_RUN,PENDING,,/raid/spring2026/fwu44/research/fault2assertion/faults/cv32e40p/branchfault/BF0231_SA0/results/crc32/screen_seed20260729_mc2000000,/raid/spring2026/fwu44/research/fault2assertion/faults/cv32e40p/branchfault/BF0231_SA0/results/crc32/screen_seed20260729_mc2000000/xrun.log,False,True,True
462,BF0231_SA1,BF0231_SA0,1,BL00231,BS020204,cv32e40p_register_file_ADDR_WIDTH6_DATA_WIDTH32_FPU0_ZFINX0|g64754|A2,id_control_regfile,n_221,combinational_output,32,gt_8,g64754,OAI222_X1,A2,combinational_input,id_control_regfile|combinational_output|gt_8,NOT_RUN,PENDING,,/raid/spring2026/fwu44/research/fault2assertion/faults/cv32e40p/branchfault/BF0231_SA1/results/crc32/screen_seed20260729_mc2000000,/raid/spring2026/fwu44/research/fault2assertion/faults/cv32e40p/branchfault/BF0231_SA1/results/crc32/screen_seed20260729_mc2000000/xrun.log,False,True,True
463,BF0232_SA0,BF0232_SA1,0,BL00232,BS020534,cv32e40p_register_file_ADDR_WIDTH6_DATA_WIDTH32_FPU0_ZFINX0|g66978|B1,id_control_regfile,n_2293,combinational_output,32,gt_8,g66978,AOI22_X1,B1,combinational_input,id_control_regfile|combinational_output|gt_8,NOT_RUN,PENDING,,/raid/spring2026/fwu44/research/fault2assertion/faults/cv32e40p/branchfault/BF0232_SA0/results/crc32/screen_seed20260729_mc2000000,/raid/spring2026/fwu44/research/fault2assertion/faults/cv32e40p/branchfault/BF0232_SA0/results/crc32/screen_seed20260729_mc2000000/xrun.log,False,True,True
464,BF0232_SA1,BF0232_SA0,1,BL00232,BS020534,cv32e40p_register_file_ADDR_WIDTH6_DATA_WIDTH32_FPU0_ZFINX0|g66978|B1,id_control_regfile,n_2293,combinational_output,32,gt_8,g66978,AOI22_X1,B1,combinational_input,id_control_regfile|combinational_output|gt_8,NOT_RUN,PENDING,,/raid/spring2026/fwu44/research/fault2assertion/faults/cv32e40p/branchfault/BF0232_SA1/results/crc32/screen_seed20260729_mc2000000,/raid/spring2026/fwu44/research/fault2assertion/faults/cv32e40p/branchfault/BF0232_SA1/results/crc32/screen_seed20260729_mc2000000/xrun.log,False,True,True
465,BF0233_SA0,BF0233_SA1,0,BL00233,BS020541,cv32e40p_register_file_ADDR_WIDTH6_DATA_WIDTH32_FPU0_ZFINX0|g66928|A1,id_control_regfile,n_2294,combinational_output,32,gt_8,g66928,AOI22_X1,A1,combinational_input,id_control_regfile|combinational_output|gt_8,NOT_RUN,PENDING,,/raid/spring2026/fwu44/research/fault2assertion/faults/cv32e40p/branchfault/BF0233_SA0/results/crc32/screen_seed20260729_mc2000000,/raid/spring2026/fwu44/research/fault2assertion/faults/cv32e40p/branchfault/BF0233_SA0/results/crc32/screen_seed20260729_mc2000000/xrun.log,False,True,True
466,BF0233_SA1,BF0233_SA0,1,BL00233,BS020541,cv32e40p_register_file_ADDR_WIDTH6_DATA_WIDTH32_FPU0_ZFINX0|g66928|A1,id_control_regfile,n_2294,combinational_output,32,gt_8,g66928,AOI22_X1,A1,combinational_input,id_control_regfile|combinational_output|gt_8,NOT_RUN,PENDING,,/raid/spring2026/fwu44/research/fault2assertion/faults/cv32e40p/branchfault/BF0233_SA1/results/crc32/screen_seed20260729_mc2000000,/raid/spring2026/fwu44/research/fault2assertion/faults/cv32e40p/branchfault/BF0233_SA1/results/crc32/screen_seed20260729_mc2000000/xrun.log,False,True,True
467,BF0234_SA0,BF0234_SA1,0,BL00234,BS020651,cv32e40p_register_file_ADDR_WIDTH6_DATA_WIDTH32_FPU0_ZFINX0|g64290|B1,id_control_regfile,n_23,combinational_output,31,gt_8,g64290,OAI21_X1,B1,combinational_input,id_control_regfile|combinational_output|gt_8,NOT_RUN,PENDING,,/raid/spring2026/fwu44/research/fault2assertion/faults/cv32e40p/branchfault/BF0234_SA0/results/crc32/screen_seed20260729_mc2000000,/raid/spring2026/fwu44/research/fault2assertion/faults/cv32e40p/branchfault/BF0234_SA0/results/crc32/screen_seed20260729_mc2000000/xrun.log,False,True,True
468,BF0234_SA1,BF0234_SA0,1,BL00234,BS020651,cv32e40p_register_file_ADDR_WIDTH6_DATA_WIDTH32_FPU0_ZFINX0|g64290|B1,id_control_regfile,n_23,combinational_output,31,gt_8,g64290,OAI21_X1,B1,combinational_input,id_control_regfile|combinational_output|gt_8,NOT_RUN,PENDING,,/raid/spring2026/fwu44/research/fault2assertion/faults/cv32e40p/branchfault/BF0234_SA1/results/crc32/screen_seed20260729_mc2000000,/raid/spring2026/fwu44/research/fault2assertion/faults/cv32e40p/branchfault/BF0234_SA1/results/crc32/screen_seed20260729_mc2000000/xrun.log,False,True,True
469,BF0235_SA0,BF0235_SA1,0,BL00235,BS020758,cv32e40p_register_file_ADDR_WIDTH6_DATA_WIDTH32_FPU0_ZFINX0|g66980|A1,id_control_regfile,n_2302,combinational_output,32,gt_8,g66980,AOI22_X1,A1,combinational_input,id_control_regfile|combinational_output|gt_8,NOT_RUN,PENDING,,/raid/spring2026/fwu44/research/fault2assertion/faults/cv32e40p/branchfault/BF0235_SA0/results/crc32/screen_seed20260729_mc2000000,/raid/spring2026/fwu44/research/fault2assertion/faults/cv32e40p/branchfault/BF0235_SA0/results/crc32/screen_seed20260729_mc2000000/xrun.log,False,True,True
470,BF0235_SA1,BF0235_SA0,1,BL00235,BS020758,cv32e40p_register_file_ADDR_WIDTH6_DATA_WIDTH32_FPU0_ZFINX0|g66980|A1,id_control_regfile,n_2302,combinational_output,32,gt_8,g66980,AOI22_X1,A1,combinational_input,id_control_regfile|combinational_output|gt_8,NOT_RUN,PENDING,,/raid/spring2026/fwu44/research/fault2assertion/faults/cv32e40p/branchfault/BF0235_SA1/results/crc32/screen_seed20260729_mc2000000,/raid/spring2026/fwu44/research/fault2assertion/faults/cv32e40p/branchfault/BF0235_SA1/results/crc32/screen_seed20260729_mc2000000/xrun.log,False,True,True
471,BF0236_SA0,BF0236_SA1,0,BL00236,BS020765,cv32e40p_register_file_ADDR_WIDTH6_DATA_WIDTH32_FPU0_ZFINX0|g64332|B2,id_control_regfile,n_231,combinational_output,32,gt_8,g64332,OAI21_X1,B2,combinational_input,id_control_regfile|combinational_output|gt_8,NOT_RUN,PENDING,,/raid/spring2026/fwu44/research/fault2assertion/faults/cv32e40p/branchfault/BF0236_SA0/results/crc32/screen_seed20260729_mc2000000,/raid/spring2026/fwu44/research/fault2assertion/faults/cv32e40p/branchfault/BF0236_SA0/results/crc32/screen_seed20260729_mc2000000/xrun.log,False,True,True
472,BF0236_SA1,BF0236_SA0,1,BL00236,BS020765,cv32e40p_register_file_ADDR_WIDTH6_DATA_WIDTH32_FPU0_ZFINX0|g64332|B2,id_control_regfile,n_231,combinational_output,32,gt_8,g64332,OAI21_X1,B2,combinational_input,id_control_regfile|combinational_output|gt_8,NOT_RUN,PENDING,,/raid/spring2026/fwu44/research/fault2assertion/faults/cv32e40p/branchfault/BF0236_SA1/results/crc32/screen_seed20260729_mc2000000,/raid/spring2026/fwu44/research/fault2assertion/faults/cv32e40p/branchfault/BF0236_SA1/results/crc32/screen_seed20260729_mc2000000/xrun.log,False,True,True
473,BF0237_SA0,BF0237_SA1,0,BL00237,BS020778,cv32e40p_register_file_ADDR_WIDTH6_DATA_WIDTH32_FPU0_ZFINX0|g64851|A2,id_control_regfile,n_231,combinational_output,32,gt_8,g64851,OAI222_X1,A2,combinational_input,id_control_regfile|combinational_output|gt_8,NOT_RUN,PENDING,,/raid/spring2026/fwu44/research/fault2assertion/faults/cv32e40p/branchfault/BF0237_SA0/results/crc32/screen_seed20260729_mc2000000,/raid/spring2026/fwu44/research/fault2assertion/faults/cv32e40p/branchfault/BF0237_SA0/results/crc32/screen_seed20260729_mc2000000/xrun.log,False,True,True
474,BF0237_SA1,BF0237_SA0,1,BL00237,BS020778,cv32e40p_register_file_ADDR_WIDTH6_DATA_WIDTH32_FPU0_ZFINX0|g64851|A2,id_control_regfile,n_231,combinational_output,32,gt_8,g64851,OAI222_X1,A2,combinational_input,id_control_regfile|combinational_output|gt_8,NOT_RUN,PENDING,,/raid/spring2026/fwu44/research/fault2assertion/faults/cv32e40p/branchfault/BF0237_SA1/results/crc32/screen_seed20260729_mc2000000,/raid/spring2026/fwu44/research/fault2assertion/faults/cv32e40p/branchfault/BF0237_SA1/results/crc32/screen_seed20260729_mc2000000/xrun.log,False,True,True
475,BF0238_SA0,BF0238_SA1,0,BL00238,BS020785,cv32e40p_register_file_ADDR_WIDTH6_DATA_WIDTH32_FPU0_ZFINX0|g65061|A2,id_control_regfile,n_231,combinational_output,32,gt_8,g65061,OAI222_X1,A2,combinational_input,id_control_regfile|combinational_output|gt_8,NOT_RUN,PENDING,,/raid/spring2026/fwu44/research/fault2assertion/faults/cv32e40p/branchfault/BF0238_SA0/results/crc32/screen_seed20260729_mc2000000,/raid/spring2026/fwu44/research/fault2assertion/faults/cv32e40p/branchfault/BF0238_SA0/results/crc32/screen_seed20260729_mc2000000/xrun.log,False,True,True
476,BF0238_SA1,BF0238_SA0,1,BL00238,BS020785,cv32e40p_register_file_ADDR_WIDTH6_DATA_WIDTH32_FPU0_ZFINX0|g65061|A2,id_control_regfile,n_231,combinational_output,32,gt_8,g65061,OAI222_X1,A2,combinational_input,id_control_regfile|combinational_output|gt_8,NOT_RUN,PENDING,,/raid/spring2026/fwu44/research/fault2assertion/faults/cv32e40p/branchfault/BF0238_SA1/results/crc32/screen_seed20260729_mc2000000,/raid/spring2026/fwu44/research/fault2assertion/faults/cv32e40p/branchfault/BF0238_SA1/results/crc32/screen_seed20260729_mc2000000/xrun.log,False,True,True
477,BF0239_SA0,BF0239_SA1,0,BL00239,BS020931,cv32e40p_register_file_ADDR_WIDTH6_DATA_WIDTH32_FPU0_ZFINX0|g64548|A2,id_control_regfile,n_232,combinational_output,32,gt_8,g64548,OAI222_X1,A2,combinational_input,id_control_regfile|combinational_output|gt_8,NOT_RUN,PENDING,,/raid/spring2026/fwu44/research/fault2assertion/faults/cv32e40p/branchfault/BF0239_SA0/results/crc32/screen_seed20260729_mc2000000,/raid/spring2026/fwu44/research/fault2assertion/faults/cv32e40p/branchfault/BF0239_SA0/results/crc32/screen_seed20260729_mc2000000/xrun.log,False,True,True
478,BF0239_SA1,BF0239_SA0,1,BL00239,BS020931,cv32e40p_register_file_ADDR_WIDTH6_DATA_WIDTH32_FPU0_ZFINX0|g64548|A2,id_control_regfile,n_232,combinational_output,32,gt_8,g64548,OAI222_X1,A2,combinational_input,id_control_regfile|combinational_output|gt_8,NOT_RUN,PENDING,,/raid/spring2026/fwu44/research/fault2assertion/faults/cv32e40p/branchfault/BF0239_SA1/results/crc32/screen_seed20260729_mc2000000,/raid/spring2026/fwu44/research/fault2assertion/faults/cv32e40p/branchfault/BF0239_SA1/results/crc32/screen_seed20260729_mc2000000/xrun.log,False,True,True
479,BF0240_SA0,BF0240_SA1,0,BL00240,BS021004,cv32e40p_register_file_ADDR_WIDTH6_DATA_WIDTH32_FPU0_ZFINX0|g3573|B1,id_control_regfile,n_2321,combinational_output,32,gt_8,g3573,AOI222_X1,B1,combinational_input,id_control_regfile|combinational_output|gt_8,NOT_RUN,PENDING,,/raid/spring2026/fwu44/research/fault2assertion/faults/cv32e40p/branchfault/BF0240_SA0/results/crc32/screen_seed20260729_mc2000000,/raid/spring2026/fwu44/research/fault2assertion/faults/cv32e40p/branchfault/BF0240_SA0/results/crc32/screen_seed20260729_mc2000000/xrun.log,False,True,True
480,BF0240_SA1,BF0240_SA0,1,BL00240,BS021004,cv32e40p_register_file_ADDR_WIDTH6_DATA_WIDTH32_FPU0_ZFINX0|g3573|B1,id_control_regfile,n_2321,combinational_output,32,gt_8,g3573,AOI222_X1,B1,combinational_input,id_control_regfile|combinational_output|gt_8,NOT_RUN,PENDING,,/raid/spring2026/fwu44/research/fault2assertion/faults/cv32e40p/branchfault/BF0240_SA1/results/crc32/screen_seed20260729_mc2000000,/raid/spring2026/fwu44/research/fault2assertion/faults/cv32e40p/branchfault/BF0240_SA1/results/crc32/screen_seed20260729_mc2000000/xrun.log,False,True,True
481,BF0241_SA0,BF0241_SA1,0,BL00241,BS021106,cv32e40p_register_file_ADDR_WIDTH6_DATA_WIDTH32_FPU0_ZFINX0|g3844|A1,id_control_regfile,n_2324,combinational_output,32,gt_8,g3844,AOI22_X1,A1,combinational_input,id_control_regfile|combinational_output|gt_8,NOT_RUN,PENDING,,/raid/spring2026/fwu44/research/fault2assertion/faults/cv32e40p/branchfault/BF0241_SA0/results/crc32/screen_seed20260729_mc2000000,/raid/spring2026/fwu44/research/fault2assertion/faults/cv32e40p/branchfault/BF0241_SA0/results/crc32/screen_seed20260729_mc2000000/xrun.log,False,True,True
482,BF0241_SA1,BF0241_SA0,1,BL00241,BS021106,cv32e40p_register_file_ADDR_WIDTH6_DATA_WIDTH32_FPU0_ZFINX0|g3844|A1,id_control_regfile,n_2324,combinational_output,32,gt_8,g3844,AOI22_X1,A1,combinational_input,id_control_regfile|combinational_output|gt_8,NOT_RUN,PENDING,,/raid/spring2026/fwu44/research/fault2assertion/faults/cv32e40p/branchfault/BF0241_SA1/results/crc32/screen_seed20260729_mc2000000,/raid/spring2026/fwu44/research/fault2assertion/faults/cv32e40p/branchfault/BF0241_SA1/results/crc32/screen_seed20260729_mc2000000/xrun.log,False,True,True
483,BF0242_SA0,BF0242_SA1,0,BL00242,BS021126,cv32e40p_register_file_ADDR_WIDTH6_DATA_WIDTH32_FPU0_ZFINX0|g3771|B1,id_control_regfile,n_2325,combinational_output,32,gt_8,g3771,AOI22_X1,B1,combinational_input,id_control_regfile|combinational_output|gt_8,NOT_RUN,PENDING,,/raid/spring2026/fwu44/research/fault2assertion/faults/cv32e40p/branchfault/BF0242_SA0/results/crc32/screen_seed20260729_mc2000000,/raid/spring2026/fwu44/research/fault2assertion/faults/cv32e40p/branchfault/BF0242_SA0/results/crc32/screen_seed20260729_mc2000000/xrun.log,False,True,True
484,BF0242_SA1,BF0242_SA0,1,BL00242,BS021126,cv32e40p_register_file_ADDR_WIDTH6_DATA_WIDTH32_FPU0_ZFINX0|g3771|B1,id_control_regfile,n_2325,combinational_output,32,gt_8,g3771,AOI22_X1,B1,combinational_input,id_control_regfile|combinational_output|gt_8,NOT_RUN,PENDING,,/raid/spring2026/fwu44/research/fault2assertion/faults/cv32e40p/branchfault/BF0242_SA1/results/crc32/screen_seed20260729_mc2000000,/raid/spring2026/fwu44/research/fault2assertion/faults/cv32e40p/branchfault/BF0242_SA1/results/crc32/screen_seed20260729_mc2000000/xrun.log,False,True,True
485,BF0243_SA0,BF0243_SA1,0,BL00243,BS021193,cv32e40p_register_file_ADDR_WIDTH6_DATA_WIDTH32_FPU0_ZFINX0|g3996|B1,id_control_regfile,n_2327,combinational_output,32,gt_8,g3996,AOI22_X1,B1,combinational_input,id_control_regfile|combinational_output|gt_8,NOT_RUN,PENDING,,/raid/spring2026/fwu44/research/fault2assertion/faults/cv32e40p/branchfault/BF0243_SA0/results/crc32/screen_seed20260729_mc2000000,/raid/spring2026/fwu44/research/fault2assertion/faults/cv32e40p/branchfault/BF0243_SA0/results/crc32/screen_seed20260729_mc2000000/xrun.log,False,True,True
486,BF0243_SA1,BF0243_SA0,1,BL00243,BS021193,cv32e40p_register_file_ADDR_WIDTH6_DATA_WIDTH32_FPU0_ZFINX0|g3996|B1,id_control_regfile,n_2327,combinational_output,32,gt_8,g3996,AOI22_X1,B1,combinational_input,id_control_regfile|combinational_output|gt_8,NOT_RUN,PENDING,,/raid/spring2026/fwu44/research/fault2assertion/faults/cv32e40p/branchfault/BF0243_SA1/results/crc32/screen_seed20260729_mc2000000,/raid/spring2026/fwu44/research/fault2assertion/faults/cv32e40p/branchfault/BF0243_SA1/results/crc32/screen_seed20260729_mc2000000/xrun.log,False,True,True
487,BF0244_SA0,BF0244_SA1,0,BL00244,BS021316,cv32e40p_register_file_ADDR_WIDTH6_DATA_WIDTH32_FPU0_ZFINX0|g3794|A1,id_control_regfile,n_2330,combinational_output,32,gt_8,g3794,AOI22_X1,A1,combinational_input,id_control_regfile|combinational_output|gt_8,NOT_RUN,PENDING,,/raid/spring2026/fwu44/research/fault2assertion/faults/cv32e40p/branchfault/BF0244_SA0/results/crc32/screen_seed20260729_mc2000000,/raid/spring2026/fwu44/research/fault2assertion/faults/cv32e40p/branchfault/BF0244_SA0/results/crc32/screen_seed20260729_mc2000000/xrun.log,False,True,True
488,BF0244_SA1,BF0244_SA0,1,BL00244,BS021316,cv32e40p_register_file_ADDR_WIDTH6_DATA_WIDTH32_FPU0_ZFINX0|g3794|A1,id_control_regfile,n_2330,combinational_output,32,gt_8,g3794,AOI22_X1,A1,combinational_input,id_control_regfile|combinational_output|gt_8,NOT_RUN,PENDING,,/raid/spring2026/fwu44/research/fault2assertion/faults/cv32e40p/branchfault/BF0244_SA1/results/crc32/screen_seed20260729_mc2000000,/raid/spring2026/fwu44/research/fault2assertion/faults/cv32e40p/branchfault/BF0244_SA1/results/crc32/screen_seed20260729_mc2000000/xrun.log,False,True,True
489,BF0245_SA0,BF0245_SA1,0,BL00245,BS021439,cv32e40p_register_file_ADDR_WIDTH6_DATA_WIDTH32_FPU0_ZFINX0|g3691|A1,id_control_regfile,n_2334,combinational_output,32,gt_8,g3691,AOI22_X1,A1,combinational_input,id_control_regfile|combinational_output|gt_8,NOT_RUN,PENDING,,/raid/spring2026/fwu44/research/fault2assertion/faults/cv32e40p/branchfault/BF0245_SA0/results/crc32/screen_seed20260729_mc2000000,/raid/spring2026/fwu44/research/fault2assertion/faults/cv32e40p/branchfault/BF0245_SA0/results/crc32/screen_seed20260729_mc2000000/xrun.log,False,True,True
490,BF0245_SA1,BF0245_SA0,1,BL00245,BS021439,cv32e40p_register_file_ADDR_WIDTH6_DATA_WIDTH32_FPU0_ZFINX0|g3691|A1,id_control_regfile,n_2334,combinational_output,32,gt_8,g3691,AOI22_X1,A1,combinational_input,id_control_regfile|combinational_output|gt_8,NOT_RUN,PENDING,,/raid/spring2026/fwu44/research/fault2assertion/faults/cv32e40p/branchfault/BF0245_SA1/results/crc32/screen_seed20260729_mc2000000,/raid/spring2026/fwu44/research/fault2assertion/faults/cv32e40p/branchfault/BF0245_SA1/results/crc32/screen_seed20260729_mc2000000/xrun.log,False,True,True
491,BF0246_SA0,BF0246_SA1,0,BL00246,BS021652,cv32e40p_register_file_ADDR_WIDTH6_DATA_WIDTH32_FPU0_ZFINX0|g65113|A2,id_control_regfile,n_234,combinational_output,32,gt_8,g65113,OAI222_X1,A2,combinational_input,id_control_regfile|combinational_output|gt_8,NOT_RUN,PENDING,,/raid/spring2026/fwu44/research/fault2assertion/faults/cv32e40p/branchfault/BF0246_SA0/results/crc32/screen_seed20260729_mc2000000,/raid/spring2026/fwu44/research/fault2assertion/faults/cv32e40p/branchfault/BF0246_SA0/results/crc32/screen_seed20260729_mc2000000/xrun.log,False,True,True
492,BF0246_SA1,BF0246_SA0,1,BL00246,BS021652,cv32e40p_register_file_ADDR_WIDTH6_DATA_WIDTH32_FPU0_ZFINX0|g65113|A2,id_control_regfile,n_234,combinational_output,32,gt_8,g65113,OAI222_X1,A2,combinational_input,id_control_regfile|combinational_output|gt_8,NOT_RUN,PENDING,,/raid/spring2026/fwu44/research/fault2assertion/faults/cv32e40p/branchfault/BF0246_SA1/results/crc32/screen_seed20260729_mc2000000,/raid/spring2026/fwu44/research/fault2assertion/faults/cv32e40p/branchfault/BF0246_SA1/results/crc32/screen_seed20260729_mc2000000/xrun.log,False,True,True
493,BF0247_SA0,BF0247_SA1,0,BL00247,BS021657,cv32e40p_register_file_ADDR_WIDTH6_DATA_WIDTH32_FPU0_ZFINX0|g3606|A1,id_control_regfile,n_2340,combinational_output,32,gt_8,g3606,AOI22_X1,A1,combinational_input,id_control_regfile|combinational_output|gt_8,NOT_RUN,PENDING,,/raid/spring2026/fwu44/research/fault2assertion/faults/cv32e40p/branchfault/BF0247_SA0/results/crc32/screen_seed20260729_mc2000000,/raid/spring2026/fwu44/research/fault2assertion/faults/cv32e40p/branchfault/BF0247_SA0/results/crc32/screen_seed20260729_mc2000000/xrun.log,False,True,True
494,BF0247_SA1,BF0247_SA0,1,BL00247,BS021657,cv32e40p_register_file_ADDR_WIDTH6_DATA_WIDTH32_FPU0_ZFINX0|g3606|A1,id_control_regfile,n_2340,combinational_output,32,gt_8,g3606,AOI22_X1,A1,combinational_input,id_control_regfile|combinational_output|gt_8,NOT_RUN,PENDING,,/raid/spring2026/fwu44/research/fault2assertion/faults/cv32e40p/branchfault/BF0247_SA1/results/crc32/screen_seed20260729_mc2000000,/raid/spring2026/fwu44/research/fault2assertion/faults/cv32e40p/branchfault/BF0247_SA1/results/crc32/screen_seed20260729_mc2000000/xrun.log,False,True,True
495,BF0248_SA0,BF0248_SA1,0,BL00248,BS021769,cv32e40p_register_file_ADDR_WIDTH6_DATA_WIDTH32_FPU0_ZFINX0|g3786|B1,id_control_regfile,n_2343,combinational_output,32,gt_8,g3786,AOI22_X1,B1,combinational_input,id_control_regfile|combinational_output|gt_8,NOT_RUN,PENDING,,/raid/spring2026/fwu44/research/fault2assertion/faults/cv32e40p/branchfault/BF0248_SA0/results/crc32/screen_seed20260729_mc2000000,/raid/spring2026/fwu44/research/fault2assertion/faults/cv32e40p/branchfault/BF0248_SA0/results/crc32/screen_seed20260729_mc2000000/xrun.log,False,True,True
496,BF0248_SA1,BF0248_SA0,1,BL00248,BS021769,cv32e40p_register_file_ADDR_WIDTH6_DATA_WIDTH32_FPU0_ZFINX0|g3786|B1,id_control_regfile,n_2343,combinational_output,32,gt_8,g3786,AOI22_X1,B1,combinational_input,id_control_regfile|combinational_output|gt_8,NOT_RUN,PENDING,,/raid/spring2026/fwu44/research/fault2assertion/faults/cv32e40p/branchfault/BF0248_SA1/results/crc32/screen_seed20260729_mc2000000,/raid/spring2026/fwu44/research/fault2assertion/faults/cv32e40p/branchfault/BF0248_SA1/results/crc32/screen_seed20260729_mc2000000/xrun.log,False,True,True
497,BF0249_SA0,BF0249_SA1,0,BL00249,BS021946,cv32e40p_register_file_ADDR_WIDTH6_DATA_WIDTH32_FPU0_ZFINX0|g3620|B1,id_control_regfile,n_2349,combinational_output,32,gt_8,g3620,AOI22_X1,B1,combinational_input,id_control_regfile|combinational_output|gt_8,NOT_RUN,PENDING,,/raid/spring2026/fwu44/research/fault2assertion/faults/cv32e40p/branchfault/BF0249_SA0/results/crc32/screen_seed20260729_mc2000000,/raid/spring2026/fwu44/research/fault2assertion/faults/cv32e40p/branchfault/BF0249_SA0/results/crc32/screen_seed20260729_mc2000000/xrun.log,False,True,True
498,BF0249_SA1,BF0249_SA0,1,BL00249,BS021946,cv32e40p_register_file_ADDR_WIDTH6_DATA_WIDTH32_FPU0_ZFINX0|g3620|B1,id_control_regfile,n_2349,combinational_output,32,gt_8,g3620,AOI22_X1,B1,combinational_input,id_control_regfile|combinational_output|gt_8,NOT_RUN,PENDING,,/raid/spring2026/fwu44/research/fault2assertion/faults/cv32e40p/branchfault/BF0249_SA1/results/crc32/screen_seed20260729_mc2000000,/raid/spring2026/fwu44/research/fault2assertion/faults/cv32e40p/branchfault/BF0249_SA1/results/crc32/screen_seed20260729_mc2000000/xrun.log,False,True,True
499,BF0250_SA0,BF0250_SA1,0,BL00250,BS022062,cv32e40p_register_file_ADDR_WIDTH6_DATA_WIDTH32_FPU0_ZFINX0|g64778|A2,id_control_regfile,n_236,combinational_output,32,gt_8,g64778,OAI222_X1,A2,combinational_input,id_control_regfile|combinational_output|gt_8,NOT_RUN,PENDING,,/raid/spring2026/fwu44/research/fault2assertion/faults/cv32e40p/branchfault/BF0250_SA0/results/crc32/screen_seed20260729_mc2000000,/raid/spring2026/fwu44/research/fault2assertion/faults/cv32e40p/branchfault/BF0250_SA0/results/crc32/screen_seed20260729_mc2000000/xrun.log,False,True,True
500,BF0250_SA1,BF0250_SA0,1,BL00250,BS022062,cv32e40p_register_file_ADDR_WIDTH6_DATA_WIDTH32_FPU0_ZFINX0|g64778|A2,id_control_regfile,n_236,combinational_output,32,gt_8,g64778,OAI222_X1,A2,combinational_input,id_control_regfile|combinational_output|gt_8,NOT_RUN,PENDING,,/raid/spring2026/fwu44/research/fault2assertion/faults/cv32e40p/branchfault/BF0250_SA1/results/crc32/screen_seed20260729_mc2000000,/raid/spring2026/fwu44/research/fault2assertion/faults/cv32e40p/branchfault/BF0250_SA1/results/crc32/screen_seed20260729_mc2000000/xrun.log,False,True,True
501,BF0251_SA0,BF0251_SA1,0,BL00251,BS022239,cv32e40p_register_file_ADDR_WIDTH6_DATA_WIDTH32_FPU0_ZFINX0|g496|A2,id_control_regfile,n_2434,combinational_output,7,5_8,g496,AND2_X2,A2,combinational_input,id_control_regfile|combinational_output|5_8,NOT_RUN,PENDING,,/raid/spring2026/fwu44/research/fault2assertion/faults/cv32e40p/branchfault/BF0251_SA0/results/crc32/screen_seed20260729_mc2000000,/raid/spring2026/fwu44/research/fault2assertion/faults/cv32e40p/branchfault/BF0251_SA0/results/crc32/screen_seed20260729_mc2000000/xrun.log,False,True,True
502,BF0251_SA1,BF0251_SA0,1,BL00251,BS022239,cv32e40p_register_file_ADDR_WIDTH6_DATA_WIDTH32_FPU0_ZFINX0|g496|A2,id_control_regfile,n_2434,combinational_output,7,5_8,g496,AND2_X2,A2,combinational_input,id_control_regfile|combinational_output|5_8,NOT_RUN,PENDING,,/raid/spring2026/fwu44/research/fault2assertion/faults/cv32e40p/branchfault/BF0251_SA1/results/crc32/screen_seed20260729_mc2000000,/raid/spring2026/fwu44/research/fault2assertion/faults/cv32e40p/branchfault/BF0251_SA1/results/crc32/screen_seed20260729_mc2000000/xrun.log,False,True,True
503,BF0252_SA0,BF0252_SA1,0,BL00252,BS022440,cv32e40p_register_file_ADDR_WIDTH6_DATA_WIDTH32_FPU0_ZFINX0|g64355|B1,id_control_regfile,n_25,combinational_output,31,gt_8,g64355,OAI21_X1,B1,combinational_input,id_control_regfile|combinational_output|gt_8,NOT_RUN,PENDING,,/raid/spring2026/fwu44/research/fault2assertion/faults/cv32e40p/branchfault/BF0252_SA0/results/crc32/screen_seed20260729_mc2000000,/raid/spring2026/fwu44/research/fault2assertion/faults/cv32e40p/branchfault/BF0252_SA0/results/crc32/screen_seed20260729_mc2000000/xrun.log,False,True,True
504,BF0252_SA1,BF0252_SA0,1,BL00252,BS022440,cv32e40p_register_file_ADDR_WIDTH6_DATA_WIDTH32_FPU0_ZFINX0|g64355|B1,id_control_regfile,n_25,combinational_output,31,gt_8,g64355,OAI21_X1,B1,combinational_input,id_control_regfile|combinational_output|gt_8,NOT_RUN,PENDING,,/raid/spring2026/fwu44/research/fault2assertion/faults/cv32e40p/branchfault/BF0252_SA1/results/crc32/screen_seed20260729_mc2000000,/raid/spring2026/fwu44/research/fault2assertion/faults/cv32e40p/branchfault/BF0252_SA1/results/crc32/screen_seed20260729_mc2000000/xrun.log,False,True,True
505,BF0253_SA0,BF0253_SA1,0,BL00253,BS022474,cv32e40p_register_file_ADDR_WIDTH6_DATA_WIDTH32_FPU0_ZFINX0|g65101|B1,id_control_regfile,n_251,combinational_output,23,gt_8,g65101,OAI222_X1,B1,combinational_input,id_control_regfile|combinational_output|gt_8,NOT_RUN,PENDING,,/raid/spring2026/fwu44/research/fault2assertion/faults/cv32e40p/branchfault/BF0253_SA0/results/crc32/screen_seed20260729_mc2000000,/raid/spring2026/fwu44/research/fault2assertion/faults/cv32e40p/branchfault/BF0253_SA0/results/crc32/screen_seed20260729_mc2000000/xrun.log,False,True,True
506,BF0253_SA1,BF0253_SA0,1,BL00253,BS022474,cv32e40p_register_file_ADDR_WIDTH6_DATA_WIDTH32_FPU0_ZFINX0|g65101|B1,id_control_regfile,n_251,combinational_output,23,gt_8,g65101,OAI222_X1,B1,combinational_input,id_control_regfile|combinational_output|gt_8,NOT_RUN,PENDING,,/raid/spring2026/fwu44/research/fault2assertion/faults/cv32e40p/branchfault/BF0253_SA1/results/crc32/screen_seed20260729_mc2000000,/raid/spring2026/fwu44/research/fault2assertion/faults/cv32e40p/branchfault/BF0253_SA1/results/crc32/screen_seed20260729_mc2000000/xrun.log,False,True,True
507,BF0254_SA0,BF0254_SA1,0,BL00254,BS022549,cv32e40p_register_file_ADDR_WIDTH6_DATA_WIDTH32_FPU0_ZFINX0|g65223|A1,id_control_regfile,n_256,combinational_output,10,gt_8,g65223,AOI22_X1,A1,combinational_input,id_control_regfile|combinational_output|gt_8,NOT_RUN,PENDING,,/raid/spring2026/fwu44/research/fault2assertion/faults/cv32e40p/branchfault/BF0254_SA0/results/crc32/screen_seed20260729_mc2000000,/raid/spring2026/fwu44/research/fault2assertion/faults/cv32e40p/branchfault/BF0254_SA0/results/crc32/screen_seed20260729_mc2000000/xrun.log,False,True,True
508,BF0254_SA1,BF0254_SA0,1,BL00254,BS022549,cv32e40p_register_file_ADDR_WIDTH6_DATA_WIDTH32_FPU0_ZFINX0|g65223|A1,id_control_regfile,n_256,combinational_output,10,gt_8,g65223,AOI22_X1,A1,combinational_input,id_control_regfile|combinational_output|gt_8,NOT_RUN,PENDING,,/raid/spring2026/fwu44/research/fault2assertion/faults/cv32e40p/branchfault/BF0254_SA1/results/crc32/screen_seed20260729_mc2000000,/raid/spring2026/fwu44/research/fault2assertion/faults/cv32e40p/branchfault/BF0254_SA1/results/crc32/screen_seed20260729_mc2000000/xrun.log,False,True,True
509,BF0255_SA0,BF0255_SA1,0,BL00255,BS022719,cv32e40p_register_file_ADDR_WIDTH6_DATA_WIDTH32_FPU0_ZFINX0|g64574|B1,id_control_regfile,n_265,combinational_output,23,gt_8,g64574,OAI222_X1,B1,combinational_input,id_control_regfile|combinational_output|gt_8,NOT_RUN,PENDING,,/raid/spring2026/fwu44/research/fault2assertion/faults/cv32e40p/branchfault/BF0255_SA0/results/crc32/screen_seed20260729_mc2000000,/raid/spring2026/fwu44/research/fault2assertion/faults/cv32e40p/branchfault/BF0255_SA0/results/crc32/screen_seed20260729_mc2000000/xrun.log,False,True,True
510,BF0255_SA1,BF0255_SA0,1,BL00255,BS022719,cv32e40p_register_file_ADDR_WIDTH6_DATA_WIDTH32_FPU0_ZFINX0|g64574|B1,id_control_regfile,n_265,combinational_output,23,gt_8,g64574,OAI222_X1,B1,combinational_input,id_control_regfile|combinational_output|gt_8,NOT_RUN,PENDING,,/raid/spring2026/fwu44/research/fault2assertion/faults/cv32e40p/branchfault/BF0255_SA1/results/crc32/screen_seed20260729_mc2000000,/raid/spring2026/fwu44/research/fault2assertion/faults/cv32e40p/branchfault/BF0255_SA1/results/crc32/screen_seed20260729_mc2000000/xrun.log,False,True,True
511,BF0256_SA0,BF0256_SA1,0,BL00256,BS022987,cv32e40p_register_file_ADDR_WIDTH6_DATA_WIDTH32_FPU0_ZFINX0|g64905|A2,id_control_regfile,n_278,combinational_output,32,gt_8,g64905,OAI222_X1,A2,combinational_input,id_control_regfile|combinational_output|gt_8,NOT_RUN,PENDING,,/raid/spring2026/fwu44/research/fault2assertion/faults/cv32e40p/branchfault/BF0256_SA0/results/crc32/screen_seed20260729_mc2000000,/raid/spring2026/fwu44/research/fault2assertion/faults/cv32e40p/branchfault/BF0256_SA0/results/crc32/screen_seed20260729_mc2000000/xrun.log,False,True,True
512,BF0256_SA1,BF0256_SA0,1,BL00256,BS022987,cv32e40p_register_file_ADDR_WIDTH6_DATA_WIDTH32_FPU0_ZFINX0|g64905|A2,id_control_regfile,n_278,combinational_output,32,gt_8,g64905,OAI222_X1,A2,combinational_input,id_control_regfile|combinational_output|gt_8,NOT_RUN,PENDING,,/raid/spring2026/fwu44/research/fault2assertion/faults/cv32e40p/branchfault/BF0256_SA1/results/crc32/screen_seed20260729_mc2000000,/raid/spring2026/fwu44/research/fault2assertion/faults/cv32e40p/branchfault/BF0256_SA1/results/crc32/screen_seed20260729_mc2000000/xrun.log,False,True,True
513,BF0257_SA0,BF0257_SA1,0,BL00257,BS023170,cv32e40p_register_file_ADDR_WIDTH6_DATA_WIDTH32_FPU0_ZFINX0|g65316|A1,id_control_regfile,n_284,combinational_output,11,gt_8,g65316,AOI22_X1,A1,combinational_input,id_control_regfile|combinational_output|gt_8,NOT_RUN,PENDING,,/raid/spring2026/fwu44/research/fault2assertion/faults/cv32e40p/branchfault/BF0257_SA0/results/crc32/screen_seed20260729_mc2000000,/raid/spring2026/fwu44/research/fault2assertion/faults/cv32e40p/branchfault/BF0257_SA0/results/crc32/screen_seed20260729_mc2000000/xrun.log,False,True,True
514,BF0257_SA1,BF0257_SA0,1,BL00257,BS023170,cv32e40p_register_file_ADDR_WIDTH6_DATA_WIDTH32_FPU0_ZFINX0|g65316|A1,id_control_regfile,n_284,combinational_output,11,gt_8,g65316,AOI22_X1,A1,combinational_input,id_control_regfile|combinational_output|gt_8,NOT_RUN,PENDING,,/raid/spring2026/fwu44/research/fault2assertion/faults/cv32e40p/branchfault/BF0257_SA1/results/crc32/screen_seed20260729_mc2000000,/raid/spring2026/fwu44/research/fault2assertion/faults/cv32e40p/branchfault/BF0257_SA1/results/crc32/screen_seed20260729_mc2000000/xrun.log,False,True,True
515,BF0258_SA0,BF0258_SA1,0,BL00258,BS023383,cv32e40p_register_file_ADDR_WIDTH6_DATA_WIDTH32_FPU0_ZFINX0|g65119|B1,id_control_regfile,n_295,combinational_output,23,gt_8,g65119,OAI222_X1,B1,combinational_input,id_control_regfile|combinational_output|gt_8,NOT_RUN,PENDING,,/raid/spring2026/fwu44/research/fault2assertion/faults/cv32e40p/branchfault/BF0258_SA0/results/crc32/screen_seed20260729_mc2000000,/raid/spring2026/fwu44/research/fault2assertion/faults/cv32e40p/branchfault/BF0258_SA0/results/crc32/screen_seed20260729_mc2000000/xrun.log,False,True,True
516,BF0258_SA1,BF0258_SA0,1,BL00258,BS023383,cv32e40p_register_file_ADDR_WIDTH6_DATA_WIDTH32_FPU0_ZFINX0|g65119|B1,id_control_regfile,n_295,combinational_output,23,gt_8,g65119,OAI222_X1,B1,combinational_input,id_control_regfile|combinational_output|gt_8,NOT_RUN,PENDING,,/raid/spring2026/fwu44/research/fault2assertion/faults/cv32e40p/branchfault/BF0258_SA1/results/crc32/screen_seed20260729_mc2000000,/raid/spring2026/fwu44/research/fault2assertion/faults/cv32e40p/branchfault/BF0258_SA1/results/crc32/screen_seed20260729_mc2000000/xrun.log,False,True,True
517,BF0259_SA0,BF0259_SA1,0,BL00259,BS023409,cv32e40p_register_file_ADDR_WIDTH6_DATA_WIDTH32_FPU0_ZFINX0|g64830|B1,id_control_regfile,n_297,combinational_output,23,gt_8,g64830,OAI222_X1,B1,combinational_input,id_control_regfile|combinational_output|gt_8,NOT_RUN,PENDING,,/raid/spring2026/fwu44/research/fault2assertion/faults/cv32e40p/branchfault/BF0259_SA0/results/crc32/screen_seed20260729_mc2000000,/raid/spring2026/fwu44/research/fault2assertion/faults/cv32e40p/branchfault/BF0259_SA0/results/crc32/screen_seed20260729_mc2000000/xrun.log,False,True,True
518,BF0259_SA1,BF0259_SA0,1,BL00259,BS023409,cv32e40p_register_file_ADDR_WIDTH6_DATA_WIDTH32_FPU0_ZFINX0|g64830|B1,id_control_regfile,n_297,combinational_output,23,gt_8,g64830,OAI222_X1,B1,combinational_input,id_control_regfile|combinational_output|gt_8,NOT_RUN,PENDING,,/raid/spring2026/fwu44/research/fault2assertion/faults/cv32e40p/branchfault/BF0259_SA1/results/crc32/screen_seed20260729_mc2000000,/raid/spring2026/fwu44/research/fault2assertion/faults/cv32e40p/branchfault/BF0259_SA1/results/crc32/screen_seed20260729_mc2000000/xrun.log,False,True,True
519,BF0260_SA0,BF0260_SA1,0,BL00260,BS023453,cv32e40p_register_file_ADDR_WIDTH6_DATA_WIDTH32_FPU0_ZFINX0|g65004|B1,id_control_regfile,n_299,combinational_output,23,gt_8,g65004,OAI222_X1,B1,combinational_input,id_control_regfile|combinational_output|gt_8,NOT_RUN,PENDING,,/raid/spring2026/fwu44/research/fault2assertion/faults/cv32e40p/branchfault/BF0260_SA0/results/crc32/screen_seed20260729_mc2000000,/raid/spring2026/fwu44/research/fault2assertion/faults/cv32e40p/branchfault/BF0260_SA0/results/crc32/screen_seed20260729_mc2000000/xrun.log,False,True,True
520,BF0260_SA1,BF0260_SA0,1,BL00260,BS023453,cv32e40p_register_file_ADDR_WIDTH6_DATA_WIDTH32_FPU0_ZFINX0|g65004|B1,id_control_regfile,n_299,combinational_output,23,gt_8,g65004,OAI222_X1,B1,combinational_input,id_control_regfile|combinational_output|gt_8,NOT_RUN,PENDING,,/raid/spring2026/fwu44/research/fault2assertion/faults/cv32e40p/branchfault/BF0260_SA1/results/crc32/screen_seed20260729_mc2000000,/raid/spring2026/fwu44/research/fault2assertion/faults/cv32e40p/branchfault/BF0260_SA1/results/crc32/screen_seed20260729_mc2000000/xrun.log,False,True,True
521,BF0261_SA0,BF0261_SA1,0,BL00261,BS023469,cv32e40p_register_file_ADDR_WIDTH6_DATA_WIDTH32_FPU0_ZFINX0|g64946|C1,id_control_regfile,n_30,combinational_output,31,gt_8,g64946,OAI222_X1,C1,combinational_input,id_control_regfile|combinational_output|gt_8,NOT_RUN,PENDING,,/raid/spring2026/fwu44/research/fault2assertion/faults/cv32e40p/branchfault/BF0261_SA0/results/crc32/screen_seed20260729_mc2000000,/raid/spring2026/fwu44/research/fault2assertion/faults/cv32e40p/branchfault/BF0261_SA0/results/crc32/screen_seed20260729_mc2000000/xrun.log,False,True,True
522,BF0261_SA1,BF0261_SA0,1,BL00261,BS023469,cv32e40p_register_file_ADDR_WIDTH6_DATA_WIDTH32_FPU0_ZFINX0|g64946|C1,id_control_regfile,n_30,combinational_output,31,gt_8,g64946,OAI222_X1,C1,combinational_input,id_control_regfile|combinational_output|gt_8,NOT_RUN,PENDING,,/raid/spring2026/fwu44/research/fault2assertion/faults/cv32e40p/branchfault/BF0261_SA1/results/crc32/screen_seed20260729_mc2000000,/raid/spring2026/fwu44/research/fault2assertion/faults/cv32e40p/branchfault/BF0261_SA1/results/crc32/screen_seed20260729_mc2000000/xrun.log,False,True,True
523,BF0262_SA0,BF0262_SA1,0,BL00262,BS023669,cv32e40p_register_file_ADDR_WIDTH6_DATA_WIDTH32_FPU0_ZFINX0|g64651|C1,id_control_regfile,n_35,combinational_output,31,gt_8,g64651,OAI222_X1,C1,combinational_input,id_control_regfile|combinational_output|gt_8,NOT_RUN,PENDING,,/raid/spring2026/fwu44/research/fault2assertion/faults/cv32e40p/branchfault/BF0262_SA0/results/crc32/screen_seed20260729_mc2000000,/raid/spring2026/fwu44/research/fault2assertion/faults/cv32e40p/branchfault/BF0262_SA0/results/crc32/screen_seed20260729_mc2000000/xrun.log,False,True,True
524,BF0262_SA1,BF0262_SA0,1,BL00262,BS023669,cv32e40p_register_file_ADDR_WIDTH6_DATA_WIDTH32_FPU0_ZFINX0|g64651|C1,id_control_regfile,n_35,combinational_output,31,gt_8,g64651,OAI222_X1,C1,combinational_input,id_control_regfile|combinational_output|gt_8,NOT_RUN,PENDING,,/raid/spring2026/fwu44/research/fault2assertion/faults/cv32e40p/branchfault/BF0262_SA1/results/crc32/screen_seed20260729_mc2000000,/raid/spring2026/fwu44/research/fault2assertion/faults/cv32e40p/branchfault/BF0262_SA1/results/crc32/screen_seed20260729_mc2000000/xrun.log,False,True,True
525,BF0263_SA0,BF0263_SA1,0,BL00263,BS023701,cv32e40p_register_file_ADDR_WIDTH6_DATA_WIDTH32_FPU0_ZFINX0|g64818|C1,id_control_regfile,n_36,combinational_output,31,gt_8,g64818,OAI222_X1,C1,combinational_input,id_control_regfile|combinational_output|gt_8,NOT_RUN,PENDING,,/raid/spring2026/fwu44/research/fault2assertion/faults/cv32e40p/branchfault/BF0263_SA0/results/crc32/screen_seed20260729_mc2000000,/raid/spring2026/fwu44/research/fault2assertion/faults/cv32e40p/branchfault/BF0263_SA0/results/crc32/screen_seed20260729_mc2000000/xrun.log,False,True,True
526,BF0263_SA1,BF0263_SA0,1,BL00263,BS023701,cv32e40p_register_file_ADDR_WIDTH6_DATA_WIDTH32_FPU0_ZFINX0|g64818|C1,id_control_regfile,n_36,combinational_output,31,gt_8,g64818,OAI222_X1,C1,combinational_input,id_control_regfile|combinational_output|gt_8,NOT_RUN,PENDING,,/raid/spring2026/fwu44/research/fault2assertion/faults/cv32e40p/branchfault/BF0263_SA1/results/crc32/screen_seed20260729_mc2000000,/raid/spring2026/fwu44/research/fault2assertion/faults/cv32e40p/branchfault/BF0263_SA1/results/crc32/screen_seed20260729_mc2000000/xrun.log,False,True,True
527,BF0264_SA0,BF0264_SA1,0,BL00264,BS023721,cv32e40p_register_file_ADDR_WIDTH6_DATA_WIDTH32_FPU0_ZFINX0|g201|A2,id_control_regfile,n_3687,combinational_output,4,3_4,g201,AND2_X2,A2,combinational_input,id_control_regfile|combinational_output|3_4,NOT_RUN,PENDING,,/raid/spring2026/fwu44/research/fault2assertion/faults/cv32e40p/branchfault/BF0264_SA0/results/crc32/screen_seed20260729_mc2000000,/raid/spring2026/fwu44/research/fault2assertion/faults/cv32e40p/branchfault/BF0264_SA0/results/crc32/screen_seed20260729_mc2000000/xrun.log,False,True,True
528,BF0264_SA1,BF0264_SA0,1,BL00264,BS023721,cv32e40p_register_file_ADDR_WIDTH6_DATA_WIDTH32_FPU0_ZFINX0|g201|A2,id_control_regfile,n_3687,combinational_output,4,3_4,g201,AND2_X2,A2,combinational_input,id_control_regfile|combinational_output|3_4,NOT_RUN,PENDING,,/raid/spring2026/fwu44/research/fault2assertion/faults/cv32e40p/branchfault/BF0264_SA1/results/crc32/screen_seed20260729_mc2000000,/raid/spring2026/fwu44/research/fault2assertion/faults/cv32e40p/branchfault/BF0264_SA1/results/crc32/screen_seed20260729_mc2000000/xrun.log,False,True,True
529,BF0265_SA0,BF0265_SA1,0,BL00265,BS023973,cv32e40p_register_file_ADDR_WIDTH6_DATA_WIDTH32_FPU0_ZFINX0|g66865|A1,id_control_regfile,n_3700,combinational_output,32,gt_8,g66865,AOI22_X1,A1,combinational_input,id_control_regfile|combinational_output|gt_8,NOT_RUN,PENDING,,/raid/spring2026/fwu44/research/fault2assertion/faults/cv32e40p/branchfault/BF0265_SA0/results/crc32/screen_seed20260729_mc2000000,/raid/spring2026/fwu44/research/fault2assertion/faults/cv32e40p/branchfault/BF0265_SA0/results/crc32/screen_seed20260729_mc2000000/xrun.log,False,True,True
530,BF0265_SA1,BF0265_SA0,1,BL00265,BS023973,cv32e40p_register_file_ADDR_WIDTH6_DATA_WIDTH32_FPU0_ZFINX0|g66865|A1,id_control_regfile,n_3700,combinational_output,32,gt_8,g66865,AOI22_X1,A1,combinational_input,id_control_regfile|combinational_output|gt_8,NOT_RUN,PENDING,,/raid/spring2026/fwu44/research/fault2assertion/faults/cv32e40p/branchfault/BF0265_SA1/results/crc32/screen_seed20260729_mc2000000,/raid/spring2026/fwu44/research/fault2assertion/faults/cv32e40p/branchfault/BF0265_SA1/results/crc32/screen_seed20260729_mc2000000/xrun.log,False,True,True
531,BF0266_SA0,BF0266_SA1,0,BL00266,BS024081,cv32e40p_register_file_ADDR_WIDTH6_DATA_WIDTH32_FPU0_ZFINX0|g66893|A1,id_control_regfile,n_3704,combinational_output,32,gt_8,g66893,AOI22_X1,A1,combinational_input,id_control_regfile|combinational_output|gt_8,NOT_RUN,PENDING,,/raid/spring2026/fwu44/research/fault2assertion/faults/cv32e40p/branchfault/BF0266_SA0/results/crc32/screen_seed20260729_mc2000000,/raid/spring2026/fwu44/research/fault2assertion/faults/cv32e40p/branchfault/BF0266_SA0/results/crc32/screen_seed20260729_mc2000000/xrun.log,False,True,True
532,BF0266_SA1,BF0266_SA0,1,BL00266,BS024081,cv32e40p_register_file_ADDR_WIDTH6_DATA_WIDTH32_FPU0_ZFINX0|g66893|A1,id_control_regfile,n_3704,combinational_output,32,gt_8,g66893,AOI22_X1,A1,combinational_input,id_control_regfile|combinational_output|gt_8,NOT_RUN,PENDING,,/raid/spring2026/fwu44/research/fault2assertion/faults/cv32e40p/branchfault/BF0266_SA1/results/crc32/screen_seed20260729_mc2000000,/raid/spring2026/fwu44/research/fault2assertion/faults/cv32e40p/branchfault/BF0266_SA1/results/crc32/screen_seed20260729_mc2000000/xrun.log,False,True,True
533,BF0267_SA0,BF0267_SA1,0,BL00267,BS024103,cv32e40p_register_file_ADDR_WIDTH6_DATA_WIDTH32_FPU0_ZFINX0|g66853|B1,id_control_regfile,n_3705,combinational_output,32,gt_8,g66853,AOI22_X1,B1,combinational_input,id_control_regfile|combinational_output|gt_8,NOT_RUN,PENDING,,/raid/spring2026/fwu44/research/fault2assertion/faults/cv32e40p/branchfault/BF0267_SA0/results/crc32/screen_seed20260729_mc2000000,/raid/spring2026/fwu44/research/fault2assertion/faults/cv32e40p/branchfault/BF0267_SA0/results/crc32/screen_seed20260729_mc2000000/xrun.log,False,True,True
534,BF0267_SA1,BF0267_SA0,1,BL00267,BS024103,cv32e40p_register_file_ADDR_WIDTH6_DATA_WIDTH32_FPU0_ZFINX0|g66853|B1,id_control_regfile,n_3705,combinational_output,32,gt_8,g66853,AOI22_X1,B1,combinational_input,id_control_regfile|combinational_output|gt_8,NOT_RUN,PENDING,,/raid/spring2026/fwu44/research/fault2assertion/faults/cv32e40p/branchfault/BF0267_SA1/results/crc32/screen_seed20260729_mc2000000,/raid/spring2026/fwu44/research/fault2assertion/faults/cv32e40p/branchfault/BF0267_SA1/results/crc32/screen_seed20260729_mc2000000/xrun.log,False,True,True
535,BF0268_SA0,BF0268_SA1,0,BL00268,BS024242,cv32e40p_register_file_ADDR_WIDTH6_DATA_WIDTH32_FPU0_ZFINX0|g66730|B1,id_control_regfile,n_3712,combinational_output,32,gt_8,g66730,AOI22_X1,B1,combinational_input,id_control_regfile|combinational_output|gt_8,NOT_RUN,PENDING,,/raid/spring2026/fwu44/research/fault2assertion/faults/cv32e40p/branchfault/BF0268_SA0/results/crc32/screen_seed20260729_mc2000000,/raid/spring2026/fwu44/research/fault2assertion/faults/cv32e40p/branchfault/BF0268_SA0/results/crc32/screen_seed20260729_mc2000000/xrun.log,False,True,True
536,BF0268_SA1,BF0268_SA0,1,BL00268,BS024242,cv32e40p_register_file_ADDR_WIDTH6_DATA_WIDTH32_FPU0_ZFINX0|g66730|B1,id_control_regfile,n_3712,combinational_output,32,gt_8,g66730,AOI22_X1,B1,combinational_input,id_control_regfile|combinational_output|gt_8,NOT_RUN,PENDING,,/raid/spring2026/fwu44/research/fault2assertion/faults/cv32e40p/branchfault/BF0268_SA1/results/crc32/screen_seed20260729_mc2000000,/raid/spring2026/fwu44/research/fault2assertion/faults/cv32e40p/branchfault/BF0268_SA1/results/crc32/screen_seed20260729_mc2000000/xrun.log,False,True,True
537,BF0269_SA0,BF0269_SA1,0,BL00269,BS024268,cv32e40p_register_file_ADDR_WIDTH6_DATA_WIDTH32_FPU0_ZFINX0|g66701|B1,id_control_regfile,n_3714,combinational_output,32,gt_8,g66701,AOI22_X1,B1,combinational_input,id_control_regfile|combinational_output|gt_8,NOT_RUN,PENDING,,/raid/spring2026/fwu44/research/fault2assertion/faults/cv32e40p/branchfault/BF0269_SA0/results/crc32/screen_seed20260729_mc2000000,/raid/spring2026/fwu44/research/fault2assertion/faults/cv32e40p/branchfault/BF0269_SA0/results/crc32/screen_seed20260729_mc2000000/xrun.log,False,True,True
538,BF0269_SA1,BF0269_SA0,1,BL00269,BS024268,cv32e40p_register_file_ADDR_WIDTH6_DATA_WIDTH32_FPU0_ZFINX0|g66701|B1,id_control_regfile,n_3714,combinational_output,32,gt_8,g66701,AOI22_X1,B1,combinational_input,id_control_regfile|combinational_output|gt_8,NOT_RUN,PENDING,,/raid/spring2026/fwu44/research/fault2assertion/faults/cv32e40p/branchfault/BF0269_SA1/results/crc32/screen_seed20260729_mc2000000,/raid/spring2026/fwu44/research/fault2assertion/faults/cv32e40p/branchfault/BF0269_SA1/results/crc32/screen_seed20260729_mc2000000/xrun.log,False,True,True
539,BF0270_SA0,BF0270_SA1,0,BL00270,BS024575,cv32e40p_register_file_ADDR_WIDTH6_DATA_WIDTH32_FPU0_ZFINX0|g64916|C2,id_control_regfile,n_3733,combinational_output,24,gt_8,g64916,OAI222_X1,C2,combinational_input,id_control_regfile|combinational_output|gt_8,NOT_RUN,PENDING,,/raid/spring2026/fwu44/research/fault2assertion/faults/cv32e40p/branchfault/BF0270_SA0/results/crc32/screen_seed20260729_mc2000000,/raid/spring2026/fwu44/research/fault2assertion/faults/cv32e40p/branchfault/BF0270_SA0/results/crc32/screen_seed20260729_mc2000000/xrun.log,False,True,True
540,BF0270_SA1,BF0270_SA0,1,BL00270,BS024575,cv32e40p_register_file_ADDR_WIDTH6_DATA_WIDTH32_FPU0_ZFINX0|g64916|C2,id_control_regfile,n_3733,combinational_output,24,gt_8,g64916,OAI222_X1,C2,combinational_input,id_control_regfile|combinational_output|gt_8,NOT_RUN,PENDING,,/raid/spring2026/fwu44/research/fault2assertion/faults/cv32e40p/branchfault/BF0270_SA1/results/crc32/screen_seed20260729_mc2000000,/raid/spring2026/fwu44/research/fault2assertion/faults/cv32e40p/branchfault/BF0270_SA1/results/crc32/screen_seed20260729_mc2000000/xrun.log,False,True,True
541,BF0271_SA0,BF0271_SA1,0,BL00271,BS024585,cv32e40p_register_file_ADDR_WIDTH6_DATA_WIDTH32_FPU0_ZFINX0|g183|A1,id_control_regfile,n_3734,combinational_output,4,3_4,g183,NAND2_X1,A1,combinational_input,id_control_regfile|combinational_output|3_4,NOT_RUN,PENDING,,/raid/spring2026/fwu44/research/fault2assertion/faults/cv32e40p/branchfault/BF0271_SA0/results/crc32/screen_seed20260729_mc2000000,/raid/spring2026/fwu44/research/fault2assertion/faults/cv32e40p/branchfault/BF0271_SA0/results/crc32/screen_seed20260729_mc2000000/xrun.log,False,True,True
542,BF0271_SA1,BF0271_SA0,1,BL00271,BS024585,cv32e40p_register_file_ADDR_WIDTH6_DATA_WIDTH32_FPU0_ZFINX0|g183|A1,id_control_regfile,n_3734,combinational_output,4,3_4,g183,NAND2_X1,A1,combinational_input,id_control_regfile|combinational_output|3_4,NOT_RUN,PENDING,,/raid/spring2026/fwu44/research/fault2assertion/faults/cv32e40p/branchfault/BF0271_SA1/results/crc32/screen_seed20260729_mc2000000,/raid/spring2026/fwu44/research/fault2assertion/faults/cv32e40p/branchfault/BF0271_SA1/results/crc32/screen_seed20260729_mc2000000/xrun.log,False,True,True
543,BF0272_SA0,BF0272_SA1,0,BL00272,BS024890,cv32e40p_register_file_ADDR_WIDTH6_DATA_WIDTH32_FPU0_ZFINX0|g65484|A2,id_control_regfile,n_3749,combinational_output,25,gt_8,g65484,NAND2_X2,A2,combinational_input,id_control_regfile|combinational_output|gt_8,NOT_RUN,PENDING,,/raid/spring2026/fwu44/research/fault2assertion/faults/cv32e40p/branchfault/BF0272_SA0/results/crc32/screen_seed20260729_mc2000000,/raid/spring2026/fwu44/research/fault2assertion/faults/cv32e40p/branchfault/BF0272_SA0/results/crc32/screen_seed20260729_mc2000000/xrun.log,False,True,True
544,BF0272_SA1,BF0272_SA0,1,BL00272,BS024890,cv32e40p_register_file_ADDR_WIDTH6_DATA_WIDTH32_FPU0_ZFINX0|g65484|A2,id_control_regfile,n_3749,combinational_output,25,gt_8,g65484,NAND2_X2,A2,combinational_input,id_control_regfile|combinational_output|gt_8,NOT_RUN,PENDING,,/raid/spring2026/fwu44/research/fault2assertion/faults/cv32e40p/branchfault/BF0272_SA1/results/crc32/screen_seed20260729_mc2000000,/raid/spring2026/fwu44/research/fault2assertion/faults/cv32e40p/branchfault/BF0272_SA1/results/crc32/screen_seed20260729_mc2000000/xrun.log,False,True,True
545,BF0273_SA0,BF0273_SA1,0,BL00273,BS025222,cv32e40p_register_file_ADDR_WIDTH6_DATA_WIDTH32_FPU0_ZFINX0|g64598|C1,id_control_regfile,n_46,combinational_output,31,gt_8,g64598,OAI222_X1,C1,combinational_input,id_control_regfile|combinational_output|gt_8,NOT_RUN,PENDING,,/raid/spring2026/fwu44/research/fault2assertion/faults/cv32e40p/branchfault/BF0273_SA0/results/crc32/screen_seed20260729_mc2000000,/raid/spring2026/fwu44/research/fault2assertion/faults/cv32e40p/branchfault/BF0273_SA0/results/crc32/screen_seed20260729_mc2000000/xrun.log,False,True,True
546,BF0273_SA1,BF0273_SA0,1,BL00273,BS025222,cv32e40p_register_file_ADDR_WIDTH6_DATA_WIDTH32_FPU0_ZFINX0|g64598|C1,id_control_regfile,n_46,combinational_output,31,gt_8,g64598,OAI222_X1,C1,combinational_input,id_control_regfile|combinational_output|gt_8,NOT_RUN,PENDING,,/raid/spring2026/fwu44/research/fault2assertion/faults/cv32e40p/branchfault/BF0273_SA1/results/crc32/screen_seed20260729_mc2000000,/raid/spring2026/fwu44/research/fault2assertion/faults/cv32e40p/branchfault/BF0273_SA1/results/crc32/screen_seed20260729_mc2000000/xrun.log,False,True,True
547,BF0274_SA0,BF0274_SA1,0,BL00274,BS025304,cv32e40p_register_file_ADDR_WIDTH6_DATA_WIDTH32_FPU0_ZFINX0|g65025|A1,id_control_regfile,n_49,combinational_output,31,gt_8,g65025,OAI222_X1,A1,combinational_input,id_control_regfile|combinational_output|gt_8,NOT_RUN,PENDING,,/raid/spring2026/fwu44/research/fault2assertion/faults/cv32e40p/branchfault/BF0274_SA0/results/crc32/screen_seed20260729_mc2000000,/raid/spring2026/fwu44/research/fault2assertion/faults/cv32e40p/branchfault/BF0274_SA0/results/crc32/screen_seed20260729_mc2000000/xrun.log,False,True,True
548,BF0274_SA1,BF0274_SA0,1,BL00274,BS025304,cv32e40p_register_file_ADDR_WIDTH6_DATA_WIDTH32_FPU0_ZFINX0|g65025|A1,id_control_regfile,n_49,combinational_output,31,gt_8,g65025,OAI222_X1,A1,combinational_input,id_control_regfile|combinational_output|gt_8,NOT_RUN,PENDING,,/raid/spring2026/fwu44/research/fault2assertion/faults/cv32e40p/branchfault/BF0274_SA1/results/crc32/screen_seed20260729_mc2000000,/raid/spring2026/fwu44/research/fault2assertion/faults/cv32e40p/branchfault/BF0274_SA1/results/crc32/screen_seed20260729_mc2000000/xrun.log,False,True,True
549,BF0275_SA0,BF0275_SA1,0,BL00275,BS025388,cv32e40p_register_file_ADDR_WIDTH6_DATA_WIDTH32_FPU0_ZFINX0|g64956|A1,id_control_regfile,n_51,combinational_output,31,gt_8,g64956,OAI222_X1,A1,combinational_input,id_control_regfile|combinational_output|gt_8,NOT_RUN,PENDING,,/raid/spring2026/fwu44/research/fault2assertion/faults/cv32e40p/branchfault/BF0275_SA0/results/crc32/screen_seed20260729_mc2000000,/raid/spring2026/fwu44/research/fault2assertion/faults/cv32e40p/branchfault/BF0275_SA0/results/crc32/screen_seed20260729_mc2000000/xrun.log,False,True,True
550,BF0275_SA1,BF0275_SA0,1,BL00275,BS025388,cv32e40p_register_file_ADDR_WIDTH6_DATA_WIDTH32_FPU0_ZFINX0|g64956|A1,id_control_regfile,n_51,combinational_output,31,gt_8,g64956,OAI222_X1,A1,combinational_input,id_control_regfile|combinational_output|gt_8,NOT_RUN,PENDING,,/raid/spring2026/fwu44/research/fault2assertion/faults/cv32e40p/branchfault/BF0275_SA1/results/crc32/screen_seed20260729_mc2000000,/raid/spring2026/fwu44/research/fault2assertion/faults/cv32e40p/branchfault/BF0275_SA1/results/crc32/screen_seed20260729_mc2000000/xrun.log,False,True,True
551,BF0276_SA0,BF0276_SA1,0,BL00276,BS025512,cv32e40p_register_file_ADDR_WIDTH6_DATA_WIDTH32_FPU0_ZFINX0|g64959|A1,id_control_regfile,n_55,combinational_output,31,gt_8,g64959,OAI222_X1,A1,combinational_input,id_control_regfile|combinational_output|gt_8,NOT_RUN,PENDING,,/raid/spring2026/fwu44/research/fault2assertion/faults/cv32e40p/branchfault/BF0276_SA0/results/crc32/screen_seed20260729_mc2000000,/raid/spring2026/fwu44/research/fault2assertion/faults/cv32e40p/branchfault/BF0276_SA0/results/crc32/screen_seed20260729_mc2000000/xrun.log,False,True,True
552,BF0276_SA1,BF0276_SA0,1,BL00276,BS025512,cv32e40p_register_file_ADDR_WIDTH6_DATA_WIDTH32_FPU0_ZFINX0|g64959|A1,id_control_regfile,n_55,combinational_output,31,gt_8,g64959,OAI222_X1,A1,combinational_input,id_control_regfile|combinational_output|gt_8,NOT_RUN,PENDING,,/raid/spring2026/fwu44/research/fault2assertion/faults/cv32e40p/branchfault/BF0276_SA1/results/crc32/screen_seed20260729_mc2000000,/raid/spring2026/fwu44/research/fault2assertion/faults/cv32e40p/branchfault/BF0276_SA1/results/crc32/screen_seed20260729_mc2000000/xrun.log,False,True,True
553,BF0277_SA0,BF0277_SA1,0,BL00277,BS025771,cv32e40p_register_file_ADDR_WIDTH6_DATA_WIDTH32_FPU0_ZFINX0|g64683|A1,id_control_regfile,n_9,combinational_output,31,gt_8,g64683,OAI222_X1,A1,combinational_input,id_control_regfile|combinational_output|gt_8,NOT_RUN,PENDING,,/raid/spring2026/fwu44/research/fault2assertion/faults/cv32e40p/branchfault/BF0277_SA0/results/crc32/screen_seed20260729_mc2000000,/raid/spring2026/fwu44/research/fault2assertion/faults/cv32e40p/branchfault/BF0277_SA0/results/crc32/screen_seed20260729_mc2000000/xrun.log,False,True,True
554,BF0277_SA1,BF0277_SA0,1,BL00277,BS025771,cv32e40p_register_file_ADDR_WIDTH6_DATA_WIDTH32_FPU0_ZFINX0|g64683|A1,id_control_regfile,n_9,combinational_output,31,gt_8,g64683,OAI222_X1,A1,combinational_input,id_control_regfile|combinational_output|gt_8,NOT_RUN,PENDING,,/raid/spring2026/fwu44/research/fault2assertion/faults/cv32e40p/branchfault/BF0277_SA1/results/crc32/screen_seed20260729_mc2000000,/raid/spring2026/fwu44/research/fault2assertion/faults/cv32e40p/branchfault/BF0277_SA1/results/crc32/screen_seed20260729_mc2000000/xrun.log,False,True,True
555,BF0278_SA0,BF0278_SA1,0,BL00278,BS025828,cv32e40p_register_file_ADDR_WIDTH6_DATA_WIDTH32_FPU0_ZFINX0|g527|A,id_control_regfile,raddr_a_i[2],hierarchy_boundary,4,3_4,g527,INV_X1,A,combinational_input,id_control_regfile|hierarchy_boundary|3_4,NOT_RUN,PENDING,,/raid/spring2026/fwu44/research/fault2assertion/faults/cv32e40p/branchfault/BF0278_SA0/results/crc32/screen_seed20260729_mc2000000,/raid/spring2026/fwu44/research/fault2assertion/faults/cv32e40p/branchfault/BF0278_SA0/results/crc32/screen_seed20260729_mc2000000/xrun.log,False,True,True
556,BF0278_SA1,BF0278_SA0,1,BL00278,BS025828,cv32e40p_register_file_ADDR_WIDTH6_DATA_WIDTH32_FPU0_ZFINX0|g527|A,id_control_regfile,raddr_a_i[2],hierarchy_boundary,4,3_4,g527,INV_X1,A,combinational_input,id_control_regfile|hierarchy_boundary|3_4,NOT_RUN,PENDING,,/raid/spring2026/fwu44/research/fault2assertion/faults/cv32e40p/branchfault/BF0278_SA1/results/crc32/screen_seed20260729_mc2000000,/raid/spring2026/fwu44/research/fault2assertion/faults/cv32e40p/branchfault/BF0278_SA1/results/crc32/screen_seed20260729_mc2000000/xrun.log,False,True,True
557,BF0279_SA0,BF0279_SA1,0,BL00279,BS025865,cv32e40p_register_file_ADDR_WIDTH6_DATA_WIDTH32_FPU0_ZFINX0|g65646|A2,id_control_regfile,waddr_a_i[2],hierarchy_boundary,5,5_8,g65646,NAND2_X1,A2,combinational_input,id_control_regfile|hierarchy_boundary|5_8,NOT_RUN,PENDING,,/raid/spring2026/fwu44/research/fault2assertion/faults/cv32e40p/branchfault/BF0279_SA0/results/crc32/screen_seed20260729_mc2000000,/raid/spring2026/fwu44/research/fault2assertion/faults/cv32e40p/branchfault/BF0279_SA0/results/crc32/screen_seed20260729_mc2000000/xrun.log,False,True,True
558,BF0279_SA1,BF0279_SA0,1,BL00279,BS025865,cv32e40p_register_file_ADDR_WIDTH6_DATA_WIDTH32_FPU0_ZFINX0|g65646|A2,id_control_regfile,waddr_a_i[2],hierarchy_boundary,5,5_8,g65646,NAND2_X1,A2,combinational_input,id_control_regfile|hierarchy_boundary|5_8,NOT_RUN,PENDING,,/raid/spring2026/fwu44/research/fault2assertion/faults/cv32e40p/branchfault/BF0279_SA1/results/crc32/screen_seed20260729_mc2000000,/raid/spring2026/fwu44/research/fault2assertion/faults/cv32e40p/branchfault/BF0279_SA1/results/crc32/screen_seed20260729_mc2000000/xrun.log,False,True,True
559,BF0280_SA0,BF0280_SA1,0,BL00280,BS025919,cv32e40p_register_file_ADDR_WIDTH6_DATA_WIDTH32_FPU0_ZFINX0|g65317|B1,id_control_regfile,wdata_b_i[22],hierarchy_boundary,31,gt_8,g65317,AOI22_X1,B1,combinational_input,id_control_regfile|hierarchy_boundary|gt_8,NOT_RUN,PENDING,,/raid/spring2026/fwu44/research/fault2assertion/faults/cv32e40p/branchfault/BF0280_SA0/results/crc32/screen_seed20260729_mc2000000,/raid/spring2026/fwu44/research/fault2assertion/faults/cv32e40p/branchfault/BF0280_SA0/results/crc32/screen_seed20260729_mc2000000/xrun.log,False,True,True
560,BF0280_SA1,BF0280_SA0,1,BL00280,BS025919,cv32e40p_register_file_ADDR_WIDTH6_DATA_WIDTH32_FPU0_ZFINX0|g65317|B1,id_control_regfile,wdata_b_i[22],hierarchy_boundary,31,gt_8,g65317,AOI22_X1,B1,combinational_input,id_control_regfile|hierarchy_boundary|gt_8,NOT_RUN,PENDING,,/raid/spring2026/fwu44/research/fault2assertion/faults/cv32e40p/branchfault/BF0280_SA1/results/crc32/screen_seed20260729_mc2000000,/raid/spring2026/fwu44/research/fault2assertion/faults/cv32e40p/branchfault/BF0280_SA1/results/crc32/screen_seed20260729_mc2000000/xrun.log,False,True,True
561,BF0281_SA0,BF0281_SA1,0,BL00281,BS026020,cv32e40p_register_file_ADDR_WIDTH6_DATA_WIDTH32_FPU0_ZFINX0|g65385|B1,id_control_regfile,wdata_b_i[25],hierarchy_boundary,31,gt_8,g65385,AOI22_X1,B1,combinational_input,id_control_regfile|hierarchy_boundary|gt_8,NOT_RUN,PENDING,,/raid/spring2026/fwu44/research/fault2assertion/faults/cv32e40p/branchfault/BF0281_SA0/results/crc32/screen_seed20260729_mc2000000,/raid/spring2026/fwu44/research/fault2assertion/faults/cv32e40p/branchfault/BF0281_SA0/results/crc32/screen_seed20260729_mc2000000/xrun.log,False,True,True
562,BF0281_SA1,BF0281_SA0,1,BL00281,BS026020,cv32e40p_register_file_ADDR_WIDTH6_DATA_WIDTH32_FPU0_ZFINX0|g65385|B1,id_control_regfile,wdata_b_i[25],hierarchy_boundary,31,gt_8,g65385,AOI22_X1,B1,combinational_input,id_control_regfile|hierarchy_boundary|gt_8,NOT_RUN,PENDING,,/raid/spring2026/fwu44/research/fault2assertion/faults/cv32e40p/branchfault/BF0281_SA1/results/crc32/screen_seed20260729_mc2000000,/raid/spring2026/fwu44/research/fault2assertion/faults/cv32e40p/branchfault/BF0281_SA1/results/crc32/screen_seed20260729_mc2000000/xrun.log,False,True,True
563,BF0282_SA0,BF0282_SA1,0,BL00282,BS026166,cv32e40p_register_file_ADDR_WIDTH6_DATA_WIDTH32_FPU0_ZFINX0|g65160|B1,id_control_regfile,wdata_b_i[30],hierarchy_boundary,31,gt_8,g65160,AOI22_X1,B1,combinational_input,id_control_regfile|hierarchy_boundary|gt_8,NOT_RUN,PENDING,,/raid/spring2026/fwu44/research/fault2assertion/faults/cv32e40p/branchfault/BF0282_SA0/results/crc32/screen_seed20260729_mc2000000,/raid/spring2026/fwu44/research/fault2assertion/faults/cv32e40p/branchfault/BF0282_SA0/results/crc32/screen_seed20260729_mc2000000/xrun.log,False,True,True
564,BF0282_SA1,BF0282_SA0,1,BL00282,BS026166,cv32e40p_register_file_ADDR_WIDTH6_DATA_WIDTH32_FPU0_ZFINX0|g65160|B1,id_control_regfile,wdata_b_i[30],hierarchy_boundary,31,gt_8,g65160,AOI22_X1,B1,combinational_input,id_control_regfile|hierarchy_boundary|gt_8,NOT_RUN,PENDING,,/raid/spring2026/fwu44/research/fault2assertion/faults/cv32e40p/branchfault/BF0282_SA1/results/crc32/screen_seed20260729_mc2000000,/raid/spring2026/fwu44/research/fault2assertion/faults/cv32e40p/branchfault/BF0282_SA1/results/crc32/screen_seed20260729_mc2000000/xrun.log,False,True,True
565,BF0283_SA0,BF0283_SA1,0,BL00283,BS026193,cv32e40p_register_file_ADDR_WIDTH6_DATA_WIDTH32_FPU0_ZFINX0|g65275|B1,id_control_regfile,wdata_b_i[31],hierarchy_boundary,31,gt_8,g65275,AOI22_X1,B1,combinational_input,id_control_regfile|hierarchy_boundary|gt_8,NOT_RUN,PENDING,,/raid/spring2026/fwu44/research/fault2assertion/faults/cv32e40p/branchfault/BF0283_SA0/results/crc32/screen_seed20260729_mc2000000,/raid/spring2026/fwu44/research/fault2assertion/faults/cv32e40p/branchfault/BF0283_SA0/results/crc32/screen_seed20260729_mc2000000/xrun.log,False,True,True
566,BF0283_SA1,BF0283_SA0,1,BL00283,BS026193,cv32e40p_register_file_ADDR_WIDTH6_DATA_WIDTH32_FPU0_ZFINX0|g65275|B1,id_control_regfile,wdata_b_i[31],hierarchy_boundary,31,gt_8,g65275,AOI22_X1,B1,combinational_input,id_control_regfile|hierarchy_boundary|gt_8,NOT_RUN,PENDING,,/raid/spring2026/fwu44/research/fault2assertion/faults/cv32e40p/branchfault/BF0283_SA1/results/crc32/screen_seed20260729_mc2000000,/raid/spring2026/fwu44/research/fault2assertion/faults/cv32e40p/branchfault/BF0283_SA1/results/crc32/screen_seed20260729_mc2000000/xrun.log,False,True,True
567,BF0284_SA0,BF0284_SA1,0,BL00284,BS026299,cv32e40p_aligner|\add_63_26/g405|B2,if_prefetch,\add_63_26/n_5,combinational_output,4,3_4,\add_63_26/g405,AOI21_X1,B2,combinational_input,if_prefetch|combinational_output|3_4,NOT_RUN,PENDING,,/raid/spring2026/fwu44/research/fault2assertion/faults/cv32e40p/branchfault/BF0284_SA0/results/crc32/screen_seed20260729_mc2000000,/raid/spring2026/fwu44/research/fault2assertion/faults/cv32e40p/branchfault/BF0284_SA0/results/crc32/screen_seed20260729_mc2000000/xrun.log,False,True,True
568,BF0284_SA1,BF0284_SA0,1,BL00284,BS026299,cv32e40p_aligner|\add_63_26/g405|B2,if_prefetch,\add_63_26/n_5,combinational_output,4,3_4,\add_63_26/g405,AOI21_X1,B2,combinational_input,if_prefetch|combinational_output|3_4,NOT_RUN,PENDING,,/raid/spring2026/fwu44/research/fault2assertion/faults/cv32e40p/branchfault/BF0284_SA1/results/crc32/screen_seed20260729_mc2000000,/raid/spring2026/fwu44/research/fault2assertion/faults/cv32e40p/branchfault/BF0284_SA1/results/crc32/screen_seed20260729_mc2000000/xrun.log,False,True,True
569,BF0285_SA0,BF0285_SA1,0,BL00285,BS026339,cv32e40p_aligner|\add_63_26/g361|A1,if_prefetch,\add_63_26/n_72,combinational_output,3,3_4,\add_63_26/g361,NOR2_X1,A1,combinational_input,if_prefetch|combinational_output|3_4,NOT_RUN,PENDING,,/raid/spring2026/fwu44/research/fault2assertion/faults/cv32e40p/branchfault/BF0285_SA0/results/crc32/screen_seed20260729_mc2000000,/raid/spring2026/fwu44/research/fault2assertion/faults/cv32e40p/branchfault/BF0285_SA0/results/crc32/screen_seed20260729_mc2000000/xrun.log,False,True,True
570,BF0285_SA1,BF0285_SA0,1,BL00285,BS026339,cv32e40p_aligner|\add_63_26/g361|A1,if_prefetch,\add_63_26/n_72,combinational_output,3,3_4,\add_63_26/g361,NOR2_X1,A1,combinational_input,if_prefetch|combinational_output|3_4,NOT_RUN,PENDING,,/raid/spring2026/fwu44/research/fault2assertion/faults/cv32e40p/branchfault/BF0285_SA1/results/crc32/screen_seed20260729_mc2000000,/raid/spring2026/fwu44/research/fault2assertion/faults/cv32e40p/branchfault/BF0285_SA1/results/crc32/screen_seed20260729_mc2000000/xrun.log,False,True,True
571,BF0286_SA0,BF0286_SA1,0,BL00286,BS026440,cv32e40p_aligner|\add_64_26/g339|A,if_prefetch,\add_64_26/n_81,combinational_output,2,2,\add_64_26/g339,XNOR2_X1,A,combinational_input,if_prefetch|combinational_output|2,NOT_RUN,PENDING,,/raid/spring2026/fwu44/research/fault2assertion/faults/cv32e40p/branchfault/BF0286_SA0/results/crc32/screen_seed20260729_mc2000000,/raid/spring2026/fwu44/research/fault2assertion/faults/cv32e40p/branchfault/BF0286_SA0/results/crc32/screen_seed20260729_mc2000000/xrun.log,False,True,True
572,BF0286_SA1,BF0286_SA0,1,BL00286,BS026440,cv32e40p_aligner|\add_64_26/g339|A,if_prefetch,\add_64_26/n_81,combinational_output,2,2,\add_64_26/g339,XNOR2_X1,A,combinational_input,if_prefetch|combinational_output|2,NOT_RUN,PENDING,,/raid/spring2026/fwu44/research/fault2assertion/faults/cv32e40p/branchfault/BF0286_SA1/results/crc32/screen_seed20260729_mc2000000,/raid/spring2026/fwu44/research/fault2assertion/faults/cv32e40p/branchfault/BF0286_SA1/results/crc32/screen_seed20260729_mc2000000/xrun.log,False,True,True
573,BF0287_SA0,BF0287_SA1,0,BL00287,BS026580,cv32e40p_aligner|g4005|C1,if_prefetch,n_131,combinational_output,19,gt_8,g4005,AOI222_X1,C1,combinational_input,if_prefetch|combinational_output|gt_8,NOT_RUN,PENDING,,/raid/spring2026/fwu44/research/fault2assertion/faults/cv32e40p/branchfault/BF0287_SA0/results/crc32/screen_seed20260729_mc2000000,/raid/spring2026/fwu44/research/fault2assertion/faults/cv32e40p/branchfault/BF0287_SA0/results/crc32/screen_seed20260729_mc2000000/xrun.log,False,True,True
574,BF0287_SA1,BF0287_SA0,1,BL00287,BS026580,cv32e40p_aligner|g4005|C1,if_prefetch,n_131,combinational_output,19,gt_8,g4005,AOI222_X1,C1,combinational_input,if_prefetch|combinational_output|gt_8,NOT_RUN,PENDING,,/raid/spring2026/fwu44/research/fault2assertion/faults/cv32e40p/branchfault/BF0287_SA1/results/crc32/screen_seed20260729_mc2000000,/raid/spring2026/fwu44/research/fault2assertion/faults/cv32e40p/branchfault/BF0287_SA1/results/crc32/screen_seed20260729_mc2000000/xrun.log,False,True,True
575,BF0288_SA0,BF0288_SA1,0,BL00288,BS026597,cv32e40p_aligner|g4023|S,if_prefetch,n_137,combinational_output,16,gt_8,g4023,MUX2_X1,S,mux_select,if_prefetch|combinational_output|gt_8,NOT_RUN,PENDING,,/raid/spring2026/fwu44/research/fault2assertion/faults/cv32e40p/branchfault/BF0288_SA0/results/crc32/screen_seed20260729_mc2000000,/raid/spring2026/fwu44/research/fault2assertion/faults/cv32e40p/branchfault/BF0288_SA0/results/crc32/screen_seed20260729_mc2000000/xrun.log,False,True,True
576,BF0288_SA1,BF0288_SA0,1,BL00288,BS026597,cv32e40p_aligner|g4023|S,if_prefetch,n_137,combinational_output,16,gt_8,g4023,MUX2_X1,S,mux_select,if_prefetch|combinational_output|gt_8,NOT_RUN,PENDING,,/raid/spring2026/fwu44/research/fault2assertion/faults/cv32e40p/branchfault/BF0288_SA1/results/crc32/screen_seed20260729_mc2000000,/raid/spring2026/fwu44/research/fault2assertion/faults/cv32e40p/branchfault/BF0288_SA1/results/crc32/screen_seed20260729_mc2000000/xrun.log,False,True,True
577,BF0289_SA0,BF0289_SA1,0,BL00289,BS026678,cv32e40p_aligner|g5040|B1,if_prefetch,n_25,combinational_output,30,gt_8,g5040,AOI22_X1,B1,combinational_input,if_prefetch|combinational_output|gt_8,NOT_RUN,PENDING,,/raid/spring2026/fwu44/research/fault2assertion/faults/cv32e40p/branchfault/BF0289_SA0/results/crc32/screen_seed20260729_mc2000000,/raid/spring2026/fwu44/research/fault2assertion/faults/cv32e40p/branchfault/BF0289_SA0/results/crc32/screen_seed20260729_mc2000000/xrun.log,False,True,True
578,BF0289_SA1,BF0289_SA0,1,BL00289,BS026678,cv32e40p_aligner|g5040|B1,if_prefetch,n_25,combinational_output,30,gt_8,g5040,AOI22_X1,B1,combinational_input,if_prefetch|combinational_output|gt_8,NOT_RUN,PENDING,,/raid/spring2026/fwu44/research/fault2assertion/faults/cv32e40p/branchfault/BF0289_SA1/results/crc32/screen_seed20260729_mc2000000,/raid/spring2026/fwu44/research/fault2assertion/faults/cv32e40p/branchfault/BF0289_SA1/results/crc32/screen_seed20260729_mc2000000/xrun.log,False,True,True
579,BF0290_SA0,BF0290_SA1,0,BL00290,BS026685,cv32e40p_aligner|g5048|B1,if_prefetch,n_25,combinational_output,30,gt_8,g5048,AOI22_X1,B1,combinational_input,if_prefetch|combinational_output|gt_8,NOT_RUN,PENDING,,/raid/spring2026/fwu44/research/fault2assertion/faults/cv32e40p/branchfault/BF0290_SA0/results/crc32/screen_seed20260729_mc2000000,/raid/spring2026/fwu44/research/fault2assertion/faults/cv32e40p/branchfault/BF0290_SA0/results/crc32/screen_seed20260729_mc2000000/xrun.log,False,True,True
580,BF0290_SA1,BF0290_SA0,1,BL00290,BS026685,cv32e40p_aligner|g5048|B1,if_prefetch,n_25,combinational_output,30,gt_8,g5048,AOI22_X1,B1,combinational_input,if_prefetch|combinational_output|gt_8,NOT_RUN,PENDING,,/raid/spring2026/fwu44/research/fault2assertion/faults/cv32e40p/branchfault/BF0290_SA1/results/crc32/screen_seed20260729_mc2000000,/raid/spring2026/fwu44/research/fault2assertion/faults/cv32e40p/branchfault/BF0290_SA1/results/crc32/screen_seed20260729_mc2000000/xrun.log,False,True,True
581,BF0291_SA0,BF0291_SA1,0,BL00291,BS026773,cv32e40p_aligner|\add_63_26/g424|A1,if_prefetch,pc_o[1],sequential_output,12,gt_8,\add_63_26/g424,NAND2_X1,A1,combinational_input,if_prefetch|sequential_output|gt_8,NOT_RUN,PENDING,,/raid/spring2026/fwu44/research/fault2assertion/faults/cv32e40p/branchfault/BF0291_SA0/results/crc32/screen_seed20260729_mc2000000,/raid/spring2026/fwu44/research/fault2assertion/faults/cv32e40p/branchfault/BF0291_SA0/results/crc32/screen_seed20260729_mc2000000/xrun.log,False,True,True
582,BF0291_SA1,BF0291_SA0,1,BL00291,BS026773,cv32e40p_aligner|\add_63_26/g424|A1,if_prefetch,pc_o[1],sequential_output,12,gt_8,\add_63_26/g424,NAND2_X1,A1,combinational_input,if_prefetch|sequential_output|gt_8,NOT_RUN,PENDING,,/raid/spring2026/fwu44/research/fault2assertion/faults/cv32e40p/branchfault/BF0291_SA1/results/crc32/screen_seed20260729_mc2000000,/raid/spring2026/fwu44/research/fault2assertion/faults/cv32e40p/branchfault/BF0291_SA1/results/crc32/screen_seed20260729_mc2000000/xrun.log,False,True,True
583,BF0292_SA0,BF0292_SA1,0,BL00292,BS026788,cv32e40p_aligner|g5022|A2,if_prefetch,pc_o[20],sequential_output,5,5_8,g5022,AOI22_X1,A2,combinational_input,if_prefetch|sequential_output|5_8,NOT_RUN,PENDING,,/raid/spring2026/fwu44/research/fault2assertion/faults/cv32e40p/branchfault/BF0292_SA0/results/crc32/screen_seed20260729_mc2000000,/raid/spring2026/fwu44/research/fault2assertion/faults/cv32e40p/branchfault/BF0292_SA0/results/crc32/screen_seed20260729_mc2000000/xrun.log,False,True,True
584,BF0292_SA1,BF0292_SA0,1,BL00292,BS026788,cv32e40p_aligner|g5022|A2,if_prefetch,pc_o[20],sequential_output,5,5_8,g5022,AOI22_X1,A2,combinational_input,if_prefetch|sequential_output|5_8,NOT_RUN,PENDING,,/raid/spring2026/fwu44/research/fault2assertion/faults/cv32e40p/branchfault/BF0292_SA1/results/crc32/screen_seed20260729_mc2000000,/raid/spring2026/fwu44/research/fault2assertion/faults/cv32e40p/branchfault/BF0292_SA1/results/crc32/screen_seed20260729_mc2000000/xrun.log,False,True,True
585,BF0293_SA0,BF0293_SA1,0,BL00293,BS026846,cv32e40p_aligner|\add_64_26/g401|B2,if_prefetch,pc_o[6],sequential_output,5,5_8,\add_64_26/g401,OAI21_X1,B2,combinational_input,if_prefetch|sequential_output|5_8,NOT_RUN,PENDING,,/raid/spring2026/fwu44/research/fault2assertion/faults/cv32e40p/branchfault/BF0293_SA0/results/crc32/screen_seed20260729_mc2000000,/raid/spring2026/fwu44/research/fault2assertion/faults/cv32e40p/branchfault/BF0293_SA0/results/crc32/screen_seed20260729_mc2000000/xrun.log,False,True,True
586,BF0293_SA1,BF0293_SA0,1,BL00293,BS026846,cv32e40p_aligner|\add_64_26/g401|B2,if_prefetch,pc_o[6],sequential_output,5,5_8,\add_64_26/g401,OAI21_X1,B2,combinational_input,if_prefetch|sequential_output|5_8,NOT_RUN,PENDING,,/raid/spring2026/fwu44/research/fault2assertion/faults/cv32e40p/branchfault/BF0293_SA1/results/crc32/screen_seed20260729_mc2000000,/raid/spring2026/fwu44/research/fault2assertion/faults/cv32e40p/branchfault/BF0293_SA1/results/crc32/screen_seed20260729_mc2000000/xrun.log,False,True,True
587,BF0294_SA0,BF0294_SA1,0,BL00294,BS026941,cv32e40p_compressed_decoder_FPU0_ZFINX0|g9749|A2,if_prefetch,instr_i[15],hierarchy_boundary,15,gt_8,g9749,NOR2_X1,A2,combinational_input,if_prefetch|hierarchy_boundary|gt_8,NOT_RUN,PENDING,,/raid/spring2026/fwu44/research/fault2assertion/faults/cv32e40p/branchfault/BF0294_SA0/results/crc32/screen_seed20260729_mc2000000,/raid/spring2026/fwu44/research/fault2assertion/faults/cv32e40p/branchfault/BF0294_SA0/results/crc32/screen_seed20260729_mc2000000/xrun.log,False,True,True
588,BF0294_SA1,BF0294_SA0,1,BL00294,BS026941,cv32e40p_compressed_decoder_FPU0_ZFINX0|g9749|A2,if_prefetch,instr_i[15],hierarchy_boundary,15,gt_8,g9749,NOR2_X1,A2,combinational_input,if_prefetch|hierarchy_boundary|gt_8,NOT_RUN,PENDING,,/raid/spring2026/fwu44/research/fault2assertion/faults/cv32e40p/branchfault/BF0294_SA1/results/crc32/screen_seed20260729_mc2000000,/raid/spring2026/fwu44/research/fault2assertion/faults/cv32e40p/branchfault/BF0294_SA1/results/crc32/screen_seed20260729_mc2000000/xrun.log,False,True,True
589,BF0295_SA0,BF0295_SA1,0,BL00295,BS026945,cv32e40p_compressed_decoder_FPU0_ZFINX0|g9706|A2,if_prefetch,instr_i[1],hierarchy_boundary,8,5_8,g9706,NAND2_X1,A2,combinational_input,if_prefetch|hierarchy_boundary|5_8,NOT_RUN,PENDING,,/raid/spring2026/fwu44/research/fault2assertion/faults/cv32e40p/branchfault/BF0295_SA0/results/crc32/screen_seed20260729_mc2000000,/raid/spring2026/fwu44/research/fault2assertion/faults/cv32e40p/branchfault/BF0295_SA0/results/crc32/screen_seed20260729_mc2000000/xrun.log,False,True,True
590,BF0295_SA1,BF0295_SA0,1,BL00295,BS026945,cv32e40p_compressed_decoder_FPU0_ZFINX0|g9706|A2,if_prefetch,instr_i[1],hierarchy_boundary,8,5_8,g9706,NAND2_X1,A2,combinational_input,if_prefetch|hierarchy_boundary|5_8,NOT_RUN,PENDING,,/raid/spring2026/fwu44/research/fault2assertion/faults/cv32e40p/branchfault/BF0295_SA1/results/crc32/screen_seed20260729_mc2000000,/raid/spring2026/fwu44/research/fault2assertion/faults/cv32e40p/branchfault/BF0295_SA1/results/crc32/screen_seed20260729_mc2000000/xrun.log,False,True,True
591,BF0296_SA0,BF0296_SA1,0,BL00296,BS026984,cv32e40p_compressed_decoder_FPU0_ZFINX0|g9756|A1,if_prefetch,instr_i[6],hierarchy_boundary,12,gt_8,g9756,NOR2_X1,A1,combinational_input,if_prefetch|hierarchy_boundary|gt_8,NOT_RUN,PENDING,,/raid/spring2026/fwu44/research/fault2assertion/faults/cv32e40p/branchfault/BF0296_SA0/results/crc32/screen_seed20260729_mc2000000,/raid/spring2026/fwu44/research/fault2assertion/faults/cv32e40p/branchfault/BF0296_SA0/results/crc32/screen_seed20260729_mc2000000/xrun.log,False,True,True
592,BF0296_SA1,BF0296_SA0,1,BL00296,BS026984,cv32e40p_compressed_decoder_FPU0_ZFINX0|g9756|A1,if_prefetch,instr_i[6],hierarchy_boundary,12,gt_8,g9756,NOR2_X1,A1,combinational_input,if_prefetch|hierarchy_boundary|gt_8,NOT_RUN,PENDING,,/raid/spring2026/fwu44/research/fault2assertion/faults/cv32e40p/branchfault/BF0296_SA1/results/crc32/screen_seed20260729_mc2000000,/raid/spring2026/fwu44/research/fault2assertion/faults/cv32e40p/branchfault/BF0296_SA1/results/crc32/screen_seed20260729_mc2000000/xrun.log,False,True,True
593,BF0297_SA0,BF0297_SA1,0,BL00297,BS027066,cv32e40p_compressed_decoder_FPU0_ZFINX0|g9558|C2,if_prefetch,n_12,combinational_output,6,5_8,g9558,OAI221_X1,C2,combinational_input,if_prefetch|combinational_output|5_8,NOT_RUN,PENDING,,/raid/spring2026/fwu44/research/fault2assertion/faults/cv32e40p/branchfault/BF0297_SA0/results/crc32/screen_seed20260729_mc2000000,/raid/spring2026/fwu44/research/fault2assertion/faults/cv32e40p/branchfault/BF0297_SA0/results/crc32/screen_seed20260729_mc2000000/xrun.log,False,True,True
594,BF0297_SA1,BF0297_SA0,1,BL00297,BS027066,cv32e40p_compressed_decoder_FPU0_ZFINX0|g9558|C2,if_prefetch,n_12,combinational_output,6,5_8,g9558,OAI221_X1,C2,combinational_input,if_prefetch|combinational_output|5_8,NOT_RUN,PENDING,,/raid/spring2026/fwu44/research/fault2assertion/faults/cv32e40p/branchfault/BF0297_SA1/results/crc32/screen_seed20260729_mc2000000,/raid/spring2026/fwu44/research/fault2assertion/faults/cv32e40p/branchfault/BF0297_SA1/results/crc32/screen_seed20260729_mc2000000/xrun.log,False,True,True
595,BF0298_SA0,BF0298_SA1,0,BL00298,BS027102,cv32e40p_compressed_decoder_FPU0_ZFINX0|g9534|A,if_prefetch,n_134,combinational_output,2,2,g9534,AOI221_X1,A,combinational_input,if_prefetch|combinational_output|2,NOT_RUN,PENDING,,/raid/spring2026/fwu44/research/fault2assertion/faults/cv32e40p/branchfault/BF0298_SA0/results/crc32/screen_seed20260729_mc2000000,/raid/spring2026/fwu44/research/fault2assertion/faults/cv32e40p/branchfault/BF0298_SA0/results/crc32/screen_seed20260729_mc2000000/xrun.log,False,True,True
596,BF0298_SA1,BF0298_SA0,1,BL00298,BS027102,cv32e40p_compressed_decoder_FPU0_ZFINX0|g9534|A,if_prefetch,n_134,combinational_output,2,2,g9534,AOI221_X1,A,combinational_input,if_prefetch|combinational_output|2,NOT_RUN,PENDING,,/raid/spring2026/fwu44/research/fault2assertion/faults/cv32e40p/branchfault/BF0298_SA1/results/crc32/screen_seed20260729_mc2000000,/raid/spring2026/fwu44/research/fault2assertion/faults/cv32e40p/branchfault/BF0298_SA1/results/crc32/screen_seed20260729_mc2000000/xrun.log,False,True,True
597,BF0299_SA0,BF0299_SA1,0,BL00299,BS027208,cv32e40p_compressed_decoder_FPU0_ZFINX0|g3|A2,if_prefetch,n_2,combinational_output,8,5_8,g3,NAND2_X1,A2,combinational_input,if_prefetch|combinational_output|5_8,NOT_RUN,PENDING,,/raid/spring2026/fwu44/research/fault2assertion/faults/cv32e40p/branchfault/BF0299_SA0/results/crc32/screen_seed20260729_mc2000000,/raid/spring2026/fwu44/research/fault2assertion/faults/cv32e40p/branchfault/BF0299_SA0/results/crc32/screen_seed20260729_mc2000000/xrun.log,False,True,True
598,BF0299_SA1,BF0299_SA0,1,BL00299,BS027208,cv32e40p_compressed_decoder_FPU0_ZFINX0|g3|A2,if_prefetch,n_2,combinational_output,8,5_8,g3,NAND2_X1,A2,combinational_input,if_prefetch|combinational_output|5_8,NOT_RUN,PENDING,,/raid/spring2026/fwu44/research/fault2assertion/faults/cv32e40p/branchfault/BF0299_SA1/results/crc32/screen_seed20260729_mc2000000,/raid/spring2026/fwu44/research/fault2assertion/faults/cv32e40p/branchfault/BF0299_SA1/results/crc32/screen_seed20260729_mc2000000/xrun.log,False,True,True
599,BF0300_SA0,BF0300_SA1,0,BL00300,BS027210,cv32e40p_compressed_decoder_FPU0_ZFINX0|g9628|A3,if_prefetch,n_2,combinational_output,8,5_8,g9628,AND3_X1,A3,combinational_input,if_prefetch|combinational_output|5_8,NOT_RUN,PENDING,,/raid/spring2026/fwu44/research/fault2assertion/faults/cv32e40p/branchfault/BF0300_SA0/results/crc32/screen_seed20260729_mc2000000,/raid/spring2026/fwu44/research/fault2assertion/faults/cv32e40p/branchfault/BF0300_SA0/results/crc32/screen_seed20260729_mc2000000/xrun.log,False,True,True
600,BF0300_SA1,BF0300_SA0,1,BL00300,BS027210,cv32e40p_compressed_decoder_FPU0_ZFINX0|g9628|A3,if_prefetch,n_2,combinational_output,8,5_8,g9628,AND3_X1,A3,combinational_input,if_prefetch|combinational_output|5_8,NOT_RUN,PENDING,,/raid/spring2026/fwu44/research/fault2assertion/faults/cv32e40p/branchfault/BF0300_SA1/results/crc32/screen_seed20260729_mc2000000,/raid/spring2026/fwu44/research/fault2assertion/faults/cv32e40p/branchfault/BF0300_SA1/results/crc32/screen_seed20260729_mc2000000/xrun.log,False,True,True
601,BF0301_SA0,BF0301_SA1,0,BL00301,BS027235,cv32e40p_compressed_decoder_FPU0_ZFINX0|g9565|A,if_prefetch,n_210,combinational_output,4,3_4,g9565,INV_X1,A,combinational_input,if_prefetch|combinational_output|3_4,NOT_RUN,PENDING,,/raid/spring2026/fwu44/research/fault2assertion/faults/cv32e40p/branchfault/BF0301_SA0/results/crc32/screen_seed20260729_mc2000000,/raid/spring2026/fwu44/research/fault2assertion/faults/cv32e40p/branchfault/BF0301_SA0/results/crc32/screen_seed20260729_mc2000000/xrun.log,False,True,True
602,BF0301_SA1,BF0301_SA0,1,BL00301,BS027235,cv32e40p_compressed_decoder_FPU0_ZFINX0|g9565|A,if_prefetch,n_210,combinational_output,4,3_4,g9565,INV_X1,A,combinational_input,if_prefetch|combinational_output|3_4,NOT_RUN,PENDING,,/raid/spring2026/fwu44/research/fault2assertion/faults/cv32e40p/branchfault/BF0301_SA1/results/crc32/screen_seed20260729_mc2000000,/raid/spring2026/fwu44/research/fault2assertion/faults/cv32e40p/branchfault/BF0301_SA1/results/crc32/screen_seed20260729_mc2000000/xrun.log,False,True,True
603,BF0302_SA0,BF0302_SA1,0,BL00302,BS027238,cv32e40p_compressed_decoder_FPU0_ZFINX0|g9543|A,if_prefetch,n_212,combinational_output,3,3_4,g9543,OAI21_X1,A,combinational_input,if_prefetch|combinational_output|3_4,NOT_RUN,PENDING,,/raid/spring2026/fwu44/research/fault2assertion/faults/cv32e40p/branchfault/BF0302_SA0/results/crc32/screen_seed20260729_mc2000000,/raid/spring2026/fwu44/research/fault2assertion/faults/cv32e40p/branchfault/BF0302_SA0/results/crc32/screen_seed20260729_mc2000000/xrun.log,False,True,True
604,BF0302_SA1,BF0302_SA0,1,BL00302,BS027238,cv32e40p_compressed_decoder_FPU0_ZFINX0|g9543|A,if_prefetch,n_212,combinational_output,3,3_4,g9543,OAI21_X1,A,combinational_input,if_prefetch|combinational_output|3_4,NOT_RUN,PENDING,,/raid/spring2026/fwu44/research/fault2assertion/faults/cv32e40p/branchfault/BF0302_SA1/results/crc32/screen_seed20260729_mc2000000,/raid/spring2026/fwu44/research/fault2assertion/faults/cv32e40p/branchfault/BF0302_SA1/results/crc32/screen_seed20260729_mc2000000/xrun.log,False,True,True
605,BF0303_SA0,BF0303_SA1,0,BL00303,BS027317,cv32e40p_compressed_decoder_FPU0_ZFINX0|g9655|A2,if_prefetch,n_32,combinational_output,8,5_8,g9655,NOR2_X1,A2,combinational_input,if_prefetch|combinational_output|5_8,NOT_RUN,PENDING,,/raid/spring2026/fwu44/research/fault2assertion/faults/cv32e40p/branchfault/BF0303_SA0/results/crc32/screen_seed20260729_mc2000000,/raid/spring2026/fwu44/research/fault2assertion/faults/cv32e40p/branchfault/BF0303_SA0/results/crc32/screen_seed20260729_mc2000000/xrun.log,False,True,True
606,BF0303_SA1,BF0303_SA0,1,BL00303,BS027317,cv32e40p_compressed_decoder_FPU0_ZFINX0|g9655|A2,if_prefetch,n_32,combinational_output,8,5_8,g9655,NOR2_X1,A2,combinational_input,if_prefetch|combinational_output|5_8,NOT_RUN,PENDING,,/raid/spring2026/fwu44/research/fault2assertion/faults/cv32e40p/branchfault/BF0303_SA1/results/crc32/screen_seed20260729_mc2000000,/raid/spring2026/fwu44/research/fault2assertion/faults/cv32e40p/branchfault/BF0303_SA1/results/crc32/screen_seed20260729_mc2000000/xrun.log,False,True,True
607,BF0304_SA0,BF0304_SA1,0,BL00304,BS027331,cv32e40p_compressed_decoder_FPU0_ZFINX0|g9549|B2,if_prefetch,n_35,combinational_output,3,3_4,g9549,OAI33_X1,B2,combinational_input,if_prefetch|combinational_output|3_4,NOT_RUN,PENDING,,/raid/spring2026/fwu44/research/fault2assertion/faults/cv32e40p/branchfault/BF0304_SA0/results/crc32/screen_seed20260729_mc2000000,/raid/spring2026/fwu44/research/fault2assertion/faults/cv32e40p/branchfault/BF0304_SA0/results/crc32/screen_seed20260729_mc2000000/xrun.log,False,True,True
608,BF0304_SA1,BF0304_SA0,1,BL00304,BS027331,cv32e40p_compressed_decoder_FPU0_ZFINX0|g9549|B2,if_prefetch,n_35,combinational_output,3,3_4,g9549,OAI33_X1,B2,combinational_input,if_prefetch|combinational_output|3_4,NOT_RUN,PENDING,,/raid/spring2026/fwu44/research/fault2assertion/faults/cv32e40p/branchfault/BF0304_SA1/results/crc32/screen_seed20260729_mc2000000,/raid/spring2026/fwu44/research/fault2assertion/faults/cv32e40p/branchfault/BF0304_SA1/results/crc32/screen_seed20260729_mc2000000/xrun.log,False,True,True
609,BF0305_SA0,BF0305_SA1,0,BL00305,BS027504,cv32e40p_cs_registers_N_HWLP2_APU0_A_EXTENSION0_FPU0_ZFINX0_PULP_SECURE0_USE_PMP0_N_PMP_ENTRIES16_NUM_MHPMCOUNTERS1_COREV_PULP0_COREV_CLUSTER0_DEBUG_TRIGGER_EN1|g41692|A2,if_prefetch,pc_id_i[12],hierarchy_boundary,3,3_4,g41692,AOI22_X1,A2,combinational_input,if_prefetch|hierarchy_boundary|3_4,NOT_RUN,PENDING,,/raid/spring2026/fwu44/research/fault2assertion/faults/cv32e40p/branchfault/BF0305_SA0/results/crc32/screen_seed20260729_mc2000000,/raid/spring2026/fwu44/research/fault2assertion/faults/cv32e40p/branchfault/BF0305_SA0/results/crc32/screen_seed20260729_mc2000000/xrun.log,False,True,True
610,BF0305_SA1,BF0305_SA0,1,BL00305,BS027504,cv32e40p_cs_registers_N_HWLP2_APU0_A_EXTENSION0_FPU0_ZFINX0_PULP_SECURE0_USE_PMP0_N_PMP_ENTRIES16_NUM_MHPMCOUNTERS1_COREV_PULP0_COREV_CLUSTER0_DEBUG_TRIGGER_EN1|g41692|A2,if_prefetch,pc_id_i[12],hierarchy_boundary,3,3_4,g41692,AOI22_X1,A2,combinational_input,if_prefetch|hierarchy_boundary|3_4,NOT_RUN,PENDING,,/raid/spring2026/fwu44/research/fault2assertion/faults/cv32e40p/branchfault/BF0305_SA1/results/crc32/screen_seed20260729_mc2000000,/raid/spring2026/fwu44/research/fault2assertion/faults/cv32e40p/branchfault/BF0305_SA1/results/crc32/screen_seed20260729_mc2000000/xrun.log,False,True,True
611,BF0306_SA0,BF0306_SA1,0,BL00306,BS027568,cv32e40p_cs_registers_N_HWLP2_APU0_A_EXTENSION0_FPU0_ZFINX0_PULP_SECURE0_USE_PMP0_N_PMP_ENTRIES16_NUM_MHPMCOUNTERS1_COREV_PULP0_COREV_CLUSTER0_DEBUG_TRIGGER_EN1|g42755__5477|A,if_prefetch,pc_id_i[2],hierarchy_boundary,3,3_4,g42755__5477,XOR2_X1,A,combinational_input,if_prefetch|hierarchy_boundary|3_4,NOT_RUN,PENDING,,/raid/spring2026/fwu44/research/fault2assertion/faults/cv32e40p/branchfault/BF0306_SA0/results/crc32/screen_seed20260729_mc2000000,/raid/spring2026/fwu44/research/fault2assertion/faults/cv32e40p/branchfault/BF0306_SA0/results/crc32/screen_seed20260729_mc2000000/xrun.log,False,True,True
612,BF0306_SA1,BF0306_SA0,1,BL00306,BS027568,cv32e40p_cs_registers_N_HWLP2_APU0_A_EXTENSION0_FPU0_ZFINX0_PULP_SECURE0_USE_PMP0_N_PMP_ENTRIES16_NUM_MHPMCOUNTERS1_COREV_PULP0_COREV_CLUSTER0_DEBUG_TRIGGER_EN1|g42755__5477|A,if_prefetch,pc_id_i[2],hierarchy_boundary,3,3_4,g42755__5477,XOR2_X1,A,combinational_input,if_prefetch|hierarchy_boundary|3_4,NOT_RUN,PENDING,,/raid/spring2026/fwu44/research/fault2assertion/faults/cv32e40p/branchfault/BF0306_SA1/results/crc32/screen_seed20260729_mc2000000,/raid/spring2026/fwu44/research/fault2assertion/faults/cv32e40p/branchfault/BF0306_SA1/results/crc32/screen_seed20260729_mc2000000/xrun.log,False,True,True
613,BF0307_SA0,BF0307_SA1,0,BL00307,BS027585,cv32e40p_cs_registers_N_HWLP2_APU0_A_EXTENSION0_FPU0_ZFINX0_PULP_SECURE0_USE_PMP0_N_PMP_ENTRIES16_NUM_MHPMCOUNTERS1_COREV_PULP0_COREV_CLUSTER0_DEBUG_TRIGGER_EN1|g41680|A2,if_prefetch,pc_id_i[6],hierarchy_boundary,4,3_4,g41680,AOI22_X1,A2,combinational_input,if_prefetch|hierarchy_boundary|3_4,NOT_RUN,PENDING,,/raid/spring2026/fwu44/research/fault2assertion/faults/cv32e40p/branchfault/BF0307_SA0/results/crc32/screen_seed20260729_mc2000000,/raid/spring2026/fwu44/research/fault2assertion/faults/cv32e40p/branchfault/BF0307_SA0/results/crc32/screen_seed20260729_mc2000000/xrun.log,False,True,True
614,BF0307_SA1,BF0307_SA0,1,BL00307,BS027585,cv32e40p_cs_registers_N_HWLP2_APU0_A_EXTENSION0_FPU0_ZFINX0_PULP_SECURE0_USE_PMP0_N_PMP_ENTRIES16_NUM_MHPMCOUNTERS1_COREV_PULP0_COREV_CLUSTER0_DEBUG_TRIGGER_EN1|g41680|A2,if_prefetch,pc_id_i[6],hierarchy_boundary,4,3_4,g41680,AOI22_X1,A2,combinational_input,if_prefetch|hierarchy_boundary|3_4,NOT_RUN,PENDING,,/raid/spring2026/fwu44/research/fault2assertion/faults/cv32e40p/branchfault/BF0307_SA1/results/crc32/screen_seed20260729_mc2000000,/raid/spring2026/fwu44/research/fault2assertion/faults/cv32e40p/branchfault/BF0307_SA1/results/crc32/screen_seed20260729_mc2000000/xrun.log,False,True,True
615,BF0308_SA0,BF0308_SA1,0,BL00308,BS027596,cv32e40p_cs_registers_N_HWLP2_APU0_A_EXTENSION0_FPU0_ZFINX0_PULP_SECURE0_USE_PMP0_N_PMP_ENTRIES16_NUM_MHPMCOUNTERS1_COREV_PULP0_COREV_CLUSTER0_DEBUG_TRIGGER_EN1|g41817|A2,if_prefetch,pc_id_i[9],hierarchy_boundary,3,3_4,g41817,NAND2_X1,A2,combinational_input,if_prefetch|hierarchy_boundary|3_4,NOT_RUN,PENDING,,/raid/spring2026/fwu44/research/fault2assertion/faults/cv32e40p/branchfault/BF0308_SA0/results/crc32/screen_seed20260729_mc2000000,/raid/spring2026/fwu44/research/fault2assertion/faults/cv32e40p/branchfault/BF0308_SA0/results/crc32/screen_seed20260729_mc2000000/xrun.log,False,True,True
616,BF0308_SA1,BF0308_SA0,1,BL00308,BS027596,cv32e40p_cs_registers_N_HWLP2_APU0_A_EXTENSION0_FPU0_ZFINX0_PULP_SECURE0_USE_PMP0_N_PMP_ENTRIES16_NUM_MHPMCOUNTERS1_COREV_PULP0_COREV_CLUSTER0_DEBUG_TRIGGER_EN1|g41817|A2,if_prefetch,pc_id_i[9],hierarchy_boundary,3,3_4,g41817,NAND2_X1,A2,combinational_input,if_prefetch|hierarchy_boundary|3_4,NOT_RUN,PENDING,,/raid/spring2026/fwu44/research/fault2assertion/faults/cv32e40p/branchfault/BF0308_SA1/results/crc32/screen_seed20260729_mc2000000,/raid/spring2026/fwu44/research/fault2assertion/faults/cv32e40p/branchfault/BF0308_SA1/results/crc32/screen_seed20260729_mc2000000/xrun.log,False,True,True
617,BF0309_SA0,BF0309_SA1,0,BL00309,BS027646,cv32e40p_cs_registers_N_HWLP2_APU0_A_EXTENSION0_FPU0_ZFINX0_PULP_SECURE0_USE_PMP0_N_PMP_ENTRIES16_NUM_MHPMCOUNTERS1_COREV_PULP0_COREV_CLUSTER0_DEBUG_TRIGGER_EN1|g41683|B2,if_prefetch,pc_if_i[3],hierarchy_boundary,2,2,g41683,AOI22_X1,B2,combinational_input,if_prefetch|hierarchy_boundary|2,NOT_RUN,PENDING,,/raid/spring2026/fwu44/research/fault2assertion/faults/cv32e40p/branchfault/BF0309_SA0/results/crc32/screen_seed20260729_mc2000000,/raid/spring2026/fwu44/research/fault2assertion/faults/cv32e40p/branchfault/BF0309_SA0/results/crc32/screen_seed20260729_mc2000000/xrun.log,False,True,True
618,BF0309_SA1,BF0309_SA0,1,BL00309,BS027646,cv32e40p_cs_registers_N_HWLP2_APU0_A_EXTENSION0_FPU0_ZFINX0_PULP_SECURE0_USE_PMP0_N_PMP_ENTRIES16_NUM_MHPMCOUNTERS1_COREV_PULP0_COREV_CLUSTER0_DEBUG_TRIGGER_EN1|g41683|B2,if_prefetch,pc_if_i[3],hierarchy_boundary,2,2,g41683,AOI22_X1,B2,combinational_input,if_prefetch|hierarchy_boundary|2,NOT_RUN,PENDING,,/raid/spring2026/fwu44/research/fault2assertion/faults/cv32e40p/branchfault/BF0309_SA1/results/crc32/screen_seed20260729_mc2000000,/raid/spring2026/fwu44/research/fault2assertion/faults/cv32e40p/branchfault/BF0309_SA1/results/crc32/screen_seed20260729_mc2000000/xrun.log,False,True,True
619,BF0310_SA0,BF0310_SA1,0,BL00310,BS027757,cv32e40p_decoder_COREV_PULP0_COREV_CLUSTER0_A_EXTENSION0_FPU0_FPU_ADDMUL_LAT0_FPU_OTHERS_LAT0_ZFINX0_PULP_SECURE0_USE_PMP0_APU_WOP_CPU6_DEBUG_TRIGGER_EN1|g8619|B2,if_prefetch,instr_rdata_i[30],hierarchy_boundary,8,5_8,g8619,AOI21_X1,B2,combinational_input,if_prefetch|hierarchy_boundary|5_8,NOT_RUN,PENDING,,/raid/spring2026/fwu44/research/fault2assertion/faults/cv32e40p/branchfault/BF0310_SA0/results/crc32/screen_seed20260729_mc2000000,/raid/spring2026/fwu44/research/fault2assertion/faults/cv32e40p/branchfault/BF0310_SA0/results/crc32/screen_seed20260729_mc2000000/xrun.log,False,True,True
620,BF0310_SA1,BF0310_SA0,1,BL00310,BS027757,cv32e40p_decoder_COREV_PULP0_COREV_CLUSTER0_A_EXTENSION0_FPU0_FPU_ADDMUL_LAT0_FPU_OTHERS_LAT0_ZFINX0_PULP_SECURE0_USE_PMP0_APU_WOP_CPU6_DEBUG_TRIGGER_EN1|g8619|B2,if_prefetch,instr_rdata_i[30],hierarchy_boundary,8,5_8,g8619,AOI21_X1,B2,combinational_input,if_prefetch|hierarchy_boundary|5_8,NOT_RUN,PENDING,,/raid/spring2026/fwu44/research/fault2assertion/faults/cv32e40p/branchfault/BF0310_SA1/results/crc32/screen_seed20260729_mc2000000,/raid/spring2026/fwu44/research/fault2assertion/faults/cv32e40p/branchfault/BF0310_SA1/results/crc32/screen_seed20260729_mc2000000/xrun.log,False,True,True
621,BF0311_SA0,BF0311_SA1,0,BL00311,BS027834,cv32e40p_fifo_FALL_THROUGH0_DATA_WIDTH32_DEPTH2|g2468|S,if_prefetch,read_pointer_q,sequential_output,33,gt_8,g2468,MUX2_X1,S,mux_select,if_prefetch|sequential_output|gt_8,NOT_RUN,PENDING,,/raid/spring2026/fwu44/research/fault2assertion/faults/cv32e40p/branchfault/BF0311_SA0/results/crc32/screen_seed20260729_mc2000000,/raid/spring2026/fwu44/research/fault2assertion/faults/cv32e40p/branchfault/BF0311_SA0/results/crc32/screen_seed20260729_mc2000000/xrun.log,False,True,True
622,BF0311_SA1,BF0311_SA0,1,BL00311,BS027834,cv32e40p_fifo_FALL_THROUGH0_DATA_WIDTH32_DEPTH2|g2468|S,if_prefetch,read_pointer_q,sequential_output,33,gt_8,g2468,MUX2_X1,S,mux_select,if_prefetch|sequential_output|gt_8,NOT_RUN,PENDING,,/raid/spring2026/fwu44/research/fault2assertion/faults/cv32e40p/branchfault/BF0311_SA1/results/crc32/screen_seed20260729_mc2000000,/raid/spring2026/fwu44/research/fault2assertion/faults/cv32e40p/branchfault/BF0311_SA1/results/crc32/screen_seed20260729_mc2000000/xrun.log,False,True,True
623,BF0312_SA0,BF0312_SA1,0,BL00312,BS027882,cv32e40p_id_stage_COREV_PULP0_COREV_CLUSTER0_N_HWLP2_PULP_SECURE0_USE_PMP0_A_EXTENSION0_APU0_FPU0_FPU_ADDMUL_LAT0_FPU_OTHERS_LAT0_ZFINX0_APU_NARGS_CPU3_APU_WOP_CPU6_APU_NDSFLAGS_CPU15_APU_NUSFLAGS_CPU5_DEBUG_TRIGGER_EN1|g290|A3,if_prefetch,instr_rdata_i[16],hierarchy_boundary,7,5_8,g290,OR3_X1,A3,combinational_input,if_prefetch|hierarchy_boundary|5_8,NOT_RUN,PENDING,,/raid/spring2026/fwu44/research/fault2assertion/faults/cv32e40p/branchfault/BF0312_SA0/results/crc32/screen_seed20260729_mc2000000,/raid/spring2026/fwu44/research/fault2assertion/faults/cv32e40p/branchfault/BF0312_SA0/results/crc32/screen_seed20260729_mc2000000/xrun.log,False,True,True
624,BF0312_SA1,BF0312_SA0,1,BL00312,BS027882,cv32e40p_id_stage_COREV_PULP0_COREV_CLUSTER0_N_HWLP2_PULP_SECURE0_USE_PMP0_A_EXTENSION0_APU0_FPU0_FPU_ADDMUL_LAT0_FPU_OTHERS_LAT0_ZFINX0_APU_NARGS_CPU3_APU_WOP_CPU6_APU_NDSFLAGS_CPU15_APU_NUSFLAGS_CPU5_DEBUG_TRIGGER_EN1|g290|A3,if_prefetch,instr_rdata_i[16],hierarchy_boundary,7,5_8,g290,OR3_X1,A3,combinational_input,if_prefetch|hierarchy_boundary|5_8,NOT_RUN,PENDING,,/raid/spring2026/fwu44/research/fault2assertion/faults/cv32e40p/branchfault/BF0312_SA1/results/crc32/screen_seed20260729_mc2000000,/raid/spring2026/fwu44/research/fault2assertion/faults/cv32e40p/branchfault/BF0312_SA1/results/crc32/screen_seed20260729_mc2000000/xrun.log,False,True,True
625,BF0313_SA0,BF0313_SA1,0,BL00313,BS027890,cv32e40p_id_stage_COREV_PULP0_COREV_CLUSTER0_N_HWLP2_PULP_SECURE0_USE_PMP0_A_EXTENSION0_APU0_FPU0_FPU_ADDMUL_LAT0_FPU_OTHERS_LAT0_ZFINX0_APU_NARGS_CPU3_APU_WOP_CPU6_APU_NDSFLAGS_CPU15_APU_NUSFLAGS_CPU5_DEBUG_TRIGGER_EN1|g291|A,if_prefetch,instr_rdata_i[17],hierarchy_boundary,7,5_8,g291,XOR2_X1,A,combinational_input,if_prefetch|hierarchy_boundary|5_8,NOT_RUN,PENDING,,/raid/spring2026/fwu44/research/fault2assertion/faults/cv32e40p/branchfault/BF0313_SA0/results/crc32/screen_seed20260729_mc2000000,/raid/spring2026/fwu44/research/fault2assertion/faults/cv32e40p/branchfault/BF0313_SA0/results/crc32/screen_seed20260729_mc2000000/xrun.log,False,True,True
626,BF0313_SA1,BF0313_SA0,1,BL00313,BS027890,cv32e40p_id_stage_COREV_PULP0_COREV_CLUSTER0_N_HWLP2_PULP_SECURE0_USE_PMP0_A_EXTENSION0_APU0_FPU0_FPU_ADDMUL_LAT0_FPU_OTHERS_LAT0_ZFINX0_APU_NARGS_CPU3_APU_WOP_CPU6_APU_NDSFLAGS_CPU15_APU_NUSFLAGS_CPU5_DEBUG_TRIGGER_EN1|g291|A,if_prefetch,instr_rdata_i[17],hierarchy_boundary,7,5_8,g291,XOR2_X1,A,combinational_input,if_prefetch|hierarchy_boundary|5_8,NOT_RUN,PENDING,,/raid/spring2026/fwu44/research/fault2assertion/faults/cv32e40p/branchfault/BF0313_SA1/results/crc32/screen_seed20260729_mc2000000,/raid/spring2026/fwu44/research/fault2assertion/faults/cv32e40p/branchfault/BF0313_SA1/results/crc32/screen_seed20260729_mc2000000/xrun.log,False,True,True
627,BF0314_SA0,BF0314_SA1,0,BL00314,BS027978,cv32e40p_id_stage_COREV_PULP0_COREV_CLUSTER0_N_HWLP2_PULP_SECURE0_USE_PMP0_A_EXTENSION0_APU0_FPU0_FPU_ADDMUL_LAT0_FPU_OTHERS_LAT0_ZFINX0_APU_NARGS_CPU3_APU_WOP_CPU6_APU_NDSFLAGS_CPU15_APU_NUSFLAGS_CPU5_DEBUG_TRIGGER_EN1|\add_576_38_Y_add_575_38_Y_add_579_49/g1356|A2,if_prefetch,instr_rdata_i[31],hierarchy_boundary,28,gt_8,\add_576_38_Y_add_575_38_Y_add_579_49/g1356,NAND2_X1,A2,combinational_input,if_prefetch|hierarchy_boundary|gt_8,NOT_RUN,PENDING,,/raid/spring2026/fwu44/research/fault2assertion/faults/cv32e40p/branchfault/BF0314_SA0/results/crc32/screen_seed20260729_mc2000000,/raid/spring2026/fwu44/research/fault2assertion/faults/cv32e40p/branchfault/BF0314_SA0/results/crc32/screen_seed20260729_mc2000000/xrun.log,False,True,True
628,BF0314_SA1,BF0314_SA0,1,BL00314,BS027978,cv32e40p_id_stage_COREV_PULP0_COREV_CLUSTER0_N_HWLP2_PULP_SECURE0_USE_PMP0_A_EXTENSION0_APU0_FPU0_FPU_ADDMUL_LAT0_FPU_OTHERS_LAT0_ZFINX0_APU_NARGS_CPU3_APU_WOP_CPU6_APU_NDSFLAGS_CPU15_APU_NUSFLAGS_CPU5_DEBUG_TRIGGER_EN1|\add_576_38_Y_add_575_38_Y_add_579_49/g1356|A2,if_prefetch,instr_rdata_i[31],hierarchy_boundary,28,gt_8,\add_576_38_Y_add_575_38_Y_add_579_49/g1356,NAND2_X1,A2,combinational_input,if_prefetch|hierarchy_boundary|gt_8,NOT_RUN,PENDING,,/raid/spring2026/fwu44/research/fault2assertion/faults/cv32e40p/branchfault/BF0314_SA1/results/crc32/screen_seed20260729_mc2000000,/raid/spring2026/fwu44/research/fault2assertion/faults/cv32e40p/branchfault/BF0314_SA1/results/crc32/screen_seed20260729_mc2000000/xrun.log,False,True,True
629,BF0315_SA0,BF0315_SA1,0,BL00315,BS028010,cv32e40p_id_stage_COREV_PULP0_COREV_CLUSTER0_N_HWLP2_PULP_SECURE0_USE_PMP0_A_EXTENSION0_APU0_FPU0_FPU_ADDMUL_LAT0_FPU_OTHERS_LAT0_ZFINX0_APU_NARGS_CPU3_APU_WOP_CPU6_APU_NDSFLAGS_CPU15_APU_NUSFLAGS_CPU5_DEBUG_TRIGGER_EN1|g28074|A2,if_prefetch,pc_id_i[10],hierarchy_boundary,2,2,g28074,NAND2_X1,A2,combinational_input,if_prefetch|hierarchy_boundary|2,NOT_RUN,PENDING,,/raid/spring2026/fwu44/research/fault2assertion/faults/cv32e40p/branchfault/BF0315_SA0/results/crc32/screen_seed20260729_mc2000000,/raid/spring2026/fwu44/research/fault2assertion/faults/cv32e40p/branchfault/BF0315_SA0/results/crc32/screen_seed20260729_mc2000000/xrun.log,False,True,True
630,BF0315_SA1,BF0315_SA0,1,BL00315,BS028010,cv32e40p_id_stage_COREV_PULP0_COREV_CLUSTER0_N_HWLP2_PULP_SECURE0_USE_PMP0_A_EXTENSION0_APU0_FPU0_FPU_ADDMUL_LAT0_FPU_OTHERS_LAT0_ZFINX0_APU_NARGS_CPU3_APU_WOP_CPU6_APU_NDSFLAGS_CPU15_APU_NUSFLAGS_CPU5_DEBUG_TRIGGER_EN1|g28074|A2,if_prefetch,pc_id_i[10],hierarchy_boundary,2,2,g28074,NAND2_X1,A2,combinational_input,if_prefetch|hierarchy_boundary|2,NOT_RUN,PENDING,,/raid/spring2026/fwu44/research/fault2assertion/faults/cv32e40p/branchfault/BF0315_SA1/results/crc32/screen_seed20260729_mc2000000,/raid/spring2026/fwu44/research/fault2assertion/faults/cv32e40p/branchfault/BF0315_SA1/results/crc32/screen_seed20260729_mc2000000/xrun.log,False,True,True
631,BF0316_SA0,BF0316_SA1,0,BL00316,BS028030,cv32e40p_id_stage_COREV_PULP0_COREV_CLUSTER0_N_HWLP2_PULP_SECURE0_USE_PMP0_A_EXTENSION0_APU0_FPU0_FPU_ADDMUL_LAT0_FPU_OTHERS_LAT0_ZFINX0_APU_NARGS_CPU3_APU_WOP_CPU6_APU_NDSFLAGS_CPU15_APU_NUSFLAGS_CPU5_DEBUG_TRIGGER_EN1|g27923|B2,if_prefetch,pc_id_i[1],hierarchy_boundary,2,2,g27923,AOI22_X1,B2,combinational_input,if_prefetch|hierarchy_boundary|2,NOT_RUN,PENDING,,/raid/spring2026/fwu44/research/fault2assertion/faults/cv32e40p/branchfault/BF0316_SA0/results/crc32/screen_seed20260729_mc2000000,/raid/spring2026/fwu44/research/fault2assertion/faults/cv32e40p/branchfault/BF0316_SA0/results/crc32/screen_seed20260729_mc2000000/xrun.log,False,True,True
632,BF0316_SA1,BF0316_SA0,1,BL00316,BS028030,cv32e40p_id_stage_COREV_PULP0_COREV_CLUSTER0_N_HWLP2_PULP_SECURE0_USE_PMP0_A_EXTENSION0_APU0_FPU0_FPU_ADDMUL_LAT0_FPU_OTHERS_LAT0_ZFINX0_APU_NARGS_CPU3_APU_WOP_CPU6_APU_NDSFLAGS_CPU15_APU_NUSFLAGS_CPU5_DEBUG_TRIGGER_EN1|g27923|B2,if_prefetch,pc_id_i[1],hierarchy_boundary,2,2,g27923,AOI22_X1,B2,combinational_input,if_prefetch|hierarchy_boundary|2,NOT_RUN,PENDING,,/raid/spring2026/fwu44/research/fault2assertion/faults/cv32e40p/branchfault/BF0316_SA1/results/crc32/screen_seed20260729_mc2000000,/raid/spring2026/fwu44/research/fault2assertion/faults/cv32e40p/branchfault/BF0316_SA1/results/crc32/screen_seed20260729_mc2000000/xrun.log,False,True,True
633,BF0317_SA0,BF0317_SA1,0,BL00317,BS028138,cv32e40p_if_stage_COREV_PULP0_PULP_OBI0_PULP_SECURE0_FPU0_ZFINX0|\add_167_42/g730|A,if_prefetch,\add_167_42/n_55,combinational_output,2,2,\add_167_42/g730,INV_X1,A,combinational_input,if_prefetch|combinational_output|2,NOT_RUN,PENDING,,/raid/spring2026/fwu44/research/fault2assertion/faults/cv32e40p/branchfault/BF0317_SA0/results/crc32/screen_seed20260729_mc2000000,/raid/spring2026/fwu44/research/fault2assertion/faults/cv32e40p/branchfault/BF0317_SA0/results/crc32/screen_seed20260729_mc2000000/xrun.log,False,True,True
634,BF0317_SA1,BF0317_SA0,1,BL00317,BS028138,cv32e40p_if_stage_COREV_PULP0_PULP_OBI0_PULP_SECURE0_FPU0_ZFINX0|\add_167_42/g730|A,if_prefetch,\add_167_42/n_55,combinational_output,2,2,\add_167_42/g730,INV_X1,A,combinational_input,if_prefetch|combinational_output|2,NOT_RUN,PENDING,,/raid/spring2026/fwu44/research/fault2assertion/faults/cv32e40p/branchfault/BF0317_SA1/results/crc32/screen_seed20260729_mc2000000,/raid/spring2026/fwu44/research/fault2assertion/faults/cv32e40p/branchfault/BF0317_SA1/results/crc32/screen_seed20260729_mc2000000/xrun.log,False,True,True
635,BF0318_SA0,BF0318_SA1,0,BL00318,BS028181,cv32e40p_if_stage_COREV_PULP0_PULP_OBI0_PULP_SECURE0_FPU0_ZFINX0|g6184|A1,if_prefetch,n_26,combinational_output,2,2,g6184,AND2_X2,A1,combinational_input,if_prefetch|combinational_output|2,NOT_RUN,PENDING,,/raid/spring2026/fwu44/research/fault2assertion/faults/cv32e40p/branchfault/BF0318_SA0/results/crc32/screen_seed20260729_mc2000000,/raid/spring2026/fwu44/research/fault2assertion/faults/cv32e40p/branchfault/BF0318_SA0/results/crc32/screen_seed20260729_mc2000000/xrun.log,False,True,True
636,BF0318_SA1,BF0318_SA0,1,BL00318,BS028181,cv32e40p_if_stage_COREV_PULP0_PULP_OBI0_PULP_SECURE0_FPU0_ZFINX0|g6184|A1,if_prefetch,n_26,combinational_output,2,2,g6184,AND2_X2,A1,combinational_input,if_prefetch|combinational_output|2,NOT_RUN,PENDING,,/raid/spring2026/fwu44/research/fault2assertion/faults/cv32e40p/branchfault/BF0318_SA1/results/crc32/screen_seed20260729_mc2000000,/raid/spring2026/fwu44/research/fault2assertion/faults/cv32e40p/branchfault/BF0318_SA1/results/crc32/screen_seed20260729_mc2000000/xrun.log,False,True,True
637,BF0319_SA0,BF0319_SA1,0,BL00319,BS028300,cv32e40p_if_stage_COREV_PULP0_PULP_OBI0_PULP_SECURE0_FPU0_ZFINX0|g6133|A1,if_prefetch,n_35,combinational_output,31,gt_8,g6133,AOI22_X1,A1,combinational_input,if_prefetch|combinational_output|gt_8,NOT_RUN,PENDING,,/raid/spring2026/fwu44/research/fault2assertion/faults/cv32e40p/branchfault/BF0319_SA0/results/crc32/screen_seed20260729_mc2000000,/raid/spring2026/fwu44/research/fault2assertion/faults/cv32e40p/branchfault/BF0319_SA0/results/crc32/screen_seed20260729_mc2000000/xrun.log,False,True,True
638,BF0319_SA1,BF0319_SA0,1,BL00319,BS028300,cv32e40p_if_stage_COREV_PULP0_PULP_OBI0_PULP_SECURE0_FPU0_ZFINX0|g6133|A1,if_prefetch,n_35,combinational_output,31,gt_8,g6133,AOI22_X1,A1,combinational_input,if_prefetch|combinational_output|gt_8,NOT_RUN,PENDING,,/raid/spring2026/fwu44/research/fault2assertion/faults/cv32e40p/branchfault/BF0319_SA1/results/crc32/screen_seed20260729_mc2000000,/raid/spring2026/fwu44/research/fault2assertion/faults/cv32e40p/branchfault/BF0319_SA1/results/crc32/screen_seed20260729_mc2000000/xrun.log,False,True,True
639,BF0320_SA0,BF0320_SA1,0,BL00320,BS028438,cv32e40p_if_stage_COREV_PULP0_PULP_OBI0_PULP_SECURE0_FPU0_ZFINX0|g6089|B1,if_prefetch,n_40,combinational_output,25,gt_8,g6089,AOI22_X1,B1,combinational_input,if_prefetch|combinational_output|gt_8,NOT_RUN,PENDING,,/raid/spring2026/fwu44/research/fault2assertion/faults/cv32e40p/branchfault/BF0320_SA0/results/crc32/screen_seed20260729_mc2000000,/raid/spring2026/fwu44/research/fault2assertion/faults/cv32e40p/branchfault/BF0320_SA0/results/crc32/screen_seed20260729_mc2000000/xrun.log,False,True,True
640,BF0320_SA1,BF0320_SA0,1,BL00320,BS028438,cv32e40p_if_stage_COREV_PULP0_PULP_OBI0_PULP_SECURE0_FPU0_ZFINX0|g6089|B1,if_prefetch,n_40,combinational_output,25,gt_8,g6089,AOI22_X1,B1,combinational_input,if_prefetch|combinational_output|gt_8,NOT_RUN,PENDING,,/raid/spring2026/fwu44/research/fault2assertion/faults/cv32e40p/branchfault/BF0320_SA1/results/crc32/screen_seed20260729_mc2000000,/raid/spring2026/fwu44/research/fault2assertion/faults/cv32e40p/branchfault/BF0320_SA1/results/crc32/screen_seed20260729_mc2000000/xrun.log,False,True,True
641,BF0321_SA0,BF0321_SA1,0,BL00321,BS028463,cv32e40p_if_stage_COREV_PULP0_PULP_OBI0_PULP_SECURE0_FPU0_ZFINX0|\add_167_42/g785|A,if_prefetch,pc_id_o[11],sequential_output,3,3_4,\add_167_42/g785,INV_X1,A,combinational_input,if_prefetch|sequential_output|3_4,NOT_RUN,PENDING,,/raid/spring2026/fwu44/research/fault2assertion/faults/cv32e40p/branchfault/BF0321_SA0/results/crc32/screen_seed20260729_mc2000000,/raid/spring2026/fwu44/research/fault2assertion/faults/cv32e40p/branchfault/BF0321_SA0/results/crc32/screen_seed20260729_mc2000000/xrun.log,False,True,True
642,BF0321_SA1,BF0321_SA0,1,BL00321,BS028463,cv32e40p_if_stage_COREV_PULP0_PULP_OBI0_PULP_SECURE0_FPU0_ZFINX0|\add_167_42/g785|A,if_prefetch,pc_id_o[11],sequential_output,3,3_4,\add_167_42/g785,INV_X1,A,combinational_input,if_prefetch|sequential_output|3_4,NOT_RUN,PENDING,,/raid/spring2026/fwu44/research/fault2assertion/faults/cv32e40p/branchfault/BF0321_SA1/results/crc32/screen_seed20260729_mc2000000,/raid/spring2026/fwu44/research/fault2assertion/faults/cv32e40p/branchfault/BF0321_SA1/results/crc32/screen_seed20260729_mc2000000/xrun.log,False,True,True
643,BF0322_SA0,BF0322_SA1,0,BL00322,BS028500,cv32e40p_if_stage_COREV_PULP0_PULP_OBI0_PULP_SECURE0_FPU0_ZFINX0|\add_167_42/g776|A2,if_prefetch,pc_id_o[21],sequential_output,3,3_4,\add_167_42/g776,AND4_X1,A2,combinational_input,if_prefetch|sequential_output|3_4,NOT_RUN,PENDING,,/raid/spring2026/fwu44/research/fault2assertion/faults/cv32e40p/branchfault/BF0322_SA0/results/crc32/screen_seed20260729_mc2000000,/raid/spring2026/fwu44/research/fault2assertion/faults/cv32e40p/branchfault/BF0322_SA0/results/crc32/screen_seed20260729_mc2000000/xrun.log,False,True,True
644,BF0322_SA1,BF0322_SA0,1,BL00322,BS028500,cv32e40p_if_stage_COREV_PULP0_PULP_OBI0_PULP_SECURE0_FPU0_ZFINX0|\add_167_42/g776|A2,if_prefetch,pc_id_o[21],sequential_output,3,3_4,\add_167_42/g776,AND4_X1,A2,combinational_input,if_prefetch|sequential_output|3_4,NOT_RUN,PENDING,,/raid/spring2026/fwu44/research/fault2assertion/faults/cv32e40p/branchfault/BF0322_SA1/results/crc32/screen_seed20260729_mc2000000,/raid/spring2026/fwu44/research/fault2assertion/faults/cv32e40p/branchfault/BF0322_SA1/results/crc32/screen_seed20260729_mc2000000/xrun.log,False,True,True
645,BF0323_SA0,BF0323_SA1,0,BL00323,BS028584,cv32e40p_obi_interface_TRANS_STABLE0|\gen_no_trans_stable.obi_addr_q_reg[12]|D,if_prefetch,\gen_no_trans_stable.obi_addr_q [12],sequential_output,2,2,\gen_no_trans_stable.obi_addr_q_reg[12],SDFFR_X1,D,sequential_data_input,if_prefetch|sequential_output|2,NOT_RUN,PENDING,,/raid/spring2026/fwu44/research/fault2assertion/faults/cv32e40p/branchfault/BF0323_SA0/results/crc32/screen_seed20260729_mc2000000,/raid/spring2026/fwu44/research/fault2assertion/faults/cv32e40p/branchfault/BF0323_SA0/results/crc32/screen_seed20260729_mc2000000/xrun.log,False,True,True
646,BF0323_SA1,BF0323_SA0,1,BL00323,BS028584,cv32e40p_obi_interface_TRANS_STABLE0|\gen_no_trans_stable.obi_addr_q_reg[12]|D,if_prefetch,\gen_no_trans_stable.obi_addr_q [12],sequential_output,2,2,\gen_no_trans_stable.obi_addr_q_reg[12],SDFFR_X1,D,sequential_data_input,if_prefetch|sequential_output|2,NOT_RUN,PENDING,,/raid/spring2026/fwu44/research/fault2assertion/faults/cv32e40p/branchfault/BF0323_SA1/results/crc32/screen_seed20260729_mc2000000,/raid/spring2026/fwu44/research/fault2assertion/faults/cv32e40p/branchfault/BF0323_SA1/results/crc32/screen_seed20260729_mc2000000/xrun.log,False,True,True
647,BF0324_SA0,BF0324_SA1,0,BL00324,BS028620,cv32e40p_obi_interface_TRANS_STABLE0|\gen_no_trans_stable.obi_addr_q_reg[2]|D,if_prefetch,\gen_no_trans_stable.obi_addr_q [2],sequential_output,2,2,\gen_no_trans_stable.obi_addr_q_reg[2],SDFFR_X1,D,sequential_data_input,if_prefetch|sequential_output|2,NOT_RUN,PENDING,,/raid/spring2026/fwu44/research/fault2assertion/faults/cv32e40p/branchfault/BF0324_SA0/results/crc32/screen_seed20260729_mc2000000,/raid/spring2026/fwu44/research/fault2assertion/faults/cv32e40p/branchfault/BF0324_SA0/results/crc32/screen_seed20260729_mc2000000/xrun.log,False,True,True
648,BF0324_SA1,BF0324_SA0,1,BL00324,BS028620,cv32e40p_obi_interface_TRANS_STABLE0|\gen_no_trans_stable.obi_addr_q_reg[2]|D,if_prefetch,\gen_no_trans_stable.obi_addr_q [2],sequential_output,2,2,\gen_no_trans_stable.obi_addr_q_reg[2],SDFFR_X1,D,sequential_data_input,if_prefetch|sequential_output|2,NOT_RUN,PENDING,,/raid/spring2026/fwu44/research/fault2assertion/faults/cv32e40p/branchfault/BF0324_SA1/results/crc32/screen_seed20260729_mc2000000,/raid/spring2026/fwu44/research/fault2assertion/faults/cv32e40p/branchfault/BF0324_SA1/results/crc32/screen_seed20260729_mc2000000/xrun.log,False,True,True
649,BF0325_SA0,BF0325_SA1,0,BL00325,BS028636,cv32e40p_obi_interface_TRANS_STABLE0|\gen_no_trans_stable.obi_addr_q_reg[8]|D,if_prefetch,\gen_no_trans_stable.obi_addr_q [8],sequential_output,2,2,\gen_no_trans_stable.obi_addr_q_reg[8],SDFFR_X1,D,sequential_data_input,if_prefetch|sequential_output|2,NOT_RUN,PENDING,,/raid/spring2026/fwu44/research/fault2assertion/faults/cv32e40p/branchfault/BF0325_SA0/results/crc32/screen_seed20260729_mc2000000,/raid/spring2026/fwu44/research/fault2assertion/faults/cv32e40p/branchfault/BF0325_SA0/results/crc32/screen_seed20260729_mc2000000/xrun.log,False,True,True
650,BF0325_SA1,BF0325_SA0,1,BL00325,BS028636,cv32e40p_obi_interface_TRANS_STABLE0|\gen_no_trans_stable.obi_addr_q_reg[8]|D,if_prefetch,\gen_no_trans_stable.obi_addr_q [8],sequential_output,2,2,\gen_no_trans_stable.obi_addr_q_reg[8],SDFFR_X1,D,sequential_data_input,if_prefetch|sequential_output|2,NOT_RUN,PENDING,,/raid/spring2026/fwu44/research/fault2assertion/faults/cv32e40p/branchfault/BF0325_SA1/results/crc32/screen_seed20260729_mc2000000,/raid/spring2026/fwu44/research/fault2assertion/faults/cv32e40p/branchfault/BF0325_SA1/results/crc32/screen_seed20260729_mc2000000/xrun.log,False,True,True
651,BF0326_SA0,BF0326_SA1,0,BL00326,BS028670,cv32e40p_obi_interface_TRANS_STABLE0|g1258|S,if_prefetch,trans_ready_o,sequential_output,32,gt_8,g1258,MUX2_X1,S,mux_select,if_prefetch|sequential_output|gt_8,NOT_RUN,PENDING,,/raid/spring2026/fwu44/research/fault2assertion/faults/cv32e40p/branchfault/BF0326_SA0/results/crc32/screen_seed20260729_mc2000000,/raid/spring2026/fwu44/research/fault2assertion/faults/cv32e40p/branchfault/BF0326_SA0/results/crc32/screen_seed20260729_mc2000000/xrun.log,False,True,True
652,BF0326_SA1,BF0326_SA0,1,BL00326,BS028670,cv32e40p_obi_interface_TRANS_STABLE0|g1258|S,if_prefetch,trans_ready_o,sequential_output,32,gt_8,g1258,MUX2_X1,S,mux_select,if_prefetch|sequential_output|gt_8,NOT_RUN,PENDING,,/raid/spring2026/fwu44/research/fault2assertion/faults/cv32e40p/branchfault/BF0326_SA1/results/crc32/screen_seed20260729_mc2000000,/raid/spring2026/fwu44/research/fault2assertion/faults/cv32e40p/branchfault/BF0326_SA1/results/crc32/screen_seed20260729_mc2000000/xrun.log,False,True,True
653,BF0327_SA0,BF0327_SA1,0,BL00327,BS028717,cv32e40p_prefetch_controller_PULP_OBI0_COREV_PULP0_DEPTH2|\inc_add_138_56/g503|A1,if_prefetch,\inc_add_138_56/n_13,combinational_output,4,3_4,\inc_add_138_56/g503,NAND2_X1,A1,combinational_input,if_prefetch|combinational_output|3_4,NOT_RUN,PENDING,,/raid/spring2026/fwu44/research/fault2assertion/faults/cv32e40p/branchfault/BF0327_SA0/results/crc32/screen_seed20260729_mc2000000,/raid/spring2026/fwu44/research/fault2assertion/faults/cv32e40p/branchfault/BF0327_SA0/results/crc32/screen_seed20260729_mc2000000/xrun.log,False,True,True
654,BF0327_SA1,BF0327_SA0,1,BL00327,BS028717,cv32e40p_prefetch_controller_PULP_OBI0_COREV_PULP0_DEPTH2|\inc_add_138_56/g503|A1,if_prefetch,\inc_add_138_56/n_13,combinational_output,4,3_4,\inc_add_138_56/g503,NAND2_X1,A1,combinational_input,if_prefetch|combinational_output|3_4,NOT_RUN,PENDING,,/raid/spring2026/fwu44/research/fault2assertion/faults/cv32e40p/branchfault/BF0327_SA1/results/crc32/screen_seed20260729_mc2000000,/raid/spring2026/fwu44/research/fault2assertion/faults/cv32e40p/branchfault/BF0327_SA1/results/crc32/screen_seed20260729_mc2000000/xrun.log,False,True,True
655,BF0328_SA0,BF0328_SA1,0,BL00328,BS028846,cv32e40p_prefetch_controller_PULP_OBI0_COREV_PULP0_DEPTH2|g2493|B1,if_prefetch,n_102,combinational_output,30,gt_8,g2493,AOI22_X1,B1,combinational_input,if_prefetch|combinational_output|gt_8,NOT_RUN,PENDING,,/raid/spring2026/fwu44/research/fault2assertion/faults/cv32e40p/branchfault/BF0328_SA0/results/crc32/screen_seed20260729_mc2000000,/raid/spring2026/fwu44/research/fault2assertion/faults/cv32e40p/branchfault/BF0328_SA0/results/crc32/screen_seed20260729_mc2000000/xrun.log,False,True,True
656,BF0328_SA1,BF0328_SA0,1,BL00328,BS028846,cv32e40p_prefetch_controller_PULP_OBI0_COREV_PULP0_DEPTH2|g2493|B1,if_prefetch,n_102,combinational_output,30,gt_8,g2493,AOI22_X1,B1,combinational_input,if_prefetch|combinational_output|gt_8,NOT_RUN,PENDING,,/raid/spring2026/fwu44/research/fault2assertion/faults/cv32e40p/branchfault/BF0328_SA1/results/crc32/screen_seed20260729_mc2000000,/raid/spring2026/fwu44/research/fault2assertion/faults/cv32e40p/branchfault/BF0328_SA1/results/crc32/screen_seed20260729_mc2000000/xrun.log,False,True,True
657,BF0329_SA0,BF0329_SA1,0,BL00329,BS028931,cv32e40p_prefetch_controller_PULP_OBI0_COREV_PULP0_DEPTH2|g2471|A1,if_prefetch,n_166,combinational_output,2,2,g2471,NAND2_X1,A1,combinational_input,if_prefetch|combinational_output|2,NOT_RUN,PENDING,,/raid/spring2026/fwu44/research/fault2assertion/faults/cv32e40p/branchfault/BF0329_SA0/results/crc32/screen_seed20260729_mc2000000,/raid/spring2026/fwu44/research/fault2assertion/faults/cv32e40p/branchfault/BF0329_SA0/results/crc32/screen_seed20260729_mc2000000/xrun.log,False,True,True
658,BF0329_SA1,BF0329_SA0,1,BL00329,BS028931,cv32e40p_prefetch_controller_PULP_OBI0_COREV_PULP0_DEPTH2|g2471|A1,if_prefetch,n_166,combinational_output,2,2,g2471,NAND2_X1,A1,combinational_input,if_prefetch|combinational_output|2,NOT_RUN,PENDING,,/raid/spring2026/fwu44/research/fault2assertion/faults/cv32e40p/branchfault/BF0329_SA1/results/crc32/screen_seed20260729_mc2000000,/raid/spring2026/fwu44/research/fault2assertion/faults/cv32e40p/branchfault/BF0329_SA1/results/crc32/screen_seed20260729_mc2000000/xrun.log,False,True,True
659,BF0330_SA0,BF0330_SA1,0,BL00330,BS029193,cv32e40p_prefetch_controller_PULP_OBI0_COREV_PULP0_DEPTH2|\inc_add_138_56/g470|A3,if_prefetch,trans_addr_q[29],sequential_output,4,3_4,\inc_add_138_56/g470,AND4_X1,A3,combinational_input,if_prefetch|sequential_output|3_4,NOT_RUN,PENDING,,/raid/spring2026/fwu44/research/fault2assertion/faults/cv32e40p/branchfault/BF0330_SA0/results/crc32/screen_seed20260729_mc2000000,/raid/spring2026/fwu44/research/fault2assertion/faults/cv32e40p/branchfault/BF0330_SA0/results/crc32/screen_seed20260729_mc2000000/xrun.log,False,True,True
660,BF0330_SA1,BF0330_SA0,1,BL00330,BS029193,cv32e40p_prefetch_controller_PULP_OBI0_COREV_PULP0_DEPTH2|\inc_add_138_56/g470|A3,if_prefetch,trans_addr_q[29],sequential_output,4,3_4,\inc_add_138_56/g470,AND4_X1,A3,combinational_input,if_prefetch|sequential_output|3_4,NOT_RUN,PENDING,,/raid/spring2026/fwu44/research/fault2assertion/faults/cv32e40p/branchfault/BF0330_SA1/results/crc32/screen_seed20260729_mc2000000,/raid/spring2026/fwu44/research/fault2assertion/faults/cv32e40p/branchfault/BF0330_SA1/results/crc32/screen_seed20260729_mc2000000/xrun.log,False,True,True
661,BF0331_SA0,BF0331_SA1,0,BL00331,BS029222,cv32e40p_prefetch_controller_PULP_OBI0_COREV_PULP0_DEPTH2|\inc_add_138_56/g503|A2,if_prefetch,trans_addr_q[6],sequential_output,5,5_8,\inc_add_138_56/g503,NAND2_X1,A2,combinational_input,if_prefetch|sequential_output|5_8,NOT_RUN,PENDING,,/raid/spring2026/fwu44/research/fault2assertion/faults/cv32e40p/branchfault/BF0331_SA0/results/crc32/screen_seed20260729_mc2000000,/raid/spring2026/fwu44/research/fault2assertion/faults/cv32e40p/branchfault/BF0331_SA0/results/crc32/screen_seed20260729_mc2000000/xrun.log,False,True,True
662,BF0331_SA1,BF0331_SA0,1,BL00331,BS029222,cv32e40p_prefetch_controller_PULP_OBI0_COREV_PULP0_DEPTH2|\inc_add_138_56/g503|A2,if_prefetch,trans_addr_q[6],sequential_output,5,5_8,\inc_add_138_56/g503,NAND2_X1,A2,combinational_input,if_prefetch|sequential_output|5_8,NOT_RUN,PENDING,,/raid/spring2026/fwu44/research/fault2assertion/faults/cv32e40p/branchfault/BF0331_SA1/results/crc32/screen_seed20260729_mc2000000,/raid/spring2026/fwu44/research/fault2assertion/faults/cv32e40p/branchfault/BF0331_SA1/results/crc32/screen_seed20260729_mc2000000/xrun.log,False,True,True
663,BF0332_SA0,BF0332_SA1,0,BL00332,BS029241,cv32e40p_sleep_unit_COREV_CLUSTER0|g100|A,if_prefetch,fetch_enable_o,sequential_output,3,3_4,g100,INV_X1,A,combinational_input,if_prefetch|sequential_output|3_4,NOT_RUN,PENDING,,/raid/spring2026/fwu44/research/fault2assertion/faults/cv32e40p/branchfault/BF0332_SA0/results/crc32/screen_seed20260729_mc2000000,/raid/spring2026/fwu44/research/fault2assertion/faults/cv32e40p/branchfault/BF0332_SA0/results/crc32/screen_seed20260729_mc2000000/xrun.log,False,True,True
664,BF0332_SA1,BF0332_SA0,1,BL00332,BS029241,cv32e40p_sleep_unit_COREV_CLUSTER0|g100|A,if_prefetch,fetch_enable_o,sequential_output,3,3_4,g100,INV_X1,A,combinational_input,if_prefetch|sequential_output|3_4,NOT_RUN,PENDING,,/raid/spring2026/fwu44/research/fault2assertion/faults/cv32e40p/branchfault/BF0332_SA1/results/crc32/screen_seed20260729_mc2000000,/raid/spring2026/fwu44/research/fault2assertion/faults/cv32e40p/branchfault/BF0332_SA1/results/crc32/screen_seed20260729_mc2000000/xrun.log,False,True,True
665,BF0333_SA0,BF0333_SA1,0,BL00333,BS029247,cv32e40p_controller_COREV_CLUSTER0_COREV_PULP0_FPU0|g9864|A1,irq_control,irq_ack_o,combinational_output,5,5_8,g9864,AND2_X1,A1,combinational_input,irq_control|combinational_output|5_8,NOT_RUN,PENDING,,/raid/spring2026/fwu44/research/fault2assertion/faults/cv32e40p/branchfault/BF0333_SA0/results/crc32/screen_seed20260729_mc2000000,/raid/spring2026/fwu44/research/fault2assertion/faults/cv32e40p/branchfault/BF0333_SA0/results/crc32/screen_seed20260729_mc2000000/xrun.log,False,True,True
666,BF0333_SA1,BF0333_SA0,1,BL00333,BS029247,cv32e40p_controller_COREV_CLUSTER0_COREV_PULP0_FPU0|g9864|A1,irq_control,irq_ack_o,combinational_output,5,5_8,g9864,AND2_X1,A1,combinational_input,irq_control|combinational_output|5_8,NOT_RUN,PENDING,,/raid/spring2026/fwu44/research/fault2assertion/faults/cv32e40p/branchfault/BF0333_SA1/results/crc32/screen_seed20260729_mc2000000,/raid/spring2026/fwu44/research/fault2assertion/faults/cv32e40p/branchfault/BF0333_SA1/results/crc32/screen_seed20260729_mc2000000/xrun.log,False,True,True
667,BF0334_SA0,BF0334_SA1,0,BL00334,BS029248,cv32e40p_controller_COREV_CLUSTER0_COREV_PULP0_FPU0|g9865|A1,irq_control,irq_ack_o,combinational_output,5,5_8,g9865,NAND2_X1,A1,combinational_input,irq_control|combinational_output|5_8,NOT_RUN,PENDING,,/raid/spring2026/fwu44/research/fault2assertion/faults/cv32e40p/branchfault/BF0334_SA0/results/crc32/screen_seed20260729_mc2000000,/raid/spring2026/fwu44/research/fault2assertion/faults/cv32e40p/branchfault/BF0334_SA0/results/crc32/screen_seed20260729_mc2000000/xrun.log,False,True,True
668,BF0334_SA1,BF0334_SA0,1,BL00334,BS029248,cv32e40p_controller_COREV_CLUSTER0_COREV_PULP0_FPU0|g9865|A1,irq_control,irq_ack_o,combinational_output,5,5_8,g9865,NAND2_X1,A1,combinational_input,irq_control|combinational_output|5_8,NOT_RUN,PENDING,,/raid/spring2026/fwu44/research/fault2assertion/faults/cv32e40p/branchfault/BF0334_SA1/results/crc32/screen_seed20260729_mc2000000,/raid/spring2026/fwu44/research/fault2assertion/faults/cv32e40p/branchfault/BF0334_SA1/results/crc32/screen_seed20260729_mc2000000/xrun.log,False,True,True
669,BF0335_SA0,BF0335_SA1,0,BL00335,BS029249,cv32e40p_controller_COREV_CLUSTER0_COREV_PULP0_FPU0|g10004|A1,irq_control,irq_req_ctrl_i,hierarchy_boundary,5,5_8,g10004,NAND2_X1,A1,combinational_input,irq_control|hierarchy_boundary|5_8,NOT_RUN,PENDING,,/raid/spring2026/fwu44/research/fault2assertion/faults/cv32e40p/branchfault/BF0335_SA0/results/crc32/screen_seed20260729_mc2000000,/raid/spring2026/fwu44/research/fault2assertion/faults/cv32e40p/branchfault/BF0335_SA0/results/crc32/screen_seed20260729_mc2000000/xrun.log,False,True,True
670,BF0335_SA1,BF0335_SA0,1,BL00335,BS029249,cv32e40p_controller_COREV_CLUSTER0_COREV_PULP0_FPU0|g10004|A1,irq_control,irq_req_ctrl_i,hierarchy_boundary,5,5_8,g10004,NAND2_X1,A1,combinational_input,irq_control|hierarchy_boundary|5_8,NOT_RUN,PENDING,,/raid/spring2026/fwu44/research/fault2assertion/faults/cv32e40p/branchfault/BF0335_SA1/results/crc32/screen_seed20260729_mc2000000,/raid/spring2026/fwu44/research/fault2assertion/faults/cv32e40p/branchfault/BF0335_SA1/results/crc32/screen_seed20260729_mc2000000/xrun.log,False,True,True
671,BF0336_SA0,BF0336_SA1,0,BL00336,BS029252,cv32e40p_controller_COREV_CLUSTER0_COREV_PULP0_FPU0|g10625|A1,irq_control,irq_req_ctrl_i,hierarchy_boundary,5,5_8,g10625,OR2_X1,A1,combinational_input,irq_control|hierarchy_boundary|5_8,NOT_RUN,PENDING,,/raid/spring2026/fwu44/research/fault2assertion/faults/cv32e40p/branchfault/BF0336_SA0/results/crc32/screen_seed20260729_mc2000000,/raid/spring2026/fwu44/research/fault2assertion/faults/cv32e40p/branchfault/BF0336_SA0/results/crc32/screen_seed20260729_mc2000000/xrun.log,False,True,True
672,BF0336_SA1,BF0336_SA0,1,BL00336,BS029252,cv32e40p_controller_COREV_CLUSTER0_COREV_PULP0_FPU0|g10625|A1,irq_control,irq_req_ctrl_i,hierarchy_boundary,5,5_8,g10625,OR2_X1,A1,combinational_input,irq_control|hierarchy_boundary|5_8,NOT_RUN,PENDING,,/raid/spring2026/fwu44/research/fault2assertion/faults/cv32e40p/branchfault/BF0336_SA1/results/crc32/screen_seed20260729_mc2000000,/raid/spring2026/fwu44/research/fault2assertion/faults/cv32e40p/branchfault/BF0336_SA1/results/crc32/screen_seed20260729_mc2000000/xrun.log,False,True,True
673,BF0337_SA0,BF0337_SA1,0,BL00337,BS029254,cv32e40p_controller_COREV_CLUSTER0_COREV_PULP0_FPU0|g10546|B1,irq_control,irq_wu_ctrl_i,hierarchy_boundary,3,3_4,g10546,OAI221_X1,B1,combinational_input,irq_control|hierarchy_boundary|3_4,NOT_RUN,PENDING,,/raid/spring2026/fwu44/research/fault2assertion/faults/cv32e40p/branchfault/BF0337_SA0/results/crc32/screen_seed20260729_mc2000000,/raid/spring2026/fwu44/research/fault2assertion/faults/cv32e40p/branchfault/BF0337_SA0/results/crc32/screen_seed20260729_mc2000000/xrun.log,False,True,True
674,BF0337_SA1,BF0337_SA0,1,BL00337,BS029254,cv32e40p_controller_COREV_CLUSTER0_COREV_PULP0_FPU0|g10546|B1,irq_control,irq_wu_ctrl_i,hierarchy_boundary,3,3_4,g10546,OAI221_X1,B1,combinational_input,irq_control|hierarchy_boundary|3_4,NOT_RUN,PENDING,,/raid/spring2026/fwu44/research/fault2assertion/faults/cv32e40p/branchfault/BF0337_SA1/results/crc32/screen_seed20260729_mc2000000,/raid/spring2026/fwu44/research/fault2assertion/faults/cv32e40p/branchfault/BF0337_SA1/results/crc32/screen_seed20260729_mc2000000/xrun.log,False,True,True
675,BF0338_SA0,BF0338_SA1,0,BL00338,BS029255,cv32e40p_controller_COREV_CLUSTER0_COREV_PULP0_FPU0|g10599|A1,irq_control,irq_wu_ctrl_i,hierarchy_boundary,3,3_4,g10599,NAND2_X1,A1,combinational_input,irq_control|hierarchy_boundary|3_4,NOT_RUN,PENDING,,/raid/spring2026/fwu44/research/fault2assertion/faults/cv32e40p/branchfault/BF0338_SA0/results/crc32/screen_seed20260729_mc2000000,/raid/spring2026/fwu44/research/fault2assertion/faults/cv32e40p/branchfault/BF0338_SA0/results/crc32/screen_seed20260729_mc2000000/xrun.log,False,True,True
676,BF0338_SA1,BF0338_SA0,1,BL00338,BS029255,cv32e40p_controller_COREV_CLUSTER0_COREV_PULP0_FPU0|g10599|A1,irq_control,irq_wu_ctrl_i,hierarchy_boundary,3,3_4,g10599,NAND2_X1,A1,combinational_input,irq_control|hierarchy_boundary|3_4,NOT_RUN,PENDING,,/raid/spring2026/fwu44/research/fault2assertion/faults/cv32e40p/branchfault/BF0338_SA1/results/crc32/screen_seed20260729_mc2000000,/raid/spring2026/fwu44/research/fault2assertion/faults/cv32e40p/branchfault/BF0338_SA1/results/crc32/screen_seed20260729_mc2000000/xrun.log,False,True,True
677,BF0339_SA0,BF0339_SA1,0,BL00339,BS029286,cv32e40p_cs_registers_N_HWLP2_APU0_A_EXTENSION0_FPU0_ZFINX0_PULP_SECURE0_USE_PMP0_N_PMP_ENTRIES16_NUM_MHPMCOUNTERS1_COREV_PULP0_COREV_CLUSTER0_DEBUG_TRIGGER_EN1|g42637__1617|A2,irq_control,mie_q[29],sequential_output,2,2,g42637__1617,NAND2_X1,A2,combinational_input,irq_control|sequential_output|2,NOT_RUN,PENDING,,/raid/spring2026/fwu44/research/fault2assertion/faults/cv32e40p/branchfault/BF0339_SA0/results/crc32/screen_seed20260729_mc2000000,/raid/spring2026/fwu44/research/fault2assertion/faults/cv32e40p/branchfault/BF0339_SA0/results/crc32/screen_seed20260729_mc2000000/xrun.log,False,True,True
678,BF0339_SA1,BF0339_SA0,1,BL00339,BS029286,cv32e40p_cs_registers_N_HWLP2_APU0_A_EXTENSION0_FPU0_ZFINX0_PULP_SECURE0_USE_PMP0_N_PMP_ENTRIES16_NUM_MHPMCOUNTERS1_COREV_PULP0_COREV_CLUSTER0_DEBUG_TRIGGER_EN1|g42637__1617|A2,irq_control,mie_q[29],sequential_output,2,2,g42637__1617,NAND2_X1,A2,combinational_input,irq_control|sequential_output|2,NOT_RUN,PENDING,,/raid/spring2026/fwu44/research/fault2assertion/faults/cv32e40p/branchfault/BF0339_SA1/results/crc32/screen_seed20260729_mc2000000,/raid/spring2026/fwu44/research/fault2assertion/faults/cv32e40p/branchfault/BF0339_SA1/results/crc32/screen_seed20260729_mc2000000/xrun.log,False,True,True
679,BF0340_SA0,BF0340_SA1,0,BL00340,BS029312,cv32e40p_int_controller_PULP_SECURE0|g4403|B1,irq_control,irq_i[23],hierarchy_boundary,2,2,g4403,AOI22_X1,B1,combinational_input,irq_control|hierarchy_boundary|2,NOT_RUN,PENDING,,/raid/spring2026/fwu44/research/fault2assertion/faults/cv32e40p/branchfault/BF0340_SA0/results/crc32/screen_seed20260729_mc2000000,/raid/spring2026/fwu44/research/fault2assertion/faults/cv32e40p/branchfault/BF0340_SA0/results/crc32/screen_seed20260729_mc2000000/xrun.log,False,True,True
680,BF0340_SA1,BF0340_SA0,1,BL00340,BS029312,cv32e40p_int_controller_PULP_SECURE0|g4403|B1,irq_control,irq_i[23],hierarchy_boundary,2,2,g4403,AOI22_X1,B1,combinational_input,irq_control|hierarchy_boundary|2,NOT_RUN,PENDING,,/raid/spring2026/fwu44/research/fault2assertion/faults/cv32e40p/branchfault/BF0340_SA1/results/crc32/screen_seed20260729_mc2000000,/raid/spring2026/fwu44/research/fault2assertion/faults/cv32e40p/branchfault/BF0340_SA1/results/crc32/screen_seed20260729_mc2000000/xrun.log,False,True,True
681,BF0341_SA0,BF0341_SA1,0,BL00341,BS029320,cv32e40p_int_controller_PULP_SECURE0|g4402|B1,irq_control,irq_i[27],hierarchy_boundary,2,2,g4402,AOI22_X1,B1,combinational_input,irq_control|hierarchy_boundary|2,NOT_RUN,PENDING,,/raid/spring2026/fwu44/research/fault2assertion/faults/cv32e40p/branchfault/BF0341_SA0/results/crc32/screen_seed20260729_mc2000000,/raid/spring2026/fwu44/research/fault2assertion/faults/cv32e40p/branchfault/BF0341_SA0/results/crc32/screen_seed20260729_mc2000000/xrun.log,False,True,True
682,BF0341_SA1,BF0341_SA0,1,BL00341,BS029320,cv32e40p_int_controller_PULP_SECURE0|g4402|B1,irq_control,irq_i[27],hierarchy_boundary,2,2,g4402,AOI22_X1,B1,combinational_input,irq_control|hierarchy_boundary|2,NOT_RUN,PENDING,,/raid/spring2026/fwu44/research/fault2assertion/faults/cv32e40p/branchfault/BF0341_SA1/results/crc32/screen_seed20260729_mc2000000,/raid/spring2026/fwu44/research/fault2assertion/faults/cv32e40p/branchfault/BF0341_SA1/results/crc32/screen_seed20260729_mc2000000/xrun.log,False,True,True
683,BF0342_SA0,BF0342_SA1,0,BL00342,BS029326,cv32e40p_int_controller_PULP_SECURE0|g161|B1,irq_control,irq_i[30],hierarchy_boundary,2,2,g161,AOI22_X1,B1,combinational_input,irq_control|hierarchy_boundary|2,NOT_RUN,PENDING,,/raid/spring2026/fwu44/research/fault2assertion/faults/cv32e40p/branchfault/BF0342_SA0/results/crc32/screen_seed20260729_mc2000000,/raid/spring2026/fwu44/research/fault2assertion/faults/cv32e40p/branchfault/BF0342_SA0/results/crc32/screen_seed20260729_mc2000000/xrun.log,False,True,True
684,BF0342_SA1,BF0342_SA0,1,BL00342,BS029326,cv32e40p_int_controller_PULP_SECURE0|g161|B1,irq_control,irq_i[30],hierarchy_boundary,2,2,g161,AOI22_X1,B1,combinational_input,irq_control|hierarchy_boundary|2,NOT_RUN,PENDING,,/raid/spring2026/fwu44/research/fault2assertion/faults/cv32e40p/branchfault/BF0342_SA1/results/crc32/screen_seed20260729_mc2000000,/raid/spring2026/fwu44/research/fault2assertion/faults/cv32e40p/branchfault/BF0342_SA1/results/crc32/screen_seed20260729_mc2000000/xrun.log,False,True,True
685,BF0343_SA0,BF0343_SA1,0,BL00343,BS029373,cv32e40p_int_controller_PULP_SECURE0|g1454|A2,irq_control,mip_o[11],sequential_output,2,2,g1454,NAND2_X1,A2,combinational_input,irq_control|sequential_output|2,NOT_RUN,PENDING,,/raid/spring2026/fwu44/research/fault2assertion/faults/cv32e40p/branchfault/BF0343_SA0/results/crc32/screen_seed20260729_mc2000000,/raid/spring2026/fwu44/research/fault2assertion/faults/cv32e40p/branchfault/BF0343_SA0/results/crc32/screen_seed20260729_mc2000000/xrun.log,False,True,True
686,BF0343_SA1,BF0343_SA0,1,BL00343,BS029373,cv32e40p_int_controller_PULP_SECURE0|g1454|A2,irq_control,mip_o[11],sequential_output,2,2,g1454,NAND2_X1,A2,combinational_input,irq_control|sequential_output|2,NOT_RUN,PENDING,,/raid/spring2026/fwu44/research/fault2assertion/faults/cv32e40p/branchfault/BF0343_SA1/results/crc32/screen_seed20260729_mc2000000,/raid/spring2026/fwu44/research/fault2assertion/faults/cv32e40p/branchfault/BF0343_SA1/results/crc32/screen_seed20260729_mc2000000/xrun.log,False,True,True
687,BF0344_SA0,BF0344_SA1,0,BL00344,BS029379,cv32e40p_int_controller_PULP_SECURE0|g4366|A,irq_control,n_14,combinational_output,2,2,g4366,OAI21_X1,A,combinational_input,irq_control|combinational_output|2,NOT_RUN,PENDING,,/raid/spring2026/fwu44/research/fault2assertion/faults/cv32e40p/branchfault/BF0344_SA0/results/crc32/screen_seed20260729_mc2000000,/raid/spring2026/fwu44/research/fault2assertion/faults/cv32e40p/branchfault/BF0344_SA0/results/crc32/screen_seed20260729_mc2000000/xrun.log,False,True,True
688,BF0344_SA1,BF0344_SA0,1,BL00344,BS029379,cv32e40p_int_controller_PULP_SECURE0|g4366|A,irq_control,n_14,combinational_output,2,2,g4366,OAI21_X1,A,combinational_input,irq_control|combinational_output|2,NOT_RUN,PENDING,,/raid/spring2026/fwu44/research/fault2assertion/faults/cv32e40p/branchfault/BF0344_SA1/results/crc32/screen_seed20260729_mc2000000,/raid/spring2026/fwu44/research/fault2assertion/faults/cv32e40p/branchfault/BF0344_SA1/results/crc32/screen_seed20260729_mc2000000/xrun.log,False,True,True
689,BF0345_SA0,BF0345_SA1,0,BL00345,BS029391,cv32e40p_int_controller_PULP_SECURE0|g1426|A1,irq_control,n_144,combinational_output,3,3_4,g1426,NAND2_X1,A1,combinational_input,irq_control|combinational_output|3_4,NOT_RUN,PENDING,,/raid/spring2026/fwu44/research/fault2assertion/faults/cv32e40p/branchfault/BF0345_SA0/results/crc32/screen_seed20260729_mc2000000,/raid/spring2026/fwu44/research/fault2assertion/faults/cv32e40p/branchfault/BF0345_SA0/results/crc32/screen_seed20260729_mc2000000/xrun.log,False,True,True
690,BF0345_SA1,BF0345_SA0,1,BL00345,BS029391,cv32e40p_int_controller_PULP_SECURE0|g1426|A1,irq_control,n_144,combinational_output,3,3_4,g1426,NAND2_X1,A1,combinational_input,irq_control|combinational_output|3_4,NOT_RUN,PENDING,,/raid/spring2026/fwu44/research/fault2assertion/faults/cv32e40p/branchfault/BF0345_SA1/results/crc32/screen_seed20260729_mc2000000,/raid/spring2026/fwu44/research/fault2assertion/faults/cv32e40p/branchfault/BF0345_SA1/results/crc32/screen_seed20260729_mc2000000/xrun.log,False,True,True
691,BF0346_SA0,BF0346_SA1,0,BL00346,BS029394,cv32e40p_int_controller_PULP_SECURE0|g1440|A2,irq_control,n_146,combinational_output,2,2,g1440,NAND2_X1,A2,combinational_input,irq_control|combinational_output|2,NOT_RUN,PENDING,,/raid/spring2026/fwu44/research/fault2assertion/faults/cv32e40p/branchfault/BF0346_SA0/results/crc32/screen_seed20260729_mc2000000,/raid/spring2026/fwu44/research/fault2assertion/faults/cv32e40p/branchfault/BF0346_SA0/results/crc32/screen_seed20260729_mc2000000/xrun.log,False,True,True
692,BF0346_SA1,BF0346_SA0,1,BL00346,BS029394,cv32e40p_int_controller_PULP_SECURE0|g1440|A2,irq_control,n_146,combinational_output,2,2,g1440,NAND2_X1,A2,combinational_input,irq_control|combinational_output|2,NOT_RUN,PENDING,,/raid/spring2026/fwu44/research/fault2assertion/faults/cv32e40p/branchfault/BF0346_SA1/results/crc32/screen_seed20260729_mc2000000,/raid/spring2026/fwu44/research/fault2assertion/faults/cv32e40p/branchfault/BF0346_SA1/results/crc32/screen_seed20260729_mc2000000/xrun.log,False,True,True
693,BF0347_SA0,BF0347_SA1,0,BL00347,BS029410,cv32e40p_int_controller_PULP_SECURE0|g1427|A1,irq_control,n_153,combinational_output,3,3_4,g1427,NAND2_X1,A1,combinational_input,irq_control|combinational_output|3_4,NOT_RUN,PENDING,,/raid/spring2026/fwu44/research/fault2assertion/faults/cv32e40p/branchfault/BF0347_SA0/results/crc32/screen_seed20260729_mc2000000,/raid/spring2026/fwu44/research/fault2assertion/faults/cv32e40p/branchfault/BF0347_SA0/results/crc32/screen_seed20260729_mc2000000/xrun.log,False,True,True
694,BF0347_SA1,BF0347_SA0,1,BL00347,BS029410,cv32e40p_int_controller_PULP_SECURE0|g1427|A1,irq_control,n_153,combinational_output,3,3_4,g1427,NAND2_X1,A1,combinational_input,irq_control|combinational_output|3_4,NOT_RUN,PENDING,,/raid/spring2026/fwu44/research/fault2assertion/faults/cv32e40p/branchfault/BF0347_SA1/results/crc32/screen_seed20260729_mc2000000,/raid/spring2026/fwu44/research/fault2assertion/faults/cv32e40p/branchfault/BF0347_SA1/results/crc32/screen_seed20260729_mc2000000/xrun.log,False,True,True
695,BF0348_SA0,BF0348_SA1,0,BL00348,BS029447,cv32e40p_ex_stage_COREV_PULP0_FPU0_APU_NARGS_CPU3_APU_WOP_CPU6_APU_NDSFLAGS_CPU15_APU_NUSFLAGS_CPU5|g2433|A2,lsu_mem,lsu_ready_ex_i,hierarchy_boundary,2,2,g2433,AND4_X1,A2,combinational_input,lsu_mem|hierarchy_boundary|2,NOT_RUN,PENDING,,/raid/spring2026/fwu44/research/fault2assertion/faults/cv32e40p/branchfault/BF0348_SA0/results/crc32/screen_seed20260729_mc2000000,/raid/spring2026/fwu44/research/fault2assertion/faults/cv32e40p/branchfault/BF0348_SA0/results/crc32/screen_seed20260729_mc2000000/xrun.log,False,True,True
696,BF0348_SA1,BF0348_SA0,1,BL00348,BS029447,cv32e40p_ex_stage_COREV_PULP0_FPU0_APU_NARGS_CPU3_APU_WOP_CPU6_APU_NDSFLAGS_CPU15_APU_NUSFLAGS_CPU5|g2433|A2,lsu_mem,lsu_ready_ex_i,hierarchy_boundary,2,2,g2433,AND4_X1,A2,combinational_input,lsu_mem|hierarchy_boundary|2,NOT_RUN,PENDING,,/raid/spring2026/fwu44/research/fault2assertion/faults/cv32e40p/branchfault/BF0348_SA1/results/crc32/screen_seed20260729_mc2000000,/raid/spring2026/fwu44/research/fault2assertion/faults/cv32e40p/branchfault/BF0348_SA1/results/crc32/screen_seed20260729_mc2000000/xrun.log,False,True,True
697,BF0349_SA0,BF0349_SA1,0,BL00349,BS029456,cv32e40p_fifo_FALL_THROUGH0_DATA_WIDTH32_DEPTH2|g2478|A,lsu_mem,\mem_q[0] [12],sequential_output,2,2,g2478,MUX2_X1,A,combinational_input,lsu_mem|sequential_output|2,NOT_RUN,PENDING,,/raid/spring2026/fwu44/research/fault2assertion/faults/cv32e40p/branchfault/BF0349_SA0/results/crc32/screen_seed20260729_mc2000000,/raid/spring2026/fwu44/research/fault2assertion/faults/cv32e40p/branchfault/BF0349_SA0/results/crc32/screen_seed20260729_mc2000000/xrun.log,False,True,True
698,BF0349_SA1,BF0349_SA0,1,BL00349,BS029456,cv32e40p_fifo_FALL_THROUGH0_DATA_WIDTH32_DEPTH2|g2478|A,lsu_mem,\mem_q[0] [12],sequential_output,2,2,g2478,MUX2_X1,A,combinational_input,lsu_mem|sequential_output|2,NOT_RUN,PENDING,,/raid/spring2026/fwu44/research/fault2assertion/faults/cv32e40p/branchfault/BF0349_SA1/results/crc32/screen_seed20260729_mc2000000,/raid/spring2026/fwu44/research/fault2assertion/faults/cv32e40p/branchfault/BF0349_SA1/results/crc32/screen_seed20260729_mc2000000/xrun.log,False,True,True
699,BF0350_SA0,BF0350_SA1,0,BL00350,BS029463,cv32e40p_fifo_FALL_THROUGH0_DATA_WIDTH32_DEPTH2|\mem_q_reg[0][16]|D,lsu_mem,\mem_q[0] [16],sequential_output,2,2,\mem_q_reg[0][16],SDFFR_X1,D,sequential_data_input,lsu_mem|sequential_output|2,NOT_RUN,PENDING,,/raid/spring2026/fwu44/research/fault2assertion/faults/cv32e40p/branchfault/BF0350_SA0/results/crc32/screen_seed20260729_mc2000000,/raid/spring2026/fwu44/research/fault2assertion/faults/cv32e40p/branchfault/BF0350_SA0/results/crc32/screen_seed20260729_mc2000000/xrun.log,False,True,True
700,BF0350_SA1,BF0350_SA0,1,BL00350,BS029463,cv32e40p_fifo_FALL_THROUGH0_DATA_WIDTH32_DEPTH2|\mem_q_reg[0][16]|D,lsu_mem,\mem_q[0] [16],sequential_output,2,2,\mem_q_reg[0][16],SDFFR_X1,D,sequential_data_input,lsu_mem|sequential_output|2,NOT_RUN,PENDING,,/raid/spring2026/fwu44/research/fault2assertion/faults/cv32e40p/branchfault/BF0350_SA1/results/crc32/screen_seed20260729_mc2000000,/raid/spring2026/fwu44/research/fault2assertion/faults/cv32e40p/branchfault/BF0350_SA1/results/crc32/screen_seed20260729_mc2000000/xrun.log,False,True,True
701,BF0351_SA0,BF0351_SA1,0,BL00351,BS029481,cv32e40p_fifo_FALL_THROUGH0_DATA_WIDTH32_DEPTH2|\mem_q_reg[0][24]|D,lsu_mem,\mem_q[0] [24],sequential_output,2,2,\mem_q_reg[0][24],SDFFR_X1,D,sequential_data_input,lsu_mem|sequential_output|2,NOT_RUN,PENDING,,/raid/spring2026/fwu44/research/fault2assertion/faults/cv32e40p/branchfault/BF0351_SA0/results/crc32/screen_seed20260729_mc2000000,/raid/spring2026/fwu44/research/fault2assertion/faults/cv32e40p/branchfault/BF0351_SA0/results/crc32/screen_seed20260729_mc2000000/xrun.log,False,True,True
702,BF0351_SA1,BF0351_SA0,1,BL00351,BS029481,cv32e40p_fifo_FALL_THROUGH0_DATA_WIDTH32_DEPTH2|\mem_q_reg[0][24]|D,lsu_mem,\mem_q[0] [24],sequential_output,2,2,\mem_q_reg[0][24],SDFFR_X1,D,sequential_data_input,lsu_mem|sequential_output|2,NOT_RUN,PENDING,,/raid/spring2026/fwu44/research/fault2assertion/faults/cv32e40p/branchfault/BF0351_SA1/results/crc32/screen_seed20260729_mc2000000,/raid/spring2026/fwu44/research/fault2assertion/faults/cv32e40p/branchfault/BF0351_SA1/results/crc32/screen_seed20260729_mc2000000/xrun.log,False,True,True
703,BF0352_SA0,BF0352_SA1,0,BL00352,BS029514,cv32e40p_id_stage_COREV_PULP0_COREV_CLUSTER0_N_HWLP2_PULP_SECURE0_USE_PMP0_A_EXTENSION0_APU0_FPU0_FPU_ADDMUL_LAT0_FPU_OTHERS_LAT0_ZFINX0_APU_NARGS_CPU3_APU_WOP_CPU6_APU_NDSFLAGS_CPU15_APU_NUSFLAGS_CPU5_DEBUG_TRIGGER_EN1|g28163|A,lsu_mem,data_req_id,hierarchy_boundary,2,2,g28163,INV_X1,A,combinational_input,lsu_mem|hierarchy_boundary|2,NOT_RUN,PENDING,,/raid/spring2026/fwu44/research/fault2assertion/faults/cv32e40p/branchfault/BF0352_SA0/results/crc32/screen_seed20260729_mc2000000,/raid/spring2026/fwu44/research/fault2assertion/faults/cv32e40p/branchfault/BF0352_SA0/results/crc32/screen_seed20260729_mc2000000/xrun.log,False,True,True
704,BF0352_SA1,BF0352_SA0,1,BL00352,BS029514,cv32e40p_id_stage_COREV_PULP0_COREV_CLUSTER0_N_HWLP2_PULP_SECURE0_USE_PMP0_A_EXTENSION0_APU0_FPU0_FPU_ADDMUL_LAT0_FPU_OTHERS_LAT0_ZFINX0_APU_NARGS_CPU3_APU_WOP_CPU6_APU_NDSFLAGS_CPU15_APU_NUSFLAGS_CPU5_DEBUG_TRIGGER_EN1|g28163|A,lsu_mem,data_req_id,hierarchy_boundary,2,2,g28163,INV_X1,A,combinational_input,lsu_mem|hierarchy_boundary|2,NOT_RUN,PENDING,,/raid/spring2026/fwu44/research/fault2assertion/faults/cv32e40p/branchfault/BF0352_SA1/results/crc32/screen_seed20260729_mc2000000,/raid/spring2026/fwu44/research/fault2assertion/faults/cv32e40p/branchfault/BF0352_SA1/results/crc32/screen_seed20260729_mc2000000/xrun.log,False,True,True
705,BF0353_SA0,BF0353_SA1,0,BL00353,BS029704,cv32e40p_load_store_unit_PULP_OBI0|\ADD_UNS_OP/g1188|B2,lsu_mem,\ADD_UNS_OP/n_57,combinational_output,3,3_4,\ADD_UNS_OP/g1188,OAI21_X1,B2,combinational_input,lsu_mem|combinational_output|3_4,NOT_RUN,PENDING,,/raid/spring2026/fwu44/research/fault2assertion/faults/cv32e40p/branchfault/BF0353_SA0/results/crc32/screen_seed20260729_mc2000000,/raid/spring2026/fwu44/research/fault2assertion/faults/cv32e40p/branchfault/BF0353_SA0/results/crc32/screen_seed20260729_mc2000000/xrun.log,False,True,True
706,BF0353_SA1,BF0353_SA0,1,BL00353,BS029704,cv32e40p_load_store_unit_PULP_OBI0|\ADD_UNS_OP/g1188|B2,lsu_mem,\ADD_UNS_OP/n_57,combinational_output,3,3_4,\ADD_UNS_OP/g1188,OAI21_X1,B2,combinational_input,lsu_mem|combinational_output|3_4,NOT_RUN,PENDING,,/raid/spring2026/fwu44/research/fault2assertion/faults/cv32e40p/branchfault/BF0353_SA1/results/crc32/screen_seed20260729_mc2000000,/raid/spring2026/fwu44/research/fault2assertion/faults/cv32e40p/branchfault/BF0353_SA1/results/crc32/screen_seed20260729_mc2000000/xrun.log,False,True,True
707,BF0354_SA0,BF0354_SA1,0,BL00354,BS029712,cv32e40p_load_store_unit_PULP_OBI0|\ADD_UNS_OP/g1202|A2,lsu_mem,\ADD_UNS_OP/n_61,combinational_output,3,3_4,\ADD_UNS_OP/g1202,NOR2_X1,A2,combinational_input,lsu_mem|combinational_output|3_4,NOT_RUN,PENDING,,/raid/spring2026/fwu44/research/fault2assertion/faults/cv32e40p/branchfault/BF0354_SA0/results/crc32/screen_seed20260729_mc2000000,/raid/spring2026/fwu44/research/fault2assertion/faults/cv32e40p/branchfault/BF0354_SA0/results/crc32/screen_seed20260729_mc2000000/xrun.log,False,True,True
708,BF0354_SA1,BF0354_SA0,1,BL00354,BS029712,cv32e40p_load_store_unit_PULP_OBI0|\ADD_UNS_OP/g1202|A2,lsu_mem,\ADD_UNS_OP/n_61,combinational_output,3,3_4,\ADD_UNS_OP/g1202,NOR2_X1,A2,combinational_input,lsu_mem|combinational_output|3_4,NOT_RUN,PENDING,,/raid/spring2026/fwu44/research/fault2assertion/faults/cv32e40p/branchfault/BF0354_SA1/results/crc32/screen_seed20260729_mc2000000,/raid/spring2026/fwu44/research/fault2assertion/faults/cv32e40p/branchfault/BF0354_SA1/results/crc32/screen_seed20260729_mc2000000/xrun.log,False,True,True
709,BF0355_SA0,BF0355_SA1,0,BL00355,BS029728,cv32e40p_load_store_unit_PULP_OBI0|\ADD_UNS_OP/g1154|B,lsu_mem,\ADD_UNS_OP/n_69,combinational_output,2,2,\ADD_UNS_OP/g1154,OAI211_X1,B,combinational_input,lsu_mem|combinational_output|2,NOT_RUN,PENDING,,/raid/spring2026/fwu44/research/fault2assertion/faults/cv32e40p/branchfault/BF0355_SA0/results/crc32/screen_seed20260729_mc2000000,/raid/spring2026/fwu44/research/fault2assertion/faults/cv32e40p/branchfault/BF0355_SA0/results/crc32/screen_seed20260729_mc2000000/xrun.log,False,True,True
710,BF0355_SA1,BF0355_SA0,1,BL00355,BS029728,cv32e40p_load_store_unit_PULP_OBI0|\ADD_UNS_OP/g1154|B,lsu_mem,\ADD_UNS_OP/n_69,combinational_output,2,2,\ADD_UNS_OP/g1154,OAI211_X1,B,combinational_input,lsu_mem|combinational_output|2,NOT_RUN,PENDING,,/raid/spring2026/fwu44/research/fault2assertion/faults/cv32e40p/branchfault/BF0355_SA1/results/crc32/screen_seed20260729_mc2000000,/raid/spring2026/fwu44/research/fault2assertion/faults/cv32e40p/branchfault/BF0355_SA1/results/crc32/screen_seed20260729_mc2000000/xrun.log,False,True,True
711,BF0356_SA0,BF0356_SA1,0,BL00356,BS029821,cv32e40p_load_store_unit_PULP_OBI0|g12596|B1,lsu_mem,data_rdata_i[1],hierarchy_boundary,5,5_8,g12596,AOI22_X1,B1,combinational_input,lsu_mem|hierarchy_boundary|5_8,NOT_RUN,PENDING,,/raid/spring2026/fwu44/research/fault2assertion/faults/cv32e40p/branchfault/BF0356_SA0/results/crc32/screen_seed20260729_mc2000000,/raid/spring2026/fwu44/research/fault2assertion/faults/cv32e40p/branchfault/BF0356_SA0/results/crc32/screen_seed20260729_mc2000000/xrun.log,False,True,True
712,BF0356_SA1,BF0356_SA0,1,BL00356,BS029821,cv32e40p_load_store_unit_PULP_OBI0|g12596|B1,lsu_mem,data_rdata_i[1],hierarchy_boundary,5,5_8,g12596,AOI22_X1,B1,combinational_input,lsu_mem|hierarchy_boundary|5_8,NOT_RUN,PENDING,,/raid/spring2026/fwu44/research/fault2assertion/faults/cv32e40p/branchfault/BF0356_SA1/results/crc32/screen_seed20260729_mc2000000,/raid/spring2026/fwu44/research/fault2assertion/faults/cv32e40p/branchfault/BF0356_SA1/results/crc32/screen_seed20260729_mc2000000/xrun.log,False,True,True
713,BF0357_SA0,BF0357_SA1,0,BL00357,BS029830,cv32e40p_load_store_unit_PULP_OBI0|g12776|B1,lsu_mem,data_rdata_i[21],hierarchy_boundary,4,3_4,g12776,AOI22_X1,B1,combinational_input,lsu_mem|hierarchy_boundary|3_4,NOT_RUN,PENDING,,/raid/spring2026/fwu44/research/fault2assertion/faults/cv32e40p/branchfault/BF0357_SA0/results/crc32/screen_seed20260729_mc2000000,/raid/spring2026/fwu44/research/fault2assertion/faults/cv32e40p/branchfault/BF0357_SA0/results/crc32/screen_seed20260729_mc2000000/xrun.log,False,True,True
714,BF0357_SA1,BF0357_SA0,1,BL00357,BS029830,cv32e40p_load_store_unit_PULP_OBI0|g12776|B1,lsu_mem,data_rdata_i[21],hierarchy_boundary,4,3_4,g12776,AOI22_X1,B1,combinational_input,lsu_mem|hierarchy_boundary|3_4,NOT_RUN,PENDING,,/raid/spring2026/fwu44/research/fault2assertion/faults/cv32e40p/branchfault/BF0357_SA1/results/crc32/screen_seed20260729_mc2000000,/raid/spring2026/fwu44/research/fault2assertion/faults/cv32e40p/branchfault/BF0357_SA1/results/crc32/screen_seed20260729_mc2000000/xrun.log,False,True,True
715,BF0358_SA0,BF0358_SA1,0,BL00358,BS029873,cv32e40p_load_store_unit_PULP_OBI0|g8047|C2,lsu_mem,data_rdata_i[3],hierarchy_boundary,5,5_8,g8047,AOI222_X1,C2,combinational_input,lsu_mem|hierarchy_boundary|5_8,NOT_RUN,PENDING,,/raid/spring2026/fwu44/research/fault2assertion/faults/cv32e40p/branchfault/BF0358_SA0/results/crc32/screen_seed20260729_mc2000000,/raid/spring2026/fwu44/research/fault2assertion/faults/cv32e40p/branchfault/BF0358_SA0/results/crc32/screen_seed20260729_mc2000000/xrun.log,False,True,True
716,BF0358_SA1,BF0358_SA0,1,BL00358,BS029873,cv32e40p_load_store_unit_PULP_OBI0|g8047|C2,lsu_mem,data_rdata_i[3],hierarchy_boundary,5,5_8,g8047,AOI222_X1,C2,combinational_input,lsu_mem|hierarchy_boundary|5_8,NOT_RUN,PENDING,,/raid/spring2026/fwu44/research/fault2assertion/faults/cv32e40p/branchfault/BF0358_SA1/results/crc32/screen_seed20260729_mc2000000,/raid/spring2026/fwu44/research/fault2assertion/faults/cv32e40p/branchfault/BF0358_SA1/results/crc32/screen_seed20260729_mc2000000/xrun.log,False,True,True
717,BF0359_SA0,BF0359_SA1,0,BL00359,BS029914,cv32e40p_load_store_unit_PULP_OBI0|g12490|S,lsu_mem,data_rvalid_i,hierarchy_boundary,24,gt_8,g12490,MUX2_X1,S,mux_select,lsu_mem|hierarchy_boundary|gt_8,NOT_RUN,PENDING,,/raid/spring2026/fwu44/research/fault2assertion/faults/cv32e40p/branchfault/BF0359_SA0/results/crc32/screen_seed20260729_mc2000000,/raid/spring2026/fwu44/research/fault2assertion/faults/cv32e40p/branchfault/BF0359_SA0/results/crc32/screen_seed20260729_mc2000000/xrun.log,False,True,True
718,BF0359_SA1,BF0359_SA0,1,BL00359,BS029914,cv32e40p_load_store_unit_PULP_OBI0|g12490|S,lsu_mem,data_rvalid_i,hierarchy_boundary,24,gt_8,g12490,MUX2_X1,S,mux_select,lsu_mem|hierarchy_boundary|gt_8,NOT_RUN,PENDING,,/raid/spring2026/fwu44/research/fault2assertion/faults/cv32e40p/branchfault/BF0359_SA1/results/crc32/screen_seed20260729_mc2000000,/raid/spring2026/fwu44/research/fault2assertion/faults/cv32e40p/branchfault/BF0359_SA1/results/crc32/screen_seed20260729_mc2000000/xrun.log,False,True,True
719,BF0360_SA0,BF0360_SA1,0,BL00360,BS029928,cv32e40p_load_store_unit_PULP_OBI0|g12747|A,lsu_mem,data_rvalid_i,hierarchy_boundary,24,gt_8,g12747,OAI21_X1,A,combinational_input,lsu_mem|hierarchy_boundary|gt_8,NOT_RUN,PENDING,,/raid/spring2026/fwu44/research/fault2assertion/faults/cv32e40p/branchfault/BF0360_SA0/results/crc32/screen_seed20260729_mc2000000,/raid/spring2026/fwu44/research/fault2assertion/faults/cv32e40p/branchfault/BF0360_SA0/results/crc32/screen_seed20260729_mc2000000/xrun.log,False,True,True
720,BF0360_SA1,BF0360_SA0,1,BL00360,BS029928,cv32e40p_load_store_unit_PULP_OBI0|g12747|A,lsu_mem,data_rvalid_i,hierarchy_boundary,24,gt_8,g12747,OAI21_X1,A,combinational_input,lsu_mem|hierarchy_boundary|gt_8,NOT_RUN,PENDING,,/raid/spring2026/fwu44/research/fault2assertion/faults/cv32e40p/branchfault/BF0360_SA1/results/crc32/screen_seed20260729_mc2000000,/raid/spring2026/fwu44/research/fault2assertion/faults/cv32e40p/branchfault/BF0360_SA1/results/crc32/screen_seed20260729_mc2000000/xrun.log,False,True,True
721,BF0361_SA0,BF0361_SA1,0,BL00361,BS029937,cv32e40p_load_store_unit_PULP_OBI0|g465|A2,lsu_mem,data_type_q[1],sequential_output,4,3_4,g465,NAND2_X1,A2,combinational_input,lsu_mem|sequential_output|3_4,NOT_RUN,PENDING,,/raid/spring2026/fwu44/research/fault2assertion/faults/cv32e40p/branchfault/BF0361_SA0/results/crc32/screen_seed20260729_mc2000000,/raid/spring2026/fwu44/research/fault2assertion/faults/cv32e40p/branchfault/BF0361_SA0/results/crc32/screen_seed20260729_mc2000000/xrun.log,False,True,True
722,BF0361_SA1,BF0361_SA0,1,BL00361,BS029937,cv32e40p_load_store_unit_PULP_OBI0|g465|A2,lsu_mem,data_type_q[1],sequential_output,4,3_4,g465,NAND2_X1,A2,combinational_input,lsu_mem|sequential_output|3_4,NOT_RUN,PENDING,,/raid/spring2026/fwu44/research/fault2assertion/faults/cv32e40p/branchfault/BF0361_SA1/results/crc32/screen_seed20260729_mc2000000,/raid/spring2026/fwu44/research/fault2assertion/faults/cv32e40p/branchfault/BF0361_SA1/results/crc32/screen_seed20260729_mc2000000/xrun.log,False,True,True
723,BF0362_SA0,BF0362_SA1,0,BL00362,BS029989,cv32e40p_load_store_unit_PULP_OBI0|g12688|B2,lsu_mem,data_wdata_ex_i[20],hierarchy_boundary,4,3_4,g12688,AOI22_X1,B2,combinational_input,lsu_mem|hierarchy_boundary|3_4,NOT_RUN,PENDING,,/raid/spring2026/fwu44/research/fault2assertion/faults/cv32e40p/branchfault/BF0362_SA0/results/crc32/screen_seed20260729_mc2000000,/raid/spring2026/fwu44/research/fault2assertion/faults/cv32e40p/branchfault/BF0362_SA0/results/crc32/screen_seed20260729_mc2000000/xrun.log,False,True,True
724,BF0362_SA1,BF0362_SA0,1,BL00362,BS029989,cv32e40p_load_store_unit_PULP_OBI0|g12688|B2,lsu_mem,data_wdata_ex_i[20],hierarchy_boundary,4,3_4,g12688,AOI22_X1,B2,combinational_input,lsu_mem|hierarchy_boundary|3_4,NOT_RUN,PENDING,,/raid/spring2026/fwu44/research/fault2assertion/faults/cv32e40p/branchfault/BF0362_SA1/results/crc32/screen_seed20260729_mc2000000,/raid/spring2026/fwu44/research/fault2assertion/faults/cv32e40p/branchfault/BF0362_SA1/results/crc32/screen_seed20260729_mc2000000/xrun.log,False,True,True
725,BF0363_SA0,BF0363_SA1,0,BL00363,BS030006,cv32e40p_load_store_unit_PULP_OBI0|g12737|A2,lsu_mem,data_wdata_ex_i[24],hierarchy_boundary,4,3_4,g12737,AOI22_X1,A2,combinational_input,lsu_mem|hierarchy_boundary|3_4,NOT_RUN,PENDING,,/raid/spring2026/fwu44/research/fault2assertion/faults/cv32e40p/branchfault/BF0363_SA0/results/crc32/screen_seed20260729_mc2000000,/raid/spring2026/fwu44/research/fault2assertion/faults/cv32e40p/branchfault/BF0363_SA0/results/crc32/screen_seed20260729_mc2000000/xrun.log,False,True,True
726,BF0363_SA1,BF0363_SA0,1,BL00363,BS030006,cv32e40p_load_store_unit_PULP_OBI0|g12737|A2,lsu_mem,data_wdata_ex_i[24],hierarchy_boundary,4,3_4,g12737,AOI22_X1,A2,combinational_input,lsu_mem|hierarchy_boundary|3_4,NOT_RUN,PENDING,,/raid/spring2026/fwu44/research/fault2assertion/faults/cv32e40p/branchfault/BF0363_SA1/results/crc32/screen_seed20260729_mc2000000,/raid/spring2026/fwu44/research/fault2assertion/faults/cv32e40p/branchfault/BF0363_SA1/results/crc32/screen_seed20260729_mc2000000/xrun.log,False,True,True
727,BF0364_SA0,BF0364_SA1,0,BL00364,BS030017,cv32e40p_load_store_unit_PULP_OBI0|g12682|B2,lsu_mem,data_wdata_ex_i[27],hierarchy_boundary,4,3_4,g12682,AOI22_X1,B2,combinational_input,lsu_mem|hierarchy_boundary|3_4,NOT_RUN,PENDING,,/raid/spring2026/fwu44/research/fault2assertion/faults/cv32e40p/branchfault/BF0364_SA0/results/crc32/screen_seed20260729_mc2000000,/raid/spring2026/fwu44/research/fault2assertion/faults/cv32e40p/branchfault/BF0364_SA0/results/crc32/screen_seed20260729_mc2000000/xrun.log,False,True,True
728,BF0364_SA1,BF0364_SA0,1,BL00364,BS030017,cv32e40p_load_store_unit_PULP_OBI0|g12682|B2,lsu_mem,data_wdata_ex_i[27],hierarchy_boundary,4,3_4,g12682,AOI22_X1,B2,combinational_input,lsu_mem|hierarchy_boundary|3_4,NOT_RUN,PENDING,,/raid/spring2026/fwu44/research/fault2assertion/faults/cv32e40p/branchfault/BF0364_SA1/results/crc32/screen_seed20260729_mc2000000,/raid/spring2026/fwu44/research/fault2assertion/faults/cv32e40p/branchfault/BF0364_SA1/results/crc32/screen_seed20260729_mc2000000/xrun.log,False,True,True
729,BF0365_SA0,BF0365_SA1,0,BL00365,BS030197,cv32e40p_load_store_unit_PULP_OBI0|g12662|A2,lsu_mem,n_133,combinational_output,7,5_8,g12662,NOR2_X1,A2,combinational_input,lsu_mem|combinational_output|5_8,NOT_RUN,PENDING,,/raid/spring2026/fwu44/research/fault2assertion/faults/cv32e40p/branchfault/BF0365_SA0/results/crc32/screen_seed20260729_mc2000000,/raid/spring2026/fwu44/research/fault2assertion/faults/cv32e40p/branchfault/BF0365_SA0/results/crc32/screen_seed20260729_mc2000000/xrun.log,False,True,True
730,BF0365_SA1,BF0365_SA0,1,BL00365,BS030197,cv32e40p_load_store_unit_PULP_OBI0|g12662|A2,lsu_mem,n_133,combinational_output,7,5_8,g12662,NOR2_X1,A2,combinational_input,lsu_mem|combinational_output|5_8,NOT_RUN,PENDING,,/raid/spring2026/fwu44/research/fault2assertion/faults/cv32e40p/branchfault/BF0365_SA1/results/crc32/screen_seed20260729_mc2000000,/raid/spring2026/fwu44/research/fault2assertion/faults/cv32e40p/branchfault/BF0365_SA1/results/crc32/screen_seed20260729_mc2000000/xrun.log,False,True,True
731,BF0366_SA0,BF0366_SA1,0,BL00366,BS030220,cv32e40p_load_store_unit_PULP_OBI0|g12564|C1,lsu_mem,n_143,combinational_output,2,2,g12564,OAI211_X1,C1,combinational_input,lsu_mem|combinational_output|2,NOT_RUN,PENDING,,/raid/spring2026/fwu44/research/fault2assertion/faults/cv32e40p/branchfault/BF0366_SA0/results/crc32/screen_seed20260729_mc2000000,/raid/spring2026/fwu44/research/fault2assertion/faults/cv32e40p/branchfault/BF0366_SA0/results/crc32/screen_seed20260729_mc2000000/xrun.log,False,True,True
732,BF0366_SA1,BF0366_SA0,1,BL00366,BS030220,cv32e40p_load_store_unit_PULP_OBI0|g12564|C1,lsu_mem,n_143,combinational_output,2,2,g12564,OAI211_X1,C1,combinational_input,lsu_mem|combinational_output|2,NOT_RUN,PENDING,,/raid/spring2026/fwu44/research/fault2assertion/faults/cv32e40p/branchfault/BF0366_SA1/results/crc32/screen_seed20260729_mc2000000,/raid/spring2026/fwu44/research/fault2assertion/faults/cv32e40p/branchfault/BF0366_SA1/results/crc32/screen_seed20260729_mc2000000/xrun.log,False,True,True
733,BF0367_SA0,BF0367_SA1,0,BL00367,BS030353,cv32e40p_load_store_unit_PULP_OBI0|\ADD_UNS_OP/g1295|A1,lsu_mem,n_373,combinational_output,2,2,\ADD_UNS_OP/g1295,NAND2_X1,A1,combinational_input,lsu_mem|combinational_output|2,NOT_RUN,PENDING,,/raid/spring2026/fwu44/research/fault2assertion/faults/cv32e40p/branchfault/BF0367_SA0/results/crc32/screen_seed20260729_mc2000000,/raid/spring2026/fwu44/research/fault2assertion/faults/cv32e40p/branchfault/BF0367_SA0/results/crc32/screen_seed20260729_mc2000000/xrun.log,False,True,True
734,BF0367_SA1,BF0367_SA0,1,BL00367,BS030353,cv32e40p_load_store_unit_PULP_OBI0|\ADD_UNS_OP/g1295|A1,lsu_mem,n_373,combinational_output,2,2,\ADD_UNS_OP/g1295,NAND2_X1,A1,combinational_input,lsu_mem|combinational_output|2,NOT_RUN,PENDING,,/raid/spring2026/fwu44/research/fault2assertion/faults/cv32e40p/branchfault/BF0367_SA1/results/crc32/screen_seed20260729_mc2000000,/raid/spring2026/fwu44/research/fault2assertion/faults/cv32e40p/branchfault/BF0367_SA1/results/crc32/screen_seed20260729_mc2000000/xrun.log,False,True,True
735,BF0368_SA0,BF0368_SA1,0,BL00368,BS030415,cv32e40p_load_store_unit_PULP_OBI0|g117|A1,lsu_mem,n_538,combinational_output,3,3_4,g117,NAND3_X1,A1,combinational_input,lsu_mem|combinational_output|3_4,NOT_RUN,PENDING,,/raid/spring2026/fwu44/research/fault2assertion/faults/cv32e40p/branchfault/BF0368_SA0/results/crc32/screen_seed20260729_mc2000000,/raid/spring2026/fwu44/research/fault2assertion/faults/cv32e40p/branchfault/BF0368_SA0/results/crc32/screen_seed20260729_mc2000000/xrun.log,False,True,True
736,BF0368_SA1,BF0368_SA0,1,BL00368,BS030415,cv32e40p_load_store_unit_PULP_OBI0|g117|A1,lsu_mem,n_538,combinational_output,3,3_4,g117,NAND3_X1,A1,combinational_input,lsu_mem|combinational_output|3_4,NOT_RUN,PENDING,,/raid/spring2026/fwu44/research/fault2assertion/faults/cv32e40p/branchfault/BF0368_SA1/results/crc32/screen_seed20260729_mc2000000,/raid/spring2026/fwu44/research/fault2assertion/faults/cv32e40p/branchfault/BF0368_SA1/results/crc32/screen_seed20260729_mc2000000/xrun.log,False,True,True
737,BF0369_SA0,BF0369_SA1,0,BL00369,BS030474,cv32e40p_load_store_unit_PULP_OBI0|g454|B2,lsu_mem,n_552,combinational_output,22,gt_8,g454,OAI22_X1,B2,combinational_input,lsu_mem|combinational_output|gt_8,NOT_RUN,PENDING,,/raid/spring2026/fwu44/research/fault2assertion/faults/cv32e40p/branchfault/BF0369_SA0/results/crc32/screen_seed20260729_mc2000000,/raid/spring2026/fwu44/research/fault2assertion/faults/cv32e40p/branchfault/BF0369_SA0/results/crc32/screen_seed20260729_mc2000000/xrun.log,False,True,True
738,BF0369_SA1,BF0369_SA0,1,BL00369,BS030474,cv32e40p_load_store_unit_PULP_OBI0|g454|B2,lsu_mem,n_552,combinational_output,22,gt_8,g454,OAI22_X1,B2,combinational_input,lsu_mem|combinational_output|gt_8,NOT_RUN,PENDING,,/raid/spring2026/fwu44/research/fault2assertion/faults/cv32e40p/branchfault/BF0369_SA1/results/crc32/screen_seed20260729_mc2000000,/raid/spring2026/fwu44/research/fault2assertion/faults/cv32e40p/branchfault/BF0369_SA1/results/crc32/screen_seed20260729_mc2000000/xrun.log,False,True,True
739,BF0370_SA0,BF0370_SA1,0,BL00370,BS030475,cv32e40p_load_store_unit_PULP_OBI0|g455|B2,lsu_mem,n_552,combinational_output,22,gt_8,g455,OAI22_X1,B2,combinational_input,lsu_mem|combinational_output|gt_8,NOT_RUN,PENDING,,/raid/spring2026/fwu44/research/fault2assertion/faults/cv32e40p/branchfault/BF0370_SA0/results/crc32/screen_seed20260729_mc2000000,/raid/spring2026/fwu44/research/fault2assertion/faults/cv32e40p/branchfault/BF0370_SA0/results/crc32/screen_seed20260729_mc2000000/xrun.log,False,True,True
740,BF0370_SA1,BF0370_SA0,1,BL00370,BS030475,cv32e40p_load_store_unit_PULP_OBI0|g455|B2,lsu_mem,n_552,combinational_output,22,gt_8,g455,OAI22_X1,B2,combinational_input,lsu_mem|combinational_output|gt_8,NOT_RUN,PENDING,,/raid/spring2026/fwu44/research/fault2assertion/faults/cv32e40p/branchfault/BF0370_SA1/results/crc32/screen_seed20260729_mc2000000,/raid/spring2026/fwu44/research/fault2assertion/faults/cv32e40p/branchfault/BF0370_SA1/results/crc32/screen_seed20260729_mc2000000/xrun.log,False,True,True
741,BF0371_SA0,BF0371_SA1,0,BL00371,BS030489,cv32e40p_load_store_unit_PULP_OBI0|g12525|C2,lsu_mem,n_555,combinational_output,9,gt_8,g12525,OAI211_X1,C2,combinational_input,lsu_mem|combinational_output|gt_8,NOT_RUN,PENDING,,/raid/spring2026/fwu44/research/fault2assertion/faults/cv32e40p/branchfault/BF0371_SA0/results/crc32/screen_seed20260729_mc2000000,/raid/spring2026/fwu44/research/fault2assertion/faults/cv32e40p/branchfault/BF0371_SA0/results/crc32/screen_seed20260729_mc2000000/xrun.log,False,True,True
742,BF0371_SA1,BF0371_SA0,1,BL00371,BS030489,cv32e40p_load_store_unit_PULP_OBI0|g12525|C2,lsu_mem,n_555,combinational_output,9,gt_8,g12525,OAI211_X1,C2,combinational_input,lsu_mem|combinational_output|gt_8,NOT_RUN,PENDING,,/raid/spring2026/fwu44/research/fault2assertion/faults/cv32e40p/branchfault/BF0371_SA1/results/crc32/screen_seed20260729_mc2000000,/raid/spring2026/fwu44/research/fault2assertion/faults/cv32e40p/branchfault/BF0371_SA1/results/crc32/screen_seed20260729_mc2000000/xrun.log,False,True,True
743,BF0372_SA0,BF0372_SA1,0,BL00372,BS030518,cv32e40p_load_store_unit_PULP_OBI0|g442|B2,lsu_mem,n_558,combinational_output,18,gt_8,g442,AOI221_X1,B2,combinational_input,lsu_mem|combinational_output|gt_8,NOT_RUN,PENDING,,/raid/spring2026/fwu44/research/fault2assertion/faults/cv32e40p/branchfault/BF0372_SA0/results/crc32/screen_seed20260729_mc2000000,/raid/spring2026/fwu44/research/fault2assertion/faults/cv32e40p/branchfault/BF0372_SA0/results/crc32/screen_seed20260729_mc2000000/xrun.log,False,True,True
744,BF0372_SA1,BF0372_SA0,1,BL00372,BS030518,cv32e40p_load_store_unit_PULP_OBI0|g442|B2,lsu_mem,n_558,combinational_output,18,gt_8,g442,AOI221_X1,B2,combinational_input,lsu_mem|combinational_output|gt_8,NOT_RUN,PENDING,,/raid/spring2026/fwu44/research/fault2assertion/faults/cv32e40p/branchfault/BF0372_SA1/results/crc32/screen_seed20260729_mc2000000,/raid/spring2026/fwu44/research/fault2assertion/faults/cv32e40p/branchfault/BF0372_SA1/results/crc32/screen_seed20260729_mc2000000/xrun.log,False,True,True
745,BF0373_SA0,BF0373_SA1,0,BL00373,BS030630,cv32e40p_load_store_unit_PULP_OBI0|g437|B,lsu_mem,n_580,combinational_output,2,2,g437,MUX2_X1,B,combinational_input,lsu_mem|combinational_output|2,NOT_RUN,PENDING,,/raid/spring2026/fwu44/research/fault2assertion/faults/cv32e40p/branchfault/BF0373_SA0/results/crc32/screen_seed20260729_mc2000000,/raid/spring2026/fwu44/research/fault2assertion/faults/cv32e40p/branchfault/BF0373_SA0/results/crc32/screen_seed20260729_mc2000000/xrun.log,False,True,True
746,BF0373_SA1,BF0373_SA0,1,BL00373,BS030630,cv32e40p_load_store_unit_PULP_OBI0|g437|B,lsu_mem,n_580,combinational_output,2,2,g437,MUX2_X1,B,combinational_input,lsu_mem|combinational_output|2,NOT_RUN,PENDING,,/raid/spring2026/fwu44/research/fault2assertion/faults/cv32e40p/branchfault/BF0373_SA1/results/crc32/screen_seed20260729_mc2000000,/raid/spring2026/fwu44/research/fault2assertion/faults/cv32e40p/branchfault/BF0373_SA1/results/crc32/screen_seed20260729_mc2000000/xrun.log,False,True,True
747,BF0374_SA0,BF0374_SA1,0,BL00374,BS030652,cv32e40p_load_store_unit_PULP_OBI0|g12656|C2,lsu_mem,n_88,combinational_output,5,5_8,g12656,OAI221_X1,C2,combinational_input,lsu_mem|combinational_output|5_8,NOT_RUN,PENDING,,/raid/spring2026/fwu44/research/fault2assertion/faults/cv32e40p/branchfault/BF0374_SA0/results/crc32/screen_seed20260729_mc2000000,/raid/spring2026/fwu44/research/fault2assertion/faults/cv32e40p/branchfault/BF0374_SA0/results/crc32/screen_seed20260729_mc2000000/xrun.log,False,True,True
748,BF0374_SA1,BF0374_SA0,1,BL00374,BS030652,cv32e40p_load_store_unit_PULP_OBI0|g12656|C2,lsu_mem,n_88,combinational_output,5,5_8,g12656,OAI221_X1,C2,combinational_input,lsu_mem|combinational_output|5_8,NOT_RUN,PENDING,,/raid/spring2026/fwu44/research/fault2assertion/faults/cv32e40p/branchfault/BF0374_SA1/results/crc32/screen_seed20260729_mc2000000,/raid/spring2026/fwu44/research/fault2assertion/faults/cv32e40p/branchfault/BF0374_SA1/results/crc32/screen_seed20260729_mc2000000/xrun.log,False,True,True
749,BF0375_SA0,BF0375_SA1,0,BL00375,BS030660,cv32e40p_load_store_unit_PULP_OBI0|g8007|A2,lsu_mem,n_9,combinational_output,33,gt_8,g8007,AOI222_X1,A2,combinational_input,lsu_mem|combinational_output|gt_8,NOT_RUN,PENDING,,/raid/spring2026/fwu44/research/fault2assertion/faults/cv32e40p/branchfault/BF0375_SA0/results/crc32/screen_seed20260729_mc2000000,/raid/spring2026/fwu44/research/fault2assertion/faults/cv32e40p/branchfault/BF0375_SA0/results/crc32/screen_seed20260729_mc2000000/xrun.log,False,True,True
750,BF0375_SA1,BF0375_SA0,1,BL00375,BS030660,cv32e40p_load_store_unit_PULP_OBI0|g8007|A2,lsu_mem,n_9,combinational_output,33,gt_8,g8007,AOI222_X1,A2,combinational_input,lsu_mem|combinational_output|gt_8,NOT_RUN,PENDING,,/raid/spring2026/fwu44/research/fault2assertion/faults/cv32e40p/branchfault/BF0375_SA1/results/crc32/screen_seed20260729_mc2000000,/raid/spring2026/fwu44/research/fault2assertion/faults/cv32e40p/branchfault/BF0375_SA1/results/crc32/screen_seed20260729_mc2000000/xrun.log,False,True,True
751,BF0376_SA0,BF0376_SA1,0,BL00376,BS030789,cv32e40p_load_store_unit_PULP_OBI0|g12775|B2,lsu_mem,rdata_offset_q[1],sequential_output,28,gt_8,g12775,AOI22_X1,B2,combinational_input,lsu_mem|sequential_output|gt_8,NOT_RUN,PENDING,,/raid/spring2026/fwu44/research/fault2assertion/faults/cv32e40p/branchfault/BF0376_SA0/results/crc32/screen_seed20260729_mc2000000,/raid/spring2026/fwu44/research/fault2assertion/faults/cv32e40p/branchfault/BF0376_SA0/results/crc32/screen_seed20260729_mc2000000/xrun.log,False,True,True
752,BF0376_SA1,BF0376_SA0,1,BL00376,BS030789,cv32e40p_load_store_unit_PULP_OBI0|g12775|B2,lsu_mem,rdata_offset_q[1],sequential_output,28,gt_8,g12775,AOI22_X1,B2,combinational_input,lsu_mem|sequential_output|gt_8,NOT_RUN,PENDING,,/raid/spring2026/fwu44/research/fault2assertion/faults/cv32e40p/branchfault/BF0376_SA1/results/crc32/screen_seed20260729_mc2000000,/raid/spring2026/fwu44/research/fault2assertion/faults/cv32e40p/branchfault/BF0376_SA1/results/crc32/screen_seed20260729_mc2000000/xrun.log,False,True,True
753,BF0377_SA0,BF0377_SA1,0,BL00377,BS030794,cv32e40p_load_store_unit_PULP_OBI0|g453|A2,lsu_mem,rdata_offset_q[1],sequential_output,28,gt_8,g453,OAI22_X1,A2,combinational_input,lsu_mem|sequential_output|gt_8,NOT_RUN,PENDING,,/raid/spring2026/fwu44/research/fault2assertion/faults/cv32e40p/branchfault/BF0377_SA0/results/crc32/screen_seed20260729_mc2000000,/raid/spring2026/fwu44/research/fault2assertion/faults/cv32e40p/branchfault/BF0377_SA0/results/crc32/screen_seed20260729_mc2000000/xrun.log,False,True,True
754,BF0377_SA1,BF0377_SA0,1,BL00377,BS030794,cv32e40p_load_store_unit_PULP_OBI0|g453|A2,lsu_mem,rdata_offset_q[1],sequential_output,28,gt_8,g453,OAI22_X1,A2,combinational_input,lsu_mem|sequential_output|gt_8,NOT_RUN,PENDING,,/raid/spring2026/fwu44/research/fault2assertion/faults/cv32e40p/branchfault/BF0377_SA1/results/crc32/screen_seed20260729_mc2000000,/raid/spring2026/fwu44/research/fault2assertion/faults/cv32e40p/branchfault/BF0377_SA1/results/crc32/screen_seed20260729_mc2000000/xrun.log,False,True,True
755,BF0378_SA0,BF0378_SA1,0,BL00378,BS030812,cv32e40p_load_store_unit_PULP_OBI0|g8042|B2,lsu_mem,rdata_q[13],sequential_output,3,3_4,g8042,AOI222_X1,B2,combinational_input,lsu_mem|sequential_output|3_4,NOT_RUN,PENDING,,/raid/spring2026/fwu44/research/fault2assertion/faults/cv32e40p/branchfault/BF0378_SA0/results/crc32/screen_seed20260729_mc2000000,/raid/spring2026/fwu44/research/fault2assertion/faults/cv32e40p/branchfault/BF0378_SA0/results/crc32/screen_seed20260729_mc2000000/xrun.log,False,True,True
756,BF0378_SA1,BF0378_SA0,1,BL00378,BS030812,cv32e40p_load_store_unit_PULP_OBI0|g8042|B2,lsu_mem,rdata_q[13],sequential_output,3,3_4,g8042,AOI222_X1,B2,combinational_input,lsu_mem|sequential_output|3_4,NOT_RUN,PENDING,,/raid/spring2026/fwu44/research/fault2assertion/faults/cv32e40p/branchfault/BF0378_SA1/results/crc32/screen_seed20260729_mc2000000,/raid/spring2026/fwu44/research/fault2assertion/faults/cv32e40p/branchfault/BF0378_SA1/results/crc32/screen_seed20260729_mc2000000/xrun.log,False,True,True
757,BF0379_SA0,BF0379_SA1,0,BL00379,BS030854,cv32e40p_load_store_unit_PULP_OBI0|g12588|C1,lsu_mem,rdata_q[24],sequential_output,5,5_8,g12588,AOI222_X1,C1,combinational_input,lsu_mem|sequential_output|5_8,NOT_RUN,PENDING,,/raid/spring2026/fwu44/research/fault2assertion/faults/cv32e40p/branchfault/BF0379_SA0/results/crc32/screen_seed20260729_mc2000000,/raid/spring2026/fwu44/research/fault2assertion/faults/cv32e40p/branchfault/BF0379_SA0/results/crc32/screen_seed20260729_mc2000000/xrun.log,False,True,True
758,BF0379_SA1,BF0379_SA0,1,BL00379,BS030854,cv32e40p_load_store_unit_PULP_OBI0|g12588|C1,lsu_mem,rdata_q[24],sequential_output,5,5_8,g12588,AOI222_X1,C1,combinational_input,lsu_mem|sequential_output|5_8,NOT_RUN,PENDING,,/raid/spring2026/fwu44/research/fault2assertion/faults/cv32e40p/branchfault/BF0379_SA1/results/crc32/screen_seed20260729_mc2000000,/raid/spring2026/fwu44/research/fault2assertion/faults/cv32e40p/branchfault/BF0379_SA1/results/crc32/screen_seed20260729_mc2000000/xrun.log,False,True,True
759,BF0380_SA0,BF0380_SA1,0,BL00380,BS030858,cv32e40p_load_store_unit_PULP_OBI0|g12516|A,lsu_mem,rdata_q[25],sequential_output,5,5_8,g12516,MUX2_X1,A,combinational_input,lsu_mem|sequential_output|5_8,NOT_RUN,PENDING,,/raid/spring2026/fwu44/research/fault2assertion/faults/cv32e40p/branchfault/BF0380_SA0/results/crc32/screen_seed20260729_mc2000000,/raid/spring2026/fwu44/research/fault2assertion/faults/cv32e40p/branchfault/BF0380_SA0/results/crc32/screen_seed20260729_mc2000000/xrun.log,False,True,True
760,BF0380_SA1,BF0380_SA0,1,BL00380,BS030858,cv32e40p_load_store_unit_PULP_OBI0|g12516|A,lsu_mem,rdata_q[25],sequential_output,5,5_8,g12516,MUX2_X1,A,combinational_input,lsu_mem|sequential_output|5_8,NOT_RUN,PENDING,,/raid/spring2026/fwu44/research/fault2assertion/faults/cv32e40p/branchfault/BF0380_SA1/results/crc32/screen_seed20260729_mc2000000,/raid/spring2026/fwu44/research/fault2assertion/faults/cv32e40p/branchfault/BF0380_SA1/results/crc32/screen_seed20260729_mc2000000/xrun.log,False,True,True
